Data;Fonte de Datos;Buyer;Buyer Country;Provedor;País do Provedor;Código HS;Descrição do produto;Quantidade;Unidade;Valor;Direção Comercial;Método de Transporte;Tipo de Comércio;Proveedor Declarado;;;;;;;;;;;;;;;;;;;;;;;;;;;;;;;;;;;;;;;;;;;;;;;;;;;;;;;;;;;;;;;;;;;;;;;;;;;;;;;;;;;;;;;;;;;;;;;;;;;;;;;;;;;;;;;;;;;;;;;;;;;;;;;;;;;;;;;;;;;;;;;;;;;;;;;;;;;;;;;;;;;;;;;;;;;;;;;;;;;;;;;;;;;;;;;;;;;;;;;;;;;;;;;;;;;;;;;;;;;;;;;;;;;;;;;;;;;;;;;;;;
29/04/2026;USA - BILLS IMPORTS;VENTOS ESENCIAS Y QUIMICOS SA DE C;MEXICO;ERNESTO VENTOS S A;SPAIN;290519 - SATURATED MONOHYDRIC ALCOHOLS, OTHERS;ACYCLIC ALCOHOLS AND THEIR HALOGENATED, SULPH ONATE - INTO  PALLETS AROMA AND ESSENCES CH EMICAL (HAZ AND NON HAZ) HSC:   P KG NW: , KGS - GW: , KGS HAZARDOUS PRODUCTS  PKG NW: . KGS - GW: , KGS UN:  CLASS:  PG: III UN:  C LASS:  PG: III UN:  CLASS:  PG: III UN:  CLASS: .()PG: II UN:  CLASS:  P G: III UN:  CLASS:  PG: III;19.350,00;KILOGRAMS;1.854.954,86;IMPORT;MARITIME;BILLS;ERNESTO VENTOS S.A.;;;;;;;;;;;;;;;;;;;;;;;;;;;;;;;;;;;;;;;;;;;;;;;;;;;;;;;;;;;;;;;;;;;;;;;;;;;;;;;;;;;;;;;;;;;;;;;;;;;;;;;;;;;;;;;;;;;;;;;;;;;;;;;;;;;;;;;;;;;;;;;;;;;;;;;;;;;;;;;;;;;;;;;;;;;;;;;;;;;;;;;;;;;;;;;;;;;;;;;;;;;;;;;;;;;;;;;;;;;;;;;;;;;;;;;;;;;;;;;;;;
17/04/2026;USA - BILLS IMPORTS;ERNESTO VENTOS SA;SPAIN;AROMATICOS QUIMICOS POTOSINOS;MEXICO;330129 - ESSENTIAL OILS, OTHERS;ESSENTIAL OILS, N.O.S. AND GARLIC OIL DQG-;130,00;KILOGRAMS;9.376,82;IMPORT;MARITIME;BILLS;AROMATICOS QUIMICOS POTOSINOS, SA D;;;;;;;;;;;;;;;;;;;;;;;;;;;;;;;;;;;;;;;;;;;;;;;;;;;;;;;;;;;;;;;;;;;;;;;;;;;;;;;;;;;;;;;;;;;;;;;;;;;;;;;;;;;;;;;;;;;;;;;;;;;;;;;;;;;;;;;;;;;;;;;;;;;;;;;;;;;;;;;;;;;;;;;;;;;;;;;;;;;;;;;;;;;;;;;;;;;;;;;;;;;;;;;;;;;;;;;;;;;;;;;;;;;;;;;;;;;;;;;;;;
31/03/2026;PAKISTAN - IMPORT;CORNISH FOOD INDUSTRIES;PAKISTAN;ERNESTO VENTOS S.A;CHINA;33021090 - MIXTURES OF ODORIFERO(..) OF A KIND USED IN THE FOOD OR DRINK INDUSTRIES OF A KIND USED IN THE FOOD OR DRINK INDUSTRIES: OTHER;AROMATIC ESSENCES: (1). 2-ACETYLPYRAZINE (50 KG)  (2). 2-METHOXY-3(5/6)-METHYLPYRAZINE (1 KG)  (3).TRANS-2-TRANS-4-DECADIENAL (1 KG)  (4). 5-METHYL-2-PHENYL-2-HEXENAL (2 KG).;54,00;KILOGRAMS;7.723,67;IMPORT;NOT DECLARED;DECLARATIONS;ERNESTO VENTOS S.A;;;;;;;;;;;;;;;;;;;;;;;;;;;;;;;;;;;;;;;;;;;;;;;;;;;;;;;;;;;;;;;;;;;;;;;;;;;;;;;;;;;;;;;;;;;;;;;;;;;;;;;;;;;;;;;;;;;;;;;;;;;;;;;;;;;;;;;;;;;;;;;;;;;;;;;;;;;;;;;;;;;;;;;;;;;;;;;;;;;;;;;;;;;;;;;;;;;;;;;;;;;;;;;;;;;;;;;;;;;;;;;;;;;;;;;;;;;;;;;;;;
31/03/2026;PAKISTAN - IMPORT;CORNISH FOOD INDUSTRIES;PAKISTAN;ERNESTO VENTOS S.A;UNITED KINGDOM (UK);33021090 - MIXTURES OF ODORIFERO(..) OF A KIND USED IN THE FOOD OR DRINK INDUSTRIES OF A KIND USED IN THE FOOD OR DRINK INDUSTRIES: OTHER;AROMATIC ESSENCES: MILK LACTONE (3 KG).;3,00;KILOGRAMS;639,76;IMPORT;NOT DECLARED;DECLARATIONS;ERNESTO VENTOS S.A;;;;;;;;;;;;;;;;;;;;;;;;;;;;;;;;;;;;;;;;;;;;;;;;;;;;;;;;;;;;;;;;;;;;;;;;;;;;;;;;;;;;;;;;;;;;;;;;;;;;;;;;;;;;;;;;;;;;;;;;;;;;;;;;;;;;;;;;;;;;;;;;;;;;;;;;;;;;;;;;;;;;;;;;;;;;;;;;;;;;;;;;;;;;;;;;;;;;;;;;;;;;;;;;;;;;;;;;;;;;;;;;;;;;;;;;;;;;;;;;;;
31/03/2026;ECUADOR - IMPORT;FLORASINTESIS FRAGANCIAS Y AROMAS CIA. LTDA;ECUADOR;ERNESTO VENTOS;INDIA;2915310000 - SATURATED ACYCLIC MONOCARBOXYLIC ACIDS AND THEIR ANHYDRIDES, HALIDES, PEROXIDES AND P(..) ESTERS OF ACETIC ACID:ETHYL ACETATE;ETHYL ACETATE;420,00;KILOGRAMS;946,95;IMPORT;MARITIME;DECLARATIONS;ERNESTO VENTOS S.A.;;;;;;;;;;;;;;;;;;;;;;;;;;;;;;;;;;;;;;;;;;;;;;;;;;;;;;;;;;;;;;;;;;;;;;;;;;;;;;;;;;;;;;;;;;;;;;;;;;;;;;;;;;;;;;;;;;;;;;;;;;;;;;;;;;;;;;;;;;;;;;;;;;;;;;;;;;;;;;;;;;;;;;;;;;;;;;;;;;;;;;;;;;;;;;;;;;;;;;;;;;;;;;;;;;;;;;;;;;;;;;;;;;;;;;;;;;;;;;;;;;
31/03/2026;ECUADOR - IMPORT;FLORASINTESIS FRAGANCIAS Y AROMAS CIA. LTDA;ECUADOR;ERNESTO VENTOS;INDONESIA;3301299090 - ESSENTIAL OILS (TERPENELESS OR NOT), INCLUDING CONCRETE(..) ESSENTIAL OILS OTHER THAN THOSE OF CITRUS FRUIT:OTHER OTHER: OTHER;PATCHOULY DECOLORIZED 0 082530;200,00;KILOGRAMS;14.028,83;IMPORT;MARITIME;DECLARATIONS;ERNESTO VENTOS S.A.;;;;;;;;;;;;;;;;;;;;;;;;;;;;;;;;;;;;;;;;;;;;;;;;;;;;;;;;;;;;;;;;;;;;;;;;;;;;;;;;;;;;;;;;;;;;;;;;;;;;;;;;;;;;;;;;;;;;;;;;;;;;;;;;;;;;;;;;;;;;;;;;;;;;;;;;;;;;;;;;;;;;;;;;;;;;;;;;;;;;;;;;;;;;;;;;;;;;;;;;;;;;;;;;;;;;;;;;;;;;;;;;;;;;;;;;;;;;;;;;;;
31/03/2026;ECUADOR - IMPORT;FLORASINTESIS FRAGANCIAS Y AROMAS CIA. LTDA;ECUADOR;ERNESTO VENTOS;CHINA;"2912299000 - ALDEHYDES, WHETHER OR NOT WITH OTHER OXYGEN FUNCTION; CYCLIC PO(..) CYCLIC ALDEHYDES WITHOUT OTHER OXYGEN FUNCTION:OTHER OTHER";CORANOL FIRMENICH 928130;10,00;KILOGRAMS;430,89;IMPORT;MARITIME;DECLARATIONS;ERNESTO VENTOS S.A.;;;;;;;;;;;;;;;;;;;;;;;;;;;;;;;;;;;;;;;;;;;;;;;;;;;;;;;;;;;;;;;;;;;;;;;;;;;;;;;;;;;;;;;;;;;;;;;;;;;;;;;;;;;;;;;;;;;;;;;;;;;;;;;;;;;;;;;;;;;;;;;;;;;;;;;;;;;;;;;;;;;;;;;;;;;;;;;;;;;;;;;;;;;;;;;;;;;;;;;;;;;;;;;;;;;;;;;;;;;;;;;;;;;;;;;;;;;;;;;;;;
31/03/2026;ECUADOR - IMPORT;FLORASINTESIS FRAGANCIAS Y AROMAS CIA. LTDA;ECUADOR;ERNESTO VENTOS;UNITED KINGDOM (UK);2914190000 - KETONES AND QUINONES, WHETHER OR NOT WITH OTHER OXYGEN FUNCTION, AND (..) ACYCLIC KETONES WITHOUT OTHER OXYGEN FUNCTION:OTHER;KOAVONE 0 074015;25,00;KILOGRAMS;551,13;IMPORT;MARITIME;DECLARATIONS;ERNESTO VENTOS S.A.;;;;;;;;;;;;;;;;;;;;;;;;;;;;;;;;;;;;;;;;;;;;;;;;;;;;;;;;;;;;;;;;;;;;;;;;;;;;;;;;;;;;;;;;;;;;;;;;;;;;;;;;;;;;;;;;;;;;;;;;;;;;;;;;;;;;;;;;;;;;;;;;;;;;;;;;;;;;;;;;;;;;;;;;;;;;;;;;;;;;;;;;;;;;;;;;;;;;;;;;;;;;;;;;;;;;;;;;;;;;;;;;;;;;;;;;;;;;;;;;;;
31/03/2026;ECUADOR - IMPORT;FLORASINTESIS FRAGANCIAS Y AROMAS CIA. LTDA;ECUADOR;ERNESTO VENTOS;CHINA;2914390000 - KETONES AND QUINONES, WHETHER OR NOT WITH OTHER OXYGEN FUNCTION, AND(..) AROMATIC KETONES WITHOUT OTHER OXYGEN FUNCTION:OTHER;KOHINOOL AMBER CARBINOL 0 074016;25,00;KILOGRAMS;1.644,63;IMPORT;MARITIME;DECLARATIONS;ERNESTO VENTOS S.A.;;;;;;;;;;;;;;;;;;;;;;;;;;;;;;;;;;;;;;;;;;;;;;;;;;;;;;;;;;;;;;;;;;;;;;;;;;;;;;;;;;;;;;;;;;;;;;;;;;;;;;;;;;;;;;;;;;;;;;;;;;;;;;;;;;;;;;;;;;;;;;;;;;;;;;;;;;;;;;;;;;;;;;;;;;;;;;;;;;;;;;;;;;;;;;;;;;;;;;;;;;;;;;;;;;;;;;;;;;;;;;;;;;;;;;;;;;;;;;;;;;
31/03/2026;ECUADOR - IMPORT;FLORASINTESIS FRAGANCIAS Y AROMAS CIA. LTDA;ECUADOR;ERNESTO VENTOS;BRAZIL;3301292000 - ESSENTIAL OILS (TERPENELESS OR NOT), INCLUDING CONCRET(..) ESSENTIAL OILS OTHER THAN THOSE OF CITRUS FRUIT:OTHER OF EUCALYPTUS;EUCALYPTUS CITRIODORA 0 069547;1.260,00;KILOGRAMS;20.517,16;IMPORT;MARITIME;DECLARATIONS;ERNESTO VENTOS S.A.;;;;;;;;;;;;;;;;;;;;;;;;;;;;;;;;;;;;;;;;;;;;;;;;;;;;;;;;;;;;;;;;;;;;;;;;;;;;;;;;;;;;;;;;;;;;;;;;;;;;;;;;;;;;;;;;;;;;;;;;;;;;;;;;;;;;;;;;;;;;;;;;;;;;;;;;;;;;;;;;;;;;;;;;;;;;;;;;;;;;;;;;;;;;;;;;;;;;;;;;;;;;;;;;;;;;;;;;;;;;;;;;;;;;;;;;;;;;;;;;;;
31/03/2026;ECUADOR - IMPORT;FLORASINTESIS FRAGANCIAS Y AROMAS CIA. LTDA;ECUADOR;ERNESTO VENTOS;FRANCE;"2912299000 - ALDEHYDES, WHETHER OR NOT WITH OTHER OXYGEN FUNCTION; CYCLIC PO(..) CYCLIC ALDEHYDES WITHOUT OTHER OXYGEN FUNCTION:OTHER OTHER";ISO PULEGOL M EXTRA 0 073320;10,00;KILOGRAMS;764,07;IMPORT;MARITIME;DECLARATIONS;ERNESTO VENTOS S.A.;;;;;;;;;;;;;;;;;;;;;;;;;;;;;;;;;;;;;;;;;;;;;;;;;;;;;;;;;;;;;;;;;;;;;;;;;;;;;;;;;;;;;;;;;;;;;;;;;;;;;;;;;;;;;;;;;;;;;;;;;;;;;;;;;;;;;;;;;;;;;;;;;;;;;;;;;;;;;;;;;;;;;;;;;;;;;;;;;;;;;;;;;;;;;;;;;;;;;;;;;;;;;;;;;;;;;;;;;;;;;;;;;;;;;;;;;;;;;;;;;;
31/03/2026;ECUADOR - IMPORT;FLORASINTESIS FRAGANCIAS Y AROMAS CIA. LTDA;ECUADOR;ERNESTO VENTOS;INDIA;"1302199900 - VEGETABLE SAPS AND EXTRACTS; PECTIC SUBSTANCES, PECTINATES AND PECTATES; AG(..) VEGETABLE SAPS AND EXTRACTS:OTHER OTHER: OTHER";COCONUT OIL;185,00;KILOGRAMS;1.084,48;IMPORT;MARITIME;DECLARATIONS;ERNESTO VENTOS S.A.;;;;;;;;;;;;;;;;;;;;;;;;;;;;;;;;;;;;;;;;;;;;;;;;;;;;;;;;;;;;;;;;;;;;;;;;;;;;;;;;;;;;;;;;;;;;;;;;;;;;;;;;;;;;;;;;;;;;;;;;;;;;;;;;;;;;;;;;;;;;;;;;;;;;;;;;;;;;;;;;;;;;;;;;;;;;;;;;;;;;;;;;;;;;;;;;;;;;;;;;;;;;;;;;;;;;;;;;;;;;;;;;;;;;;;;;;;;;;;;;;;
31/03/2026;ECUADOR - IMPORT;FLORASINTESIS FRAGANCIAS Y AROMAS CIA. LTDA;ECUADOR;ERNESTO VENTOS;GERMANY;2916319000 - UNSATURATED       AC(..) AROMATIC MONOCARBOXYLIC ACIDS, THEIR ANHYDRIDES, HALIDES, PEROXIDES, PEROXYACIDS AND THEIR DERI(..) OTHER;PHENYL ETHYL PHENYL ACETATE 0 084340;100,00;KILOGRAMS;851,75;IMPORT;MARITIME;DECLARATIONS;ERNESTO VENTOS S.A.;;;;;;;;;;;;;;;;;;;;;;;;;;;;;;;;;;;;;;;;;;;;;;;;;;;;;;;;;;;;;;;;;;;;;;;;;;;;;;;;;;;;;;;;;;;;;;;;;;;;;;;;;;;;;;;;;;;;;;;;;;;;;;;;;;;;;;;;;;;;;;;;;;;;;;;;;;;;;;;;;;;;;;;;;;;;;;;;;;;;;;;;;;;;;;;;;;;;;;;;;;;;;;;;;;;;;;;;;;;;;;;;;;;;;;;;;;;;;;;;;;
31/03/2026;ECUADOR - IMPORT;FLORASINTESIS FRAGANCIAS Y AROMAS CIA. LTDA;ECUADOR;ERNESTO VENTOS;CHINA;2905194000 - ACYCLIC ALCOHOLS AND THEIR HALOGENATED, SULPHONATED, NITRATE(..) SATURATED MONOHYDRIC ALCOHOLS:OTHER DECYL ALCOHOLS (DECANOLS);ALCOHOL C 10 DECYL FCC 0 060500;170,00;KILOGRAMS;1.175,42;IMPORT;MARITIME;DECLARATIONS;ERNESTO VENTOS S.A.;;;;;;;;;;;;;;;;;;;;;;;;;;;;;;;;;;;;;;;;;;;;;;;;;;;;;;;;;;;;;;;;;;;;;;;;;;;;;;;;;;;;;;;;;;;;;;;;;;;;;;;;;;;;;;;;;;;;;;;;;;;;;;;;;;;;;;;;;;;;;;;;;;;;;;;;;;;;;;;;;;;;;;;;;;;;;;;;;;;;;;;;;;;;;;;;;;;;;;;;;;;;;;;;;;;;;;;;;;;;;;;;;;;;;;;;;;;;;;;;;;
31/03/2026;ECUADOR - IMPORT;FLORASINTESIS FRAGANCIAS Y AROMAS CIA. LTDA;ECUADOR;ERNESTO VENTOS;CHINA;2909200000 - ETHERS, ETHER-ALCOHO(..) CYCLANIC, CYCLENIC OR CYCLOTERPENIC ETHERS AND THEIR HALOGENATED, SULPHONATED, NITRATED OR NITROSATE(..);EUCALYPTOL NATURAL;720,00;KILOGRAMS;9.379,28;IMPORT;MARITIME;DECLARATIONS;ERNESTO VENTOS S.A.;;;;;;;;;;;;;;;;;;;;;;;;;;;;;;;;;;;;;;;;;;;;;;;;;;;;;;;;;;;;;;;;;;;;;;;;;;;;;;;;;;;;;;;;;;;;;;;;;;;;;;;;;;;;;;;;;;;;;;;;;;;;;;;;;;;;;;;;;;;;;;;;;;;;;;;;;;;;;;;;;;;;;;;;;;;;;;;;;;;;;;;;;;;;;;;;;;;;;;;;;;;;;;;;;;;;;;;;;;;;;;;;;;;;;;;;;;;;;;;;;;
31/03/2026;ECUADOR - IMPORT;FLORASINTESIS FRAGANCIAS Y AROMAS CIA. LTDA;ECUADOR;ERNESTO VENTOS;GERMANY;2918119000 - CARBOXYLIC ACIDS WIT(..) CARBOXYLIC ACIDS WITH ALCOHOL FUNCTION BUT WITHOUT OTHER OXYGEN FUNCTION, THEIR ANHYDRIDES, HAL(..) OTHER;ETHYL LACTATE NATURAL EU BESTALLY;1,00;KILOGRAMS;135,28;IMPORT;MARITIME;DECLARATIONS;ERNESTO VENTOS S.A.;;;;;;;;;;;;;;;;;;;;;;;;;;;;;;;;;;;;;;;;;;;;;;;;;;;;;;;;;;;;;;;;;;;;;;;;;;;;;;;;;;;;;;;;;;;;;;;;;;;;;;;;;;;;;;;;;;;;;;;;;;;;;;;;;;;;;;;;;;;;;;;;;;;;;;;;;;;;;;;;;;;;;;;;;;;;;;;;;;;;;;;;;;;;;;;;;;;;;;;;;;;;;;;;;;;;;;;;;;;;;;;;;;;;;;;;;;;;;;;;;;
31/03/2026;ECUADOR - IMPORT;FLORASINTESIS FRAGANCIAS Y AROMAS CIA. LTDA;ECUADOR;ERNESTO VENTOS;SWITZERLAND;"2912299000 - ALDEHYDES, WHETHER OR NOT WITH OTHER OXYGEN FUNCTION; CYCLIC PO(..) CYCLIC ALDEHYDES WITHOUT OTHER OXYGEN FUNCTION:OTHER OTHER";PHENYL ACETIC ALDEHYDE PURE FCC 0 083920;25,00;KILOGRAMS;1.039,64;IMPORT;MARITIME;DECLARATIONS;ERNESTO VENTOS S.A.;;;;;;;;;;;;;;;;;;;;;;;;;;;;;;;;;;;;;;;;;;;;;;;;;;;;;;;;;;;;;;;;;;;;;;;;;;;;;;;;;;;;;;;;;;;;;;;;;;;;;;;;;;;;;;;;;;;;;;;;;;;;;;;;;;;;;;;;;;;;;;;;;;;;;;;;;;;;;;;;;;;;;;;;;;;;;;;;;;;;;;;;;;;;;;;;;;;;;;;;;;;;;;;;;;;;;;;;;;;;;;;;;;;;;;;;;;;;;;;;;;
31/03/2026;ECUADOR - IMPORT;FLORASINTESIS FRAGANCIAS Y AROMAS CIA. LTDA;ECUADOR;ERNESTO VENTOS;INDIA;2914190000 - KETONES AND QUINONES, WHETHER OR NOT WITH OTHER OXYGEN FUNCTION, AND (..) ACYCLIC KETONES WITHOUT OTHER OXYGEN FUNCTION:OTHER;6 METHYL 5 HEPTEN 2 ONE 0 077480;25,00;KILOGRAMS;551,13;IMPORT;MARITIME;DECLARATIONS;ERNESTO VENTOS S.A.;;;;;;;;;;;;;;;;;;;;;;;;;;;;;;;;;;;;;;;;;;;;;;;;;;;;;;;;;;;;;;;;;;;;;;;;;;;;;;;;;;;;;;;;;;;;;;;;;;;;;;;;;;;;;;;;;;;;;;;;;;;;;;;;;;;;;;;;;;;;;;;;;;;;;;;;;;;;;;;;;;;;;;;;;;;;;;;;;;;;;;;;;;;;;;;;;;;;;;;;;;;;;;;;;;;;;;;;;;;;;;;;;;;;;;;;;;;;;;;;;;
31/03/2026;ECUADOR - IMPORT;FLORASINTESIS FRAGANCIAS Y AROMAS CIA. LTDA;ECUADOR;ERNESTO VENTOS;SWITZERLAND;3301299090 - ESSENTIAL OILS (TERPENELESS OR NOT), INCLUDING CONCRETE(..) ESSENTIAL OILS OTHER THAN THOSE OF CITRUS FRUIT:OTHER OTHER: OTHER;BAY OIL 0 062720;1,00;KILOGRAMS;315,65;IMPORT;MARITIME;DECLARATIONS;ERNESTO VENTOS S.A.;;;;;;;;;;;;;;;;;;;;;;;;;;;;;;;;;;;;;;;;;;;;;;;;;;;;;;;;;;;;;;;;;;;;;;;;;;;;;;;;;;;;;;;;;;;;;;;;;;;;;;;;;;;;;;;;;;;;;;;;;;;;;;;;;;;;;;;;;;;;;;;;;;;;;;;;;;;;;;;;;;;;;;;;;;;;;;;;;;;;;;;;;;;;;;;;;;;;;;;;;;;;;;;;;;;;;;;;;;;;;;;;;;;;;;;;;;;;;;;;;;
31/03/2026;ECUADOR - IMPORT;FLORASINTESIS FRAGANCIAS Y AROMAS CIA. LTDA;ECUADOR;ERNESTO VENTOS;NOT AVAILABLE;2909200000 - ETHERS, ETHER-ALCOHO(..) CYCLANIC, CYCLENIC OR CYCLOTERPENIC ETHERS AND THEIR HALOGENATED, SULPHONATED, NITRATED OR NITROSATE(..);AMBROX DL;0,68;KILOGRAMS;442,91;IMPORT;MARITIME;DECLARATIONS;ERNESTO VENTOS S.A.;;;;;;;;;;;;;;;;;;;;;;;;;;;;;;;;;;;;;;;;;;;;;;;;;;;;;;;;;;;;;;;;;;;;;;;;;;;;;;;;;;;;;;;;;;;;;;;;;;;;;;;;;;;;;;;;;;;;;;;;;;;;;;;;;;;;;;;;;;;;;;;;;;;;;;;;;;;;;;;;;;;;;;;;;;;;;;;;;;;;;;;;;;;;;;;;;;;;;;;;;;;;;;;;;;;;;;;;;;;;;;;;;;;;;;;;;;;;;;;;;;
31/03/2026;ECUADOR - IMPORT;FLORASINTESIS FRAGANCIAS Y AROMAS CIA. LTDA;ECUADOR;ERNESTO VENTOS;ISRAEL;3301299090 - ESSENTIAL OILS (TERPENELESS OR NOT), INCLUDING CONCRETE(..) ESSENTIAL OILS OTHER THAN THOSE OF CITRUS FRUIT:OTHER OTHER: OTHER;SAGE OIL OFFICINALIS;2,00;KILOGRAMS;250,51;IMPORT;MARITIME;DECLARATIONS;ERNESTO VENTOS S.A.;;;;;;;;;;;;;;;;;;;;;;;;;;;;;;;;;;;;;;;;;;;;;;;;;;;;;;;;;;;;;;;;;;;;;;;;;;;;;;;;;;;;;;;;;;;;;;;;;;;;;;;;;;;;;;;;;;;;;;;;;;;;;;;;;;;;;;;;;;;;;;;;;;;;;;;;;;;;;;;;;;;;;;;;;;;;;;;;;;;;;;;;;;;;;;;;;;;;;;;;;;;;;;;;;;;;;;;;;;;;;;;;;;;;;;;;;;;;;;;;;;
31/03/2026;ECUADOR - IMPORT;FLORASINTESIS FRAGANCIAS Y AROMAS CIA. LTDA;ECUADOR;ERNESTO VENTOS;FRANCE;"2912299000 - ALDEHYDES, WHETHER OR NOT WITH OTHER OXYGEN FUNCTION; CYCLIC PO(..) CYCLIC ALDEHYDES WITHOUT OTHER OXYGEN FUNCTION:OTHER OTHER";MUSCOR IFF;5,00;KILOGRAMS;2.971,11;IMPORT;MARITIME;DECLARATIONS;ERNESTO VENTOS S.A.;;;;;;;;;;;;;;;;;;;;;;;;;;;;;;;;;;;;;;;;;;;;;;;;;;;;;;;;;;;;;;;;;;;;;;;;;;;;;;;;;;;;;;;;;;;;;;;;;;;;;;;;;;;;;;;;;;;;;;;;;;;;;;;;;;;;;;;;;;;;;;;;;;;;;;;;;;;;;;;;;;;;;;;;;;;;;;;;;;;;;;;;;;;;;;;;;;;;;;;;;;;;;;;;;;;;;;;;;;;;;;;;;;;;;;;;;;;;;;;;;;
31/03/2026;ECUADOR - IMPORT;FLORASINTESIS FRAGANCIAS Y AROMAS CIA. LTDA;ECUADOR;ERNESTO VENTOS;FRANCE;"2925299000 - CARBOXYIMIDE -FUNCTION COMPOUNDS (INCLUDING SACCHARIN AND ITS SALT(..) IMINES AND THEIR DERIVATIVES; SALTS THEREOF:OTHER OTHER";INDOLEN 50 0 072000;5,00;KILOGRAMS;300,62;IMPORT;MARITIME;DECLARATIONS;ERNESTO VENTOS S.A.;;;;;;;;;;;;;;;;;;;;;;;;;;;;;;;;;;;;;;;;;;;;;;;;;;;;;;;;;;;;;;;;;;;;;;;;;;;;;;;;;;;;;;;;;;;;;;;;;;;;;;;;;;;;;;;;;;;;;;;;;;;;;;;;;;;;;;;;;;;;;;;;;;;;;;;;;;;;;;;;;;;;;;;;;;;;;;;;;;;;;;;;;;;;;;;;;;;;;;;;;;;;;;;;;;;;;;;;;;;;;;;;;;;;;;;;;;;;;;;;;;
31/03/2026;ECUADOR - IMPORT;FLORASINTESIS FRAGANCIAS Y AROMAS CIA. LTDA;ECUADOR;ERNESTO VENTOS;SPAIN;"2912299000 - ALDEHYDES, WHETHER OR NOT WITH OTHER OXYGEN FUNCTION; CYCLIC PO(..) CYCLIC ALDEHYDES WITHOUT OTHER OXYGEN FUNCTION:OTHER OTHER";ALCOHOL C 8 0 060460;5,00;KILOGRAMS;160,33;IMPORT;MARITIME;DECLARATIONS;ERNESTO VENTOS S.A.;;;;;;;;;;;;;;;;;;;;;;;;;;;;;;;;;;;;;;;;;;;;;;;;;;;;;;;;;;;;;;;;;;;;;;;;;;;;;;;;;;;;;;;;;;;;;;;;;;;;;;;;;;;;;;;;;;;;;;;;;;;;;;;;;;;;;;;;;;;;;;;;;;;;;;;;;;;;;;;;;;;;;;;;;;;;;;;;;;;;;;;;;;;;;;;;;;;;;;;;;;;;;;;;;;;;;;;;;;;;;;;;;;;;;;;;;;;;;;;;;;
31/03/2026;ECUADOR - IMPORT;FLORASINTESIS FRAGANCIAS Y AROMAS CIA. LTDA;ECUADOR;ERNESTO VENTOS;CHINA;3301299090 - ESSENTIAL OILS (TERPENELESS OR NOT), INCLUDING CONCRETE(..) ESSENTIAL OILS OTHER THAN THOSE OF CITRUS FRUIT:OTHER OTHER: OTHER;AGARWOOD RECONSTITUTED 0 060301;3,00;KILOGRAMS;940,93;IMPORT;MARITIME;DECLARATIONS;ERNESTO VENTOS S.A.;;;;;;;;;;;;;;;;;;;;;;;;;;;;;;;;;;;;;;;;;;;;;;;;;;;;;;;;;;;;;;;;;;;;;;;;;;;;;;;;;;;;;;;;;;;;;;;;;;;;;;;;;;;;;;;;;;;;;;;;;;;;;;;;;;;;;;;;;;;;;;;;;;;;;;;;;;;;;;;;;;;;;;;;;;;;;;;;;;;;;;;;;;;;;;;;;;;;;;;;;;;;;;;;;;;;;;;;;;;;;;;;;;;;;;;;;;;;;;;;;;
31/03/2026;ECUADOR - IMPORT;FLORASINTESIS FRAGANCIAS Y AROMAS CIA. LTDA;ECUADOR;ERNESTO VENTOS;SPAIN;"2912299000 - ALDEHYDES, WHETHER OR NOT WITH OTHER OXYGEN FUNCTION; CYCLIC PO(..) CYCLIC ALDEHYDES WITHOUT OTHER OXYGEN FUNCTION:OTHER OTHER";VERTOLIFF;5,00;KILOGRAMS;240,49;IMPORT;MARITIME;DECLARATIONS;ERNESTO VENTOS S.A.;;;;;;;;;;;;;;;;;;;;;;;;;;;;;;;;;;;;;;;;;;;;;;;;;;;;;;;;;;;;;;;;;;;;;;;;;;;;;;;;;;;;;;;;;;;;;;;;;;;;;;;;;;;;;;;;;;;;;;;;;;;;;;;;;;;;;;;;;;;;;;;;;;;;;;;;;;;;;;;;;;;;;;;;;;;;;;;;;;;;;;;;;;;;;;;;;;;;;;;;;;;;;;;;;;;;;;;;;;;;;;;;;;;;;;;;;;;;;;;;;;
31/03/2026;ECUADOR - IMPORT;FLORASINTESIS FRAGANCIAS Y AROMAS CIA. LTDA;ECUADOR;ERNESTO VENTOS;MOROCCO;3301299090 - ESSENTIAL OILS (TERPENELESS OR NOT), INCLUDING CONCRETE(..) ESSENTIAL OILS OTHER THAN THOSE OF CITRUS FRUIT:OTHER OTHER: OTHER;SAGE OIL SPANISH;10,00;KILOGRAMS;821,69;IMPORT;MARITIME;DECLARATIONS;ERNESTO VENTOS S.A.;;;;;;;;;;;;;;;;;;;;;;;;;;;;;;;;;;;;;;;;;;;;;;;;;;;;;;;;;;;;;;;;;;;;;;;;;;;;;;;;;;;;;;;;;;;;;;;;;;;;;;;;;;;;;;;;;;;;;;;;;;;;;;;;;;;;;;;;;;;;;;;;;;;;;;;;;;;;;;;;;;;;;;;;;;;;;;;;;;;;;;;;;;;;;;;;;;;;;;;;;;;;;;;;;;;;;;;;;;;;;;;;;;;;;;;;;;;;;;;;;;
31/03/2026;ECUADOR - IMPORT;FLORASINTESIS FRAGANCIAS Y AROMAS CIA. LTDA;ECUADOR;ERNESTO VENTOS;INDIA;"3301300000 - ESSENTIAL OILS (TERPENELESS OR NOT), INCLUDING CONCRETES AND ABSOLUTES; RESINOIDS; EXTRACTED OLEORESINS; CONCEN(..) RESINOIDS";LABDANUM RESIN C PURE 0 074273;10,00;KILOGRAMS;1.122,31;IMPORT;MARITIME;DECLARATIONS;ERNESTO VENTOS S.A.;;;;;;;;;;;;;;;;;;;;;;;;;;;;;;;;;;;;;;;;;;;;;;;;;;;;;;;;;;;;;;;;;;;;;;;;;;;;;;;;;;;;;;;;;;;;;;;;;;;;;;;;;;;;;;;;;;;;;;;;;;;;;;;;;;;;;;;;;;;;;;;;;;;;;;;;;;;;;;;;;;;;;;;;;;;;;;;;;;;;;;;;;;;;;;;;;;;;;;;;;;;;;;;;;;;;;;;;;;;;;;;;;;;;;;;;;;;;;;;;;;
31/03/2026;ECUADOR - IMPORT;FLORASINTESIS FRAGANCIAS Y AROMAS CIA. LTDA;ECUADOR;ERNESTO VENTOS;INDIA;2909309000 - ETHERS, ETHER-ALCOHOLS, ETHER(..) AROMATIC ETHERS AND THEIR HALOGENATED, SULPHONATED, NITRATED OR NITROSATED DERIVATIVES OTHER;METHYL PARA CRESOL 0 078060;25,00;KILOGRAMS;331,93;IMPORT;MARITIME;DECLARATIONS;ERNESTO VENTOS S.A.;;;;;;;;;;;;;;;;;;;;;;;;;;;;;;;;;;;;;;;;;;;;;;;;;;;;;;;;;;;;;;;;;;;;;;;;;;;;;;;;;;;;;;;;;;;;;;;;;;;;;;;;;;;;;;;;;;;;;;;;;;;;;;;;;;;;;;;;;;;;;;;;;;;;;;;;;;;;;;;;;;;;;;;;;;;;;;;;;;;;;;;;;;;;;;;;;;;;;;;;;;;;;;;;;;;;;;;;;;;;;;;;;;;;;;;;;;;;;;;;;;
31/03/2026;ECUADOR - IMPORT;FLORASINTESIS FRAGANCIAS Y AROMAS CIA. LTDA;ECUADOR;ERNESTO VENTOS;INDIA;2922499000 - OXYGEN-FUNCTION AMIN(..) AMINO-ACIDS, OTHER THAN THOSE CONTAINING MORE THAN ONE KIND OF OXYGEN FUNCTION, AND THEIR ESTER(..) OTHER;ETHYL ANTHRANILATE 0 069020;25,00;KILOGRAMS;626,29;IMPORT;MARITIME;DECLARATIONS;ERNESTO VENTOS S.A.;;;;;;;;;;;;;;;;;;;;;;;;;;;;;;;;;;;;;;;;;;;;;;;;;;;;;;;;;;;;;;;;;;;;;;;;;;;;;;;;;;;;;;;;;;;;;;;;;;;;;;;;;;;;;;;;;;;;;;;;;;;;;;;;;;;;;;;;;;;;;;;;;;;;;;;;;;;;;;;;;;;;;;;;;;;;;;;;;;;;;;;;;;;;;;;;;;;;;;;;;;;;;;;;;;;;;;;;;;;;;;;;;;;;;;;;;;;;;;;;;;
31/03/2026;ECUADOR - IMPORT;FLORASINTESIS FRAGANCIAS Y AROMAS CIA. LTDA;ECUADOR;ERNESTO VENTOS;SPAIN;2914299000 - KETONES AND QUINONES, WHETHER OR NOT(..) CYCLANIC, CYCLENIC OR CYCLOTERPENIC KETONES WITHOUT OTHER OXYGEN FUNCTION:OTHER OTHER;ISOLONGIFOLANONE PICONIA 0 084590;25,00;KILOGRAMS;551,13;IMPORT;MARITIME;DECLARATIONS;ERNESTO VENTOS S.A.;;;;;;;;;;;;;;;;;;;;;;;;;;;;;;;;;;;;;;;;;;;;;;;;;;;;;;;;;;;;;;;;;;;;;;;;;;;;;;;;;;;;;;;;;;;;;;;;;;;;;;;;;;;;;;;;;;;;;;;;;;;;;;;;;;;;;;;;;;;;;;;;;;;;;;;;;;;;;;;;;;;;;;;;;;;;;;;;;;;;;;;;;;;;;;;;;;;;;;;;;;;;;;;;;;;;;;;;;;;;;;;;;;;;;;;;;;;;;;;;;;
31/03/2026;ECUADOR - IMPORT;FLORASINTESIS FRAGANCIAS Y AROMAS CIA. LTDA;ECUADOR;ERNESTO VENTOS;SPAIN;"3301199000 - ESSENTIAL OILS (TERPENELESS OR NOT), INCLUDING CONCRETES AND ABSOLUTES; RESINOI(..) ESSENTIAL OILS OF CITRUS FRUIT:OTHER OTHER";ACEITE DE MANDARINA INCOLORO 0 076875;5,00;KILOGRAMS;325,67;IMPORT;MARITIME;DECLARATIONS;ERNESTO VENTOS S.A.;;;;;;;;;;;;;;;;;;;;;;;;;;;;;;;;;;;;;;;;;;;;;;;;;;;;;;;;;;;;;;;;;;;;;;;;;;;;;;;;;;;;;;;;;;;;;;;;;;;;;;;;;;;;;;;;;;;;;;;;;;;;;;;;;;;;;;;;;;;;;;;;;;;;;;;;;;;;;;;;;;;;;;;;;;;;;;;;;;;;;;;;;;;;;;;;;;;;;;;;;;;;;;;;;;;;;;;;;;;;;;;;;;;;;;;;;;;;;;;;;;
31/03/2026;ECUADOR - IMPORT;FLORASINTESIS FRAGANCIAS Y AROMAS CIA. LTDA;ECUADOR;ERNESTO VENTOS;CHINA;3301299090 - ESSENTIAL OILS (TERPENELESS OR NOT), INCLUDING CONCRETE(..) ESSENTIAL OILS OTHER THAN THOSE OF CITRUS FRUIT:OTHER OTHER: OTHER;PATCHOULI BYP;50,00;KILOGRAMS;2.956,08;IMPORT;MARITIME;DECLARATIONS;ERNESTO VENTOS S.A.;;;;;;;;;;;;;;;;;;;;;;;;;;;;;;;;;;;;;;;;;;;;;;;;;;;;;;;;;;;;;;;;;;;;;;;;;;;;;;;;;;;;;;;;;;;;;;;;;;;;;;;;;;;;;;;;;;;;;;;;;;;;;;;;;;;;;;;;;;;;;;;;;;;;;;;;;;;;;;;;;;;;;;;;;;;;;;;;;;;;;;;;;;;;;;;;;;;;;;;;;;;;;;;;;;;;;;;;;;;;;;;;;;;;;;;;;;;;;;;;;;
31/03/2026;ECUADOR - IMPORT;FLORASINTESIS FRAGANCIAS Y AROMAS CIA. LTDA;ECUADOR;ERNESTO VENTOS;CHINA;"2915299000 - SATURATED ACYCLIC MONOCARBOXYLIC ACIDS AND THEIR ANHYDRIDES, HALID(..) ACETIC ACID AND ITS SALTS; ACETIC ANHYDRIDE:OTHER OTHER";CONIFERAN 0 067180;50,00;KILOGRAMS;1.402,88;IMPORT;MARITIME;DECLARATIONS;ERNESTO VENTOS S.A.;;;;;;;;;;;;;;;;;;;;;;;;;;;;;;;;;;;;;;;;;;;;;;;;;;;;;;;;;;;;;;;;;;;;;;;;;;;;;;;;;;;;;;;;;;;;;;;;;;;;;;;;;;;;;;;;;;;;;;;;;;;;;;;;;;;;;;;;;;;;;;;;;;;;;;;;;;;;;;;;;;;;;;;;;;;;;;;;;;;;;;;;;;;;;;;;;;;;;;;;;;;;;;;;;;;;;;;;;;;;;;;;;;;;;;;;;;;;;;;;;;
31/03/2026;ECUADOR - IMPORT;FLORASINTESIS FRAGANCIAS Y AROMAS CIA. LTDA;ECUADOR;ERNESTO VENTOS;GERMANY;"2905192000 - ACYCLIC ALCOHOLS AND THEI(..) SATURATED MONOHYDRIC ALCOHOLS:OTHER OTHER HEXIL ALCOHOLS (HEXANOLS); HEPTYL ALCOHOLS (HEPTANOLS)";ALCOHOL C 6 HEXILICO 0 071440;100,00;KILOGRAMS;726,49;IMPORT;MARITIME;DECLARATIONS;ERNESTO VENTOS S.A.;;;;;;;;;;;;;;;;;;;;;;;;;;;;;;;;;;;;;;;;;;;;;;;;;;;;;;;;;;;;;;;;;;;;;;;;;;;;;;;;;;;;;;;;;;;;;;;;;;;;;;;;;;;;;;;;;;;;;;;;;;;;;;;;;;;;;;;;;;;;;;;;;;;;;;;;;;;;;;;;;;;;;;;;;;;;;;;;;;;;;;;;;;;;;;;;;;;;;;;;;;;;;;;;;;;;;;;;;;;;;;;;;;;;;;;;;;;;;;;;;;
31/03/2026;ECUADOR - IMPORT;FLORASINTESIS FRAGANCIAS Y AROMAS CIA. LTDA;ECUADOR;ERNESTO VENTOS;CHINA;"2912299000 - ALDEHYDES, WHETHER OR NOT WITH OTHER OXYGEN FUNCTION; CYCLIC PO(..) CYCLIC ALDEHYDES WITHOUT OTHER OXYGEN FUNCTION:OTHER OTHER";FENCHOL;100,00;KILOGRAMS;1.427,93;IMPORT;MARITIME;DECLARATIONS;ERNESTO VENTOS S.A.;;;;;;;;;;;;;;;;;;;;;;;;;;;;;;;;;;;;;;;;;;;;;;;;;;;;;;;;;;;;;;;;;;;;;;;;;;;;;;;;;;;;;;;;;;;;;;;;;;;;;;;;;;;;;;;;;;;;;;;;;;;;;;;;;;;;;;;;;;;;;;;;;;;;;;;;;;;;;;;;;;;;;;;;;;;;;;;;;;;;;;;;;;;;;;;;;;;;;;;;;;;;;;;;;;;;;;;;;;;;;;;;;;;;;;;;;;;;;;;;;;
31/03/2026;ECUADOR - IMPORT;FLORASINTESIS FRAGANCIAS Y AROMAS CIA. LTDA;ECUADOR;ERNESTO VENTOS;CHINA;2932999000 - HETEROCYCLIC COMPOUNDS WITH OXYGEN HETERO-ATOM(S) ONLY. OTHER:OTHER OTHER;SANDALORE 0 086878;100,00;KILOGRAMS;1.578,24;IMPORT;MARITIME;DECLARATIONS;ERNESTO VENTOS S.A.;;;;;;;;;;;;;;;;;;;;;;;;;;;;;;;;;;;;;;;;;;;;;;;;;;;;;;;;;;;;;;;;;;;;;;;;;;;;;;;;;;;;;;;;;;;;;;;;;;;;;;;;;;;;;;;;;;;;;;;;;;;;;;;;;;;;;;;;;;;;;;;;;;;;;;;;;;;;;;;;;;;;;;;;;;;;;;;;;;;;;;;;;;;;;;;;;;;;;;;;;;;;;;;;;;;;;;;;;;;;;;;;;;;;;;;;;;;;;;;;;;
31/03/2026;ECUADOR - IMPORT;FLORASINTESIS FRAGANCIAS Y AROMAS CIA. LTDA;ECUADOR;ERNESTO VENTOS;CHINA;"2912299000 - ALDEHYDES, WHETHER OR NOT WITH OTHER OXYGEN FUNCTION; CYCLIC PO(..) CYCLIC ALDEHYDES WITHOUT OTHER OXYGEN FUNCTION:OTHER OTHER";CIS 3 HEXEN 1 OL LF ALC 0 066060;170,00;KILOGRAMS;6.302,95;IMPORT;MARITIME;DECLARATIONS;ERNESTO VENTOS S.A.;;;;;;;;;;;;;;;;;;;;;;;;;;;;;;;;;;;;;;;;;;;;;;;;;;;;;;;;;;;;;;;;;;;;;;;;;;;;;;;;;;;;;;;;;;;;;;;;;;;;;;;;;;;;;;;;;;;;;;;;;;;;;;;;;;;;;;;;;;;;;;;;;;;;;;;;;;;;;;;;;;;;;;;;;;;;;;;;;;;;;;;;;;;;;;;;;;;;;;;;;;;;;;;;;;;;;;;;;;;;;;;;;;;;;;;;;;;;;;;;;;
31/03/2026;ECUADOR - IMPORT;FLORASINTESIS FRAGANCIAS Y AROMAS CIA. LTDA;ECUADOR;ERNESTO VENTOS;CHINA;2918999900 - CARBOXYLIC ACIDS WITH ADDITIONAL OXYGEN FUNCTION AND THEIR ANHYDRIDES, HALIDES, PEROXIDES AND PER(..) OTHER:OTHER OTHER: OTHER;ACETATO PA 0 060240;200,00;KILOGRAMS;1.913,93;IMPORT;MARITIME;DECLARATIONS;ERNESTO VENTOS S.A.;;;;;;;;;;;;;;;;;;;;;;;;;;;;;;;;;;;;;;;;;;;;;;;;;;;;;;;;;;;;;;;;;;;;;;;;;;;;;;;;;;;;;;;;;;;;;;;;;;;;;;;;;;;;;;;;;;;;;;;;;;;;;;;;;;;;;;;;;;;;;;;;;;;;;;;;;;;;;;;;;;;;;;;;;;;;;;;;;;;;;;;;;;;;;;;;;;;;;;;;;;;;;;;;;;;;;;;;;;;;;;;;;;;;;;;;;;;;;;;;;;
31/03/2026;ECUADOR - IMPORT;FLORASINTESIS FRAGANCIAS Y AROMAS CIA. LTDA;ECUADOR;ERNESTO VENTOS;CHINA;"2912299000 - ALDEHYDES, WHETHER OR NOT WITH OTHER OXYGEN FUNCTION; CYCLIC PO(..) CYCLIC ALDEHYDES WITHOUT OTHER OXYGEN FUNCTION:OTHER OTHER";BACDANOL BALINOL 0 062587;360,00;KILOGRAMS;5.320,93;IMPORT;MARITIME;DECLARATIONS;ERNESTO VENTOS S.A.;;;;;;;;;;;;;;;;;;;;;;;;;;;;;;;;;;;;;;;;;;;;;;;;;;;;;;;;;;;;;;;;;;;;;;;;;;;;;;;;;;;;;;;;;;;;;;;;;;;;;;;;;;;;;;;;;;;;;;;;;;;;;;;;;;;;;;;;;;;;;;;;;;;;;;;;;;;;;;;;;;;;;;;;;;;;;;;;;;;;;;;;;;;;;;;;;;;;;;;;;;;;;;;;;;;;;;;;;;;;;;;;;;;;;;;;;;;;;;;;;;
31/03/2026;COTE D'IVOIRE - IMPORT;OMNIUM DE REPRESENTATION SARL;CÔTE DIVOIRE;ERNESTO VENTOS CARRETERA REIAL 120B 08960;OTHERS;"3302100000 - MIXTURES OF ODORIFEROUS SUBSTANCES AND MIXTURES (INCLUDING ALCOHOLIC SOLUTIONS) WITH A BASIS OF THESE SUBSTANCES USED IN THE FOOD OR DRINK INDUSTRIES; 33021000; 3302100000";MIXTURES OF ODORIFEROUS OR LOW-ODOR SUBSTANCES;100,00;KG;1.991,78;IMPORT;NOT AVAILABLE;DECLARATIONS;ERNESTO VENTOS, SA CARRETERA REIAL, 120B. 08960 S;;;;;;;;;;;;;;;;;;;;;;;;;;;;;;;;;;;;;;;;;;;;;;;;;;;;;;;;;;;;;;;;;;;;;;;;;;;;;;;;;;;;;;;;;;;;;;;;;;;;;;;;;;;;;;;;;;;;;;;;;;;;;;;;;;;;;;;;;;;;;;;;;;;;;;;;;;;;;;;;;;;;;;;;;;;;;;;;;;;;;;;;;;;;;;;;;;;;;;;;;;;;;;;;;;;;;;;;;;;;;;;;;;;;;;;;;;;;;;;;;;
31/03/2026;COTE D'IVOIRE - IMPORT;OMNIUM DE REPRESENTATION SARL;CÔTE DIVOIRE;ERNESTO VENTOS CARRETERA REIAL 120B 08960;OTHERS;"3301130000 - ESSENTIAL CITRUS FRUIT OILS OF LEMON; 33011300; 3301130000";LEMON ESSENTIAL OILS;346,00;KG;2.651,11;IMPORT;NOT AVAILABLE;DECLARATIONS;ERNESTO VENTOS, SA CARRETERA REIAL, 120B. 08960 S;;;;;;;;;;;;;;;;;;;;;;;;;;;;;;;;;;;;;;;;;;;;;;;;;;;;;;;;;;;;;;;;;;;;;;;;;;;;;;;;;;;;;;;;;;;;;;;;;;;;;;;;;;;;;;;;;;;;;;;;;;;;;;;;;;;;;;;;;;;;;;;;;;;;;;;;;;;;;;;;;;;;;;;;;;;;;;;;;;;;;;;;;;;;;;;;;;;;;;;;;;;;;;;;;;;;;;;;;;;;;;;;;;;;;;;;;;;;;;;;;;
31/03/2026;COTE D'IVOIRE - IMPORT;OMNIUM DE REPRESENTATION SARL;CÔTE DIVOIRE;ERNESTO VENTOS CARRETERA REIAL 120B 08960;OTHERS;2932190000 - HETEROCYCLIC COMPOUNDS WI(..) COMPOUNDS CONTAINING AN UNFUSED FURAN RING (WHETHER OR NOT HYDROGENATED) IN THE STRUCTURE:OTHER;OTHER HETEROCYCLIC COMPOUNDS WITH HETEROA;500,00;KG;15.155,96;IMPORT;NOT AVAILABLE;DECLARATIONS;ERNESTO VENTOS, SA CARRETERA REIAL, 120B. 08960 S;;;;;;;;;;;;;;;;;;;;;;;;;;;;;;;;;;;;;;;;;;;;;;;;;;;;;;;;;;;;;;;;;;;;;;;;;;;;;;;;;;;;;;;;;;;;;;;;;;;;;;;;;;;;;;;;;;;;;;;;;;;;;;;;;;;;;;;;;;;;;;;;;;;;;;;;;;;;;;;;;;;;;;;;;;;;;;;;;;;;;;;;;;;;;;;;;;;;;;;;;;;;;;;;;;;;;;;;;;;;;;;;;;;;;;;;;;;;;;;;;;
30/03/2026;PAKISTAN - IMPORT;INTERNATIONAL FRAGRANCE CORPORATION;PAKISTAN;ERNESTO VENTOS S.A;SPAIN;29153990 - SATURATED ACYCLIC MONOCARBOXYLIC ACIDS AND THEIR ANHYDRIDE(..) ESTERS OF ACETIC ACID:OTHER ESTERS OF ACETIC ACID: OTHER: OTHER;VETIVERYL ACETATE EXTRA (EX-VETIVER HAITI). QTY. 30 KG;30,00;KILOGRAMS;19.793,23;IMPORT;NOT DECLARED;DECLARATIONS;ERNESTO VENTOS S.A;;;;;;;;;;;;;;;;;;;;;;;;;;;;;;;;;;;;;;;;;;;;;;;;;;;;;;;;;;;;;;;;;;;;;;;;;;;;;;;;;;;;;;;;;;;;;;;;;;;;;;;;;;;;;;;;;;;;;;;;;;;;;;;;;;;;;;;;;;;;;;;;;;;;;;;;;;;;;;;;;;;;;;;;;;;;;;;;;;;;;;;;;;;;;;;;;;;;;;;;;;;;;;;;;;;;;;;;;;;;;;;;;;;;;;;;;;;;;;;;;;
30/03/2026;ECUADOR - IMPORT;FLORASINTESIS FRAGANCIAS Y AROMAS CIA. LTDA;ECUADOR;ERNESTO VENTOS;SPAIN;9807204000 -   SAMPLES WITHOUT COMMERCIAL VALUE;MUESTRA DE ACEITES ESENCIALES;0,50;KILOGRAMS;4,22;IMPORT;AIR;DECLARATIONS;ERNESTO VENTOS S.A.;;;;;;;;;;;;;;;;;;;;;;;;;;;;;;;;;;;;;;;;;;;;;;;;;;;;;;;;;;;;;;;;;;;;;;;;;;;;;;;;;;;;;;;;;;;;;;;;;;;;;;;;;;;;;;;;;;;;;;;;;;;;;;;;;;;;;;;;;;;;;;;;;;;;;;;;;;;;;;;;;;;;;;;;;;;;;;;;;;;;;;;;;;;;;;;;;;;;;;;;;;;;;;;;;;;;;;;;;;;;;;;;;;;;;;;;;;;;;;;;;;
29/03/2026;USA - BILLS IMPORTS;KERRY INGREDIENTS AND FLAVOURS US A;UNITED STATES OF AMERICA;ERNESTO VENTOS S A;SPAIN;330112 - ESSENTIAL CITRUS FRUIT OILS OF ORANGE;INTO  PALLETS ORANGE OIL VALENCIA G ( ) HSC:  UN:  - CLASS:  - PG: I II;16.020,00;KILOGRAMS;267.179,06;IMPORT;MARITIME;BILLS;ERNESTO VENTOS S.A.;;;;;;;;;;;;;;;;;;;;;;;;;;;;;;;;;;;;;;;;;;;;;;;;;;;;;;;;;;;;;;;;;;;;;;;;;;;;;;;;;;;;;;;;;;;;;;;;;;;;;;;;;;;;;;;;;;;;;;;;;;;;;;;;;;;;;;;;;;;;;;;;;;;;;;;;;;;;;;;;;;;;;;;;;;;;;;;;;;;;;;;;;;;;;;;;;;;;;;;;;;;;;;;;;;;;;;;;;;;;;;;;;;;;;;;;;;;;;;;;;;
28/03/2026;ECUADOR - IMPORT;FLORASINTESIS FRAGANCIAS Y AROMAS CIA. LTDA;ECUADOR;ERNESTO VENTOS;SPAIN;9807204000 -   SAMPLES WITHOUT COMMERCIAL VALUE;MUESTRA DE ACEITES ESENCIALES;0,50;KILOGRAMS;4,22;IMPORT;AIR;DECLARATIONS;ERNESTO VENTOS S.A.;;;;;;;;;;;;;;;;;;;;;;;;;;;;;;;;;;;;;;;;;;;;;;;;;;;;;;;;;;;;;;;;;;;;;;;;;;;;;;;;;;;;;;;;;;;;;;;;;;;;;;;;;;;;;;;;;;;;;;;;;;;;;;;;;;;;;;;;;;;;;;;;;;;;;;;;;;;;;;;;;;;;;;;;;;;;;;;;;;;;;;;;;;;;;;;;;;;;;;;;;;;;;;;;;;;;;;;;;;;;;;;;;;;;;;;;;;;;;;;;;;
27/03/2026;PAKISTAN - IMPORT;FRANSCENT (PRIVATE) LIMITED;PAKISTAN;ERNESTO VENTOS S.A;SPAIN;29021920 - CYCLIC HYDROCARBONS. CYCLANES, CYCLENES AND CYCLOTERPENES(..) CYCLANES, CYCLENES AND CYCLOTERPENES: OTHER: LIMONENE(DIPENTENE);TERPINOLENE RECTIFIED (AROMATIC CHEMICAL C.A.S. NO.586-62-9);100,00;KILOGRAMS;1.779,42;IMPORT;NOT DECLARED;DECLARATIONS;ERNESTO VENTOS S.A;;;;;;;;;;;;;;;;;;;;;;;;;;;;;;;;;;;;;;;;;;;;;;;;;;;;;;;;;;;;;;;;;;;;;;;;;;;;;;;;;;;;;;;;;;;;;;;;;;;;;;;;;;;;;;;;;;;;;;;;;;;;;;;;;;;;;;;;;;;;;;;;;;;;;;;;;;;;;;;;;;;;;;;;;;;;;;;;;;;;;;;;;;;;;;;;;;;;;;;;;;;;;;;;;;;;;;;;;;;;;;;;;;;;;;;;;;;;;;;;;;
27/03/2026;COTE D'IVOIRE - IMPORT;OMNIUM DE REPRESENTATION SARL;CÔTE DIVOIRE;ERNESTO VENTOS CARRETERA REIAL 120B 08960;CHINA;2912420000 - ALDEHYDES, WHETHER O(..) ALDEHYDE-ETHERS, ALDEHYDE-PHENOLS AND ALDEHYDES WITH OTHER OXYGEN FUNCTION:ETHYLVANILLIN (3-ETHOXY-4(..);ETHYLVANILLIN (ETHYLPROTOCATECHUIC ALDEHYDE);300,00;KG;3.693,76;IMPORT;NOT AVAILABLE;DECLARATIONS;ERNESTO VENTOS, SA CARRETERA REIAL, 120B - 08960 S;;;;;;;;;;;;;;;;;;;;;;;;;;;;;;;;;;;;;;;;;;;;;;;;;;;;;;;;;;;;;;;;;;;;;;;;;;;;;;;;;;;;;;;;;;;;;;;;;;;;;;;;;;;;;;;;;;;;;;;;;;;;;;;;;;;;;;;;;;;;;;;;;;;;;;;;;;;;;;;;;;;;;;;;;;;;;;;;;;;;;;;;;;;;;;;;;;;;;;;;;;;;;;;;;;;;;;;;;;;;;;;;;;;;;;;;;;;;;;;;;;
26/03/2026;UKRAINE - IMPORT;??? ?????? ???? 369 02093 ? ???? ??? ????????????? ??? 26 ? ???????;UKRAINE;NOT DECLARED;CHINA;2914500000 - KETONES AND QUINONES, WHETHER OR NOT WITH OTHER OXYGEN FUNCTION, AN(..) KETONE-PHENOLS AND KETONES WITH OTHER OXYGEN FUNCTION;?????? ?? ??????, ?? ?????? ???? ??????? ??? ?? ??????? ???? ??????????? ????????????? ?????, ?? ?? ????????????, ??????????, ????????? ??? ??????????? ???????: - ???????????? ?? ??????, ?? ?????? ???? ??????? ???? ??????????? ????????????? ?????;0,01;KILOGRAMS;0,40;IMPORT;NOT CLASSIFIED;DECLARATIONS;ERNESTO VENTOS PASSEIG DE CAN SAGRERA N 38 POLIGON INDUSTRIAL SUD OEST SANT JUST DESV;;;;;;;;;;;;;;;;;;;;;;;;;;;;;;;;;;;;;;;;;;;;;;;;;;;;;;;;;;;;;;;;;;;;;;;;;;;;;;;;;;;;;;;;;;;;;;;;;;;;;;;;;;;;;;;;;;;;;;;;;;;;;;;;;;;;;;;;;;;;;;;;;;;;;;;;;;;;;;;;;;;;;;;;;;;;;;;;;;;;;;;;;;;;;;;;;;;;;;;;;;;;;;;;;;;;;;;;;;;;;;;;;;;;;;;;;;;;;;;;;;
26/03/2026;UKRAINE - IMPORT;??? ?????? ???? 369 02093 ? ???? ??? ????????????? ??? 26 ? ???????;UKRAINE;NOT DECLARED;CHINA;2917192000 - POLYCARBOXYLIC ACIDS(..) ACYCLIC POLYCARBOXYL(..) ETHANE-1,2-DICARBOXYLIC ACID OR BUTANEDIOIC ACID (SUCCINIC ACID) HAVING A BIO-BA(..);"??????? ?????????????, ?? ?????????, ????????????????, ????????? ?? ??????????????; ?? ????????????, ??????????, ????????? ??? ??????????? ???????: - ??????? ????????? ?????????????, ?? ?????????, ????????????????, ?????????, ?????????????? ?? ?? ???????: - - ????: - - - ?????????? ??????? (????-1,2-??????????? ???????, ????????, ?????????? ???????) ? 100-??????????? (???. %) ??????? ??????? ???????????? ?????????? (A BIO-BASED CARBON)";2,00;KILOGRAMS;198,28;IMPORT;NOT CLASSIFIED;DECLARATIONS;ERNESTO VENTOS PASSEIG DE CAN SAGRERA N 38 POLIGON INDUSTRIAL SUD OEST SANT JUST DESV;;;;;;;;;;;;;;;;;;;;;;;;;;;;;;;;;;;;;;;;;;;;;;;;;;;;;;;;;;;;;;;;;;;;;;;;;;;;;;;;;;;;;;;;;;;;;;;;;;;;;;;;;;;;;;;;;;;;;;;;;;;;;;;;;;;;;;;;;;;;;;;;;;;;;;;;;;;;;;;;;;;;;;;;;;;;;;;;;;;;;;;;;;;;;;;;;;;;;;;;;;;;;;;;;;;;;;;;;;;;;;;;;;;;;;;;;;;;;;;;;;
24/03/2026;ECUADOR - IMPORT;EXTRACTOS ANDINOS CA;ECUADOR;ERNESTO VENTOS;SPAIN;9807204000 -   SAMPLES WITHOUT COMMERCIAL VALUE;MUESTRAS DE N-VALERALDEHIDO;0,50;KILOGRAMS;3,76;IMPORT;AIR;DECLARATIONS;ERNESTO VENTOS S.A.;;;;;;;;;;;;;;;;;;;;;;;;;;;;;;;;;;;;;;;;;;;;;;;;;;;;;;;;;;;;;;;;;;;;;;;;;;;;;;;;;;;;;;;;;;;;;;;;;;;;;;;;;;;;;;;;;;;;;;;;;;;;;;;;;;;;;;;;;;;;;;;;;;;;;;;;;;;;;;;;;;;;;;;;;;;;;;;;;;;;;;;;;;;;;;;;;;;;;;;;;;;;;;;;;;;;;;;;;;;;;;;;;;;;;;;;;;;;;;;;;;
23/03/2026;MEXICO - PEDIMENTOS IMPORTS;VENTOS, ESENCIAS Y QUIMICOS SA DE CV;MEXICO;ERNESTO VENTOS, S.A;INDIA;2909301099 - ETHERS, ETHER-ALCOHO(..) AROMATIC ETHERS AND (..) AROMATIC ETHERS AND THEIR HALOGENATED, SULPHONATED, NITRATED OR NITROSATED DERIV(..);PARA-CRESIL METIL ESTER;200,00;KILOGRAMS;3.608,18;IMPORT;AIR;DECLARATIONS;ERNESTO VENTOS S.A.;;;;;;;;;;;;;;;;;;;;;;;;;;;;;;;;;;;;;;;;;;;;;;;;;;;;;;;;;;;;;;;;;;;;;;;;;;;;;;;;;;;;;;;;;;;;;;;;;;;;;;;;;;;;;;;;;;;;;;;;;;;;;;;;;;;;;;;;;;;;;;;;;;;;;;;;;;;;;;;;;;;;;;;;;;;;;;;;;;;;;;;;;;;;;;;;;;;;;;;;;;;;;;;;;;;;;;;;;;;;;;;;;;;;;;;;;;;;;;;;;;
20/03/2026;MEXICO - PEDIMENTOS IMPORTS;VENTOS, ESENCIAS Y QUIMICOS SA DE CV;MEXICO;ERNESTO VENTOS, S.A;CHINA;"3504000799 - PEPTONES AND THEIR D(..) PEPTONES AND THEIR D(..) PEPTONES AND THEIR DERIVATIVES; OTHER PROTEIN SUBSTANCES AND THEIR DERIVATIVES, (..)";TAUMATINA (THAUMATIN);1,00;KILOGRAMS;457,40;IMPORT;MARITIME;DECLARATIONS;ERNESTO VENTOS S.A.;;;;;;;;;;;;;;;;;;;;;;;;;;;;;;;;;;;;;;;;;;;;;;;;;;;;;;;;;;;;;;;;;;;;;;;;;;;;;;;;;;;;;;;;;;;;;;;;;;;;;;;;;;;;;;;;;;;;;;;;;;;;;;;;;;;;;;;;;;;;;;;;;;;;;;;;;;;;;;;;;;;;;;;;;;;;;;;;;;;;;;;;;;;;;;;;;;;;;;;;;;;;;;;;;;;;;;;;;;;;;;;;;;;;;;;;;;;;;;;;;;
20/03/2026;MEXICO - PEDIMENTOS IMPORTS;VENTOS, ESENCIAS Y QUIMICOS SA DE CV;MEXICO;ERNESTO VENTOS, S.A;INDIA;3301259100 - ESSENTIAL OILS (TERPENELESS OR NOT), INCLUDI(..) ESSENTIAL OILS OTHER THAN THOSE OF CITRUS FRUIT:OF OTHER MINTS OF OTHER MINTS;ACEITE ESENCIAL DE MENTA (MENTHA ARVENSIS OIL RECTIFIED 50);3.000,00;KILOGRAMS;42.547,24;IMPORT;MARITIME;DECLARATIONS;ERNESTO VENTOS S.A.;;;;;;;;;;;;;;;;;;;;;;;;;;;;;;;;;;;;;;;;;;;;;;;;;;;;;;;;;;;;;;;;;;;;;;;;;;;;;;;;;;;;;;;;;;;;;;;;;;;;;;;;;;;;;;;;;;;;;;;;;;;;;;;;;;;;;;;;;;;;;;;;;;;;;;;;;;;;;;;;;;;;;;;;;;;;;;;;;;;;;;;;;;;;;;;;;;;;;;;;;;;;;;;;;;;;;;;;;;;;;;;;;;;;;;;;;;;;;;;;;;
20/03/2026;MEXICO - PEDIMENTOS IMPORTS;VENTOS, ESENCIAS Y QUIMICOS SA DE CV;MEXICO;ERNESTO VENTOS, S.A;SPAIN;3302909900 - MIXTURES OF ODORIFEROUS SUBSTANCES AND MIXTURES (INCLUDING ALCOHOLIC SOLUTIONS) WITH A BASIS OF ONE OR MORE OF(..) OTHER OTHER;MEZCLA DE SUSTANCIAS ODORIFERAS (CIS-3-HEXENOL SUBSTITUTE);720,00;KILOGRAMS;14.083,44;IMPORT;MARITIME;DECLARATIONS;ERNESTO VENTOS S.A.;;;;;;;;;;;;;;;;;;;;;;;;;;;;;;;;;;;;;;;;;;;;;;;;;;;;;;;;;;;;;;;;;;;;;;;;;;;;;;;;;;;;;;;;;;;;;;;;;;;;;;;;;;;;;;;;;;;;;;;;;;;;;;;;;;;;;;;;;;;;;;;;;;;;;;;;;;;;;;;;;;;;;;;;;;;;;;;;;;;;;;;;;;;;;;;;;;;;;;;;;;;;;;;;;;;;;;;;;;;;;;;;;;;;;;;;;;;;;;;;;;
20/03/2026;MEXICO - PEDIMENTOS IMPORTS;VENTOS, ESENCIAS Y QUIMICOS SA DE CV;MEXICO;ERNESTO VENTOS, S.A;MOROCCO;3301299999 - ESSENTIAL OILS (TERPENELESS OR NOT), INCLUDING CONCRETE(..) ESSENTIAL OILS OTHER THAN THOSE OF CITRUS FRUIT:OTHER OTHER: OTHER;ACEITE DE ARTEMISA (ARTHEMISIA OIL);225,00;KILOGRAMS;28.560,29;IMPORT;MARITIME;DECLARATIONS;ERNESTO VENTOS S.A.;;;;;;;;;;;;;;;;;;;;;;;;;;;;;;;;;;;;;;;;;;;;;;;;;;;;;;;;;;;;;;;;;;;;;;;;;;;;;;;;;;;;;;;;;;;;;;;;;;;;;;;;;;;;;;;;;;;;;;;;;;;;;;;;;;;;;;;;;;;;;;;;;;;;;;;;;;;;;;;;;;;;;;;;;;;;;;;;;;;;;;;;;;;;;;;;;;;;;;;;;;;;;;;;;;;;;;;;;;;;;;;;;;;;;;;;;;;;;;;;;;
20/03/2026;MEXICO - PEDIMENTOS IMPORTS;VENTOS, ESENCIAS Y QUIMICOS SA DE CV;MEXICO;ERNESTO VENTOS, S.A;SPAIN;3302909900 - MIXTURES OF ODORIFEROUS SUBSTANCES AND MIXTURES (INCLUDING ALCOHOLIC SOLUTIONS) WITH A BASIS OF ONE OR MORE OF(..) OTHER OTHER;MEZCLAS DE SUSTANCIAS ODORIFERAS (ALDEHIDO TANGERINA VENTOS);50,00;KILOGRAMS;1.931,06;IMPORT;MARITIME;DECLARATIONS;ERNESTO VENTOS S.A.;;;;;;;;;;;;;;;;;;;;;;;;;;;;;;;;;;;;;;;;;;;;;;;;;;;;;;;;;;;;;;;;;;;;;;;;;;;;;;;;;;;;;;;;;;;;;;;;;;;;;;;;;;;;;;;;;;;;;;;;;;;;;;;;;;;;;;;;;;;;;;;;;;;;;;;;;;;;;;;;;;;;;;;;;;;;;;;;;;;;;;;;;;;;;;;;;;;;;;;;;;;;;;;;;;;;;;;;;;;;;;;;;;;;;;;;;;;;;;;;;;
20/03/2026;MEXICO - PEDIMENTOS IMPORTS;VENTOS, ESENCIAS Y QUIMICOS SA DE CV;MEXICO;ERNESTO VENTOS, S.A;SWITZERLAND;3302909900 - MIXTURES OF ODORIFEROUS SUBSTANCES AND MIXTURES (INCLUDING ALCOHOLIC SOLUTIONS) WITH A BASIS OF ONE OR MORE OF(..) OTHER OTHER;MEZCLA DE SUSTANCIAS ODORIFERAS (MANDARIN ALDEHYDE TOTAL 10 CITR. FIRMENICH 965766);25,00;KILOGRAMS;1.829,59;IMPORT;MARITIME;DECLARATIONS;ERNESTO VENTOS S.A.;;;;;;;;;;;;;;;;;;;;;;;;;;;;;;;;;;;;;;;;;;;;;;;;;;;;;;;;;;;;;;;;;;;;;;;;;;;;;;;;;;;;;;;;;;;;;;;;;;;;;;;;;;;;;;;;;;;;;;;;;;;;;;;;;;;;;;;;;;;;;;;;;;;;;;;;;;;;;;;;;;;;;;;;;;;;;;;;;;;;;;;;;;;;;;;;;;;;;;;;;;;;;;;;;;;;;;;;;;;;;;;;;;;;;;;;;;;;;;;;;;
20/03/2026;MEXICO - PEDIMENTOS IMPORTS;VENTOS, ESENCIAS Y QUIMICOS SA DE CV;MEXICO;ERNESTO VENTOS, S.A;SPAIN;3302909900 - MIXTURES OF ODORIFEROUS SUBSTANCES AND MIXTURES (INCLUDING ALCOHOLIC SOLUTIONS) WITH A BASIS OF ONE OR MORE OF(..) OTHER OTHER;MEZCLA DE ODORIFEROS TIPO MANDARINA (MANDARIN BYP);186,00;KILOGRAMS;4.328,68;IMPORT;MARITIME;DECLARATIONS;ERNESTO VENTOS S.A.;;;;;;;;;;;;;;;;;;;;;;;;;;;;;;;;;;;;;;;;;;;;;;;;;;;;;;;;;;;;;;;;;;;;;;;;;;;;;;;;;;;;;;;;;;;;;;;;;;;;;;;;;;;;;;;;;;;;;;;;;;;;;;;;;;;;;;;;;;;;;;;;;;;;;;;;;;;;;;;;;;;;;;;;;;;;;;;;;;;;;;;;;;;;;;;;;;;;;;;;;;;;;;;;;;;;;;;;;;;;;;;;;;;;;;;;;;;;;;;;;;
20/03/2026;MEXICO - PEDIMENTOS IMPORTS;VENTOS, ESENCIAS Y QUIMICOS SA DE CV;MEXICO;ERNESTO VENTOS, S.A;SPAIN;3302909900 - MIXTURES OF ODORIFEROUS SUBSTANCES AND MIXTURES (INCLUDING ALCOHOLIC SOLUTIONS) WITH A BASIS OF ONE OR MORE OF(..) OTHER OTHER;MEZCLA DE SUSTANCIAS ODORIFERAS (LAVANDIN OIL, GROSSO);800,00;KILOGRAMS;12.602,35;IMPORT;MARITIME;DECLARATIONS;ERNESTO VENTOS S.A.;;;;;;;;;;;;;;;;;;;;;;;;;;;;;;;;;;;;;;;;;;;;;;;;;;;;;;;;;;;;;;;;;;;;;;;;;;;;;;;;;;;;;;;;;;;;;;;;;;;;;;;;;;;;;;;;;;;;;;;;;;;;;;;;;;;;;;;;;;;;;;;;;;;;;;;;;;;;;;;;;;;;;;;;;;;;;;;;;;;;;;;;;;;;;;;;;;;;;;;;;;;;;;;;;;;;;;;;;;;;;;;;;;;;;;;;;;;;;;;;;;
20/03/2026;MEXICO - PEDIMENTOS IMPORTS;VENTOS, ESENCIAS Y QUIMICOS SA DE CV;MEXICO;ERNESTO VENTOS, S.A;INDONESIA;3301299999 - ESSENTIAL OILS (TERPENELESS OR NOT), INCLUDING CONCRETE(..) ESSENTIAL OILS OTHER THAN THOSE OF CITRUS FRUIT:OTHER OTHER: OTHER;ACEITE ESENCIAL DE PACHULI (PATCHOULI MD, 30);1.000,00;KILOGRAMS;62.512,07;IMPORT;MARITIME;DECLARATIONS;ERNESTO VENTOS S.A.;;;;;;;;;;;;;;;;;;;;;;;;;;;;;;;;;;;;;;;;;;;;;;;;;;;;;;;;;;;;;;;;;;;;;;;;;;;;;;;;;;;;;;;;;;;;;;;;;;;;;;;;;;;;;;;;;;;;;;;;;;;;;;;;;;;;;;;;;;;;;;;;;;;;;;;;;;;;;;;;;;;;;;;;;;;;;;;;;;;;;;;;;;;;;;;;;;;;;;;;;;;;;;;;;;;;;;;;;;;;;;;;;;;;;;;;;;;;;;;;;;
20/03/2026;MEXICO - PEDIMENTOS IMPORTS;VENTOS, ESENCIAS Y QUIMICOS SA DE CV;MEXICO;ERNESTO VENTOS, S.A;SPAIN;3302909900 - MIXTURES OF ODORIFEROUS SUBSTANCES AND MIXTURES (INCLUDING ALCOHOLIC SOLUTIONS) WITH A BASIS OF ONE OR MORE OF(..) OTHER OTHER;MEZCLA DE SUSTANCIAS ODORIFERAS (PETITGRAIN, N.I.);163,00;KILOGRAMS;3.810,90;IMPORT;MARITIME;DECLARATIONS;ERNESTO VENTOS S.A.;;;;;;;;;;;;;;;;;;;;;;;;;;;;;;;;;;;;;;;;;;;;;;;;;;;;;;;;;;;;;;;;;;;;;;;;;;;;;;;;;;;;;;;;;;;;;;;;;;;;;;;;;;;;;;;;;;;;;;;;;;;;;;;;;;;;;;;;;;;;;;;;;;;;;;;;;;;;;;;;;;;;;;;;;;;;;;;;;;;;;;;;;;;;;;;;;;;;;;;;;;;;;;;;;;;;;;;;;;;;;;;;;;;;;;;;;;;;;;;;;;
20/03/2026;MEXICO - PEDIMENTOS IMPORTS;VENTOS, ESENCIAS Y QUIMICOS SA DE CV;MEXICO;ERNESTO VENTOS, S.A;SPAIN;3302909900 - MIXTURES OF ODORIFEROUS SUBSTANCES AND MIXTURES (INCLUDING ALCOHOLIC SOLUTIONS) WITH A BASIS OF ONE OR MORE OF(..) OTHER OTHER;MEZCLA DE SUSTANCIAS ODORIFERAS (BLACK PEPPER N.I.);600,00;KILOGRAMS;12.135,97;IMPORT;MARITIME;DECLARATIONS;ERNESTO VENTOS S.A.;;;;;;;;;;;;;;;;;;;;;;;;;;;;;;;;;;;;;;;;;;;;;;;;;;;;;;;;;;;;;;;;;;;;;;;;;;;;;;;;;;;;;;;;;;;;;;;;;;;;;;;;;;;;;;;;;;;;;;;;;;;;;;;;;;;;;;;;;;;;;;;;;;;;;;;;;;;;;;;;;;;;;;;;;;;;;;;;;;;;;;;;;;;;;;;;;;;;;;;;;;;;;;;;;;;;;;;;;;;;;;;;;;;;;;;;;;;;;;;;;;
20/03/2026;MEXICO - PEDIMENTOS IMPORTS;VENTOS, ESENCIAS Y QUIMICOS SA DE CV;MEXICO;ERNESTO VENTOS, S.A;SPAIN;3302909900 - MIXTURES OF ODORIFEROUS SUBSTANCES AND MIXTURES (INCLUDING ALCOHOLIC SOLUTIONS) WITH A BASIS OF ONE OR MORE OF(..) OTHER OTHER;MEZCLA DE ODORIFEROS CON PATCHOULI (PATCHOULI BYP);400,00;KILOGRAMS;13.620,82;IMPORT;MARITIME;DECLARATIONS;ERNESTO VENTOS S.A.;;;;;;;;;;;;;;;;;;;;;;;;;;;;;;;;;;;;;;;;;;;;;;;;;;;;;;;;;;;;;;;;;;;;;;;;;;;;;;;;;;;;;;;;;;;;;;;;;;;;;;;;;;;;;;;;;;;;;;;;;;;;;;;;;;;;;;;;;;;;;;;;;;;;;;;;;;;;;;;;;;;;;;;;;;;;;;;;;;;;;;;;;;;;;;;;;;;;;;;;;;;;;;;;;;;;;;;;;;;;;;;;;;;;;;;;;;;;;;;;;;
20/03/2026;MEXICO - PEDIMENTOS IMPORTS;VENTOS, ESENCIAS Y QUIMICOS SA DE CV;MEXICO;ERNESTO VENTOS, S.A;SPAIN;3302909900 - MIXTURES OF ODORIFEROUS SUBSTANCES AND MIXTURES (INCLUDING ALCOHOLIC SOLUTIONS) WITH A BASIS OF ONE OR MORE OF(..) OTHER OTHER;MEZCLA DE SUSTANCIAS ODORIFERAS (CARDAMOM C);200,00;KILOGRAMS;17.582,85;IMPORT;MARITIME;DECLARATIONS;ERNESTO VENTOS S.A.;;;;;;;;;;;;;;;;;;;;;;;;;;;;;;;;;;;;;;;;;;;;;;;;;;;;;;;;;;;;;;;;;;;;;;;;;;;;;;;;;;;;;;;;;;;;;;;;;;;;;;;;;;;;;;;;;;;;;;;;;;;;;;;;;;;;;;;;;;;;;;;;;;;;;;;;;;;;;;;;;;;;;;;;;;;;;;;;;;;;;;;;;;;;;;;;;;;;;;;;;;;;;;;;;;;;;;;;;;;;;;;;;;;;;;;;;;;;;;;;;;
20/03/2026;MEXICO - PEDIMENTOS IMPORTS;VENTOS, ESENCIAS Y QUIMICOS SA DE CV;MEXICO;ERNESTO VENTOS, S.A;SPAIN;3302909900 - MIXTURES OF ODORIFEROUS SUBSTANCES AND MIXTURES (INCLUDING ALCOHOLIC SOLUTIONS) WITH A BASIS OF ONE OR MORE OF(..) OTHER OTHER;MEZCLA DE ODORIFEROS (ROSEWOOD OIL, N.I.);360,00;KILOGRAMS;6.767,56;IMPORT;MARITIME;DECLARATIONS;ERNESTO VENTOS S.A.;;;;;;;;;;;;;;;;;;;;;;;;;;;;;;;;;;;;;;;;;;;;;;;;;;;;;;;;;;;;;;;;;;;;;;;;;;;;;;;;;;;;;;;;;;;;;;;;;;;;;;;;;;;;;;;;;;;;;;;;;;;;;;;;;;;;;;;;;;;;;;;;;;;;;;;;;;;;;;;;;;;;;;;;;;;;;;;;;;;;;;;;;;;;;;;;;;;;;;;;;;;;;;;;;;;;;;;;;;;;;;;;;;;;;;;;;;;;;;;;;;
20/03/2026;MEXICO - PEDIMENTOS IMPORTS;VENTOS, ESENCIAS Y QUIMICOS SA DE CV;MEXICO;ERNESTO VENTOS, S.A;SPAIN;3301299999 - ESSENTIAL OILS (TERPENELESS OR NOT), INCLUDING CONCRETE(..) ESSENTIAL OILS OTHER THAN THOSE OF CITRUS FRUIT:OTHER OTHER: OTHER;ACEITE ESENCIAL DE CEDRO (CEDARWOOD OIL ATLAS SUPRA);1,00;KILOGRAMS;251,33;IMPORT;MARITIME;DECLARATIONS;ERNESTO VENTOS S.A.;;;;;;;;;;;;;;;;;;;;;;;;;;;;;;;;;;;;;;;;;;;;;;;;;;;;;;;;;;;;;;;;;;;;;;;;;;;;;;;;;;;;;;;;;;;;;;;;;;;;;;;;;;;;;;;;;;;;;;;;;;;;;;;;;;;;;;;;;;;;;;;;;;;;;;;;;;;;;;;;;;;;;;;;;;;;;;;;;;;;;;;;;;;;;;;;;;;;;;;;;;;;;;;;;;;;;;;;;;;;;;;;;;;;;;;;;;;;;;;;;;
20/03/2026;MEXICO - PEDIMENTOS IMPORTS;VENTOS, ESENCIAS Y QUIMICOS SA DE CV;MEXICO;ERNESTO VENTOS, S.A;SPAIN;3301299999 - ESSENTIAL OILS (TERPENELESS OR NOT), INCLUDING CONCRETE(..) ESSENTIAL OILS OTHER THAN THOSE OF CITRUS FRUIT:OTHER OTHER: OTHER;ACEITE DE CIPRES (CYPRESS OIL);380,00;KILOGRAMS;24.333,32;IMPORT;MARITIME;DECLARATIONS;ERNESTO VENTOS S.A.;;;;;;;;;;;;;;;;;;;;;;;;;;;;;;;;;;;;;;;;;;;;;;;;;;;;;;;;;;;;;;;;;;;;;;;;;;;;;;;;;;;;;;;;;;;;;;;;;;;;;;;;;;;;;;;;;;;;;;;;;;;;;;;;;;;;;;;;;;;;;;;;;;;;;;;;;;;;;;;;;;;;;;;;;;;;;;;;;;;;;;;;;;;;;;;;;;;;;;;;;;;;;;;;;;;;;;;;;;;;;;;;;;;;;;;;;;;;;;;;;;
20/03/2026;MEXICO - PEDIMENTOS IMPORTS;VENTOS, ESENCIAS Y QUIMICOS SA DE CV;MEXICO;ERNESTO VENTOS, S.A;INDIA;2926909999 - NITRILE -FUNCTION COMPOUNDS. OTHER OTHER: OTHER;CINAMIL NITRILO (CINNAMYL NITRILE (CINAMALVA));645,00;KILOGRAMS;17.075,10;IMPORT;MARITIME;DECLARATIONS;ERNESTO VENTOS S.A.;;;;;;;;;;;;;;;;;;;;;;;;;;;;;;;;;;;;;;;;;;;;;;;;;;;;;;;;;;;;;;;;;;;;;;;;;;;;;;;;;;;;;;;;;;;;;;;;;;;;;;;;;;;;;;;;;;;;;;;;;;;;;;;;;;;;;;;;;;;;;;;;;;;;;;;;;;;;;;;;;;;;;;;;;;;;;;;;;;;;;;;;;;;;;;;;;;;;;;;;;;;;;;;;;;;;;;;;;;;;;;;;;;;;;;;;;;;;;;;;;;
20/03/2026;MEXICO - PEDIMENTOS IMPORTS;VENTOS, ESENCIAS Y QUIMICOS SA DE CV;MEXICO;ERNESTO VENTOS, S.A;SPAIN;2930909999 - ORGANO-SULPHUR COMPOUNDS. OTHER OTHER: OTHER;8-MERCAPTO-PARA-MENTAN-3-ONA (THIOMENTHONE);25,00;KILOGRAMS;16.160,76;IMPORT;MARITIME;DECLARATIONS;ERNESTO VENTOS S.A.;;;;;;;;;;;;;;;;;;;;;;;;;;;;;;;;;;;;;;;;;;;;;;;;;;;;;;;;;;;;;;;;;;;;;;;;;;;;;;;;;;;;;;;;;;;;;;;;;;;;;;;;;;;;;;;;;;;;;;;;;;;;;;;;;;;;;;;;;;;;;;;;;;;;;;;;;;;;;;;;;;;;;;;;;;;;;;;;;;;;;;;;;;;;;;;;;;;;;;;;;;;;;;;;;;;;;;;;;;;;;;;;;;;;;;;;;;;;;;;;;;
20/03/2026;MEXICO - PEDIMENTOS IMPORTS;VENTOS, ESENCIAS Y QUIMICOS SA DE CV;MEXICO;ERNESTO VENTOS, S.A;SPAIN;2932999999 - HETEROCYCLIC COMPOUNDS WITH OXYGEN HETERO-ATOM(S) ONLY. OTHER:OTHER OTHER: OTHER;4,4,6-TRIMETIL-2-FENILMETIL-1,3-DIOXANO (RESEDA BODY);10,00;KILOGRAMS;1.519,50;IMPORT;MARITIME;DECLARATIONS;ERNESTO VENTOS S.A.;;;;;;;;;;;;;;;;;;;;;;;;;;;;;;;;;;;;;;;;;;;;;;;;;;;;;;;;;;;;;;;;;;;;;;;;;;;;;;;;;;;;;;;;;;;;;;;;;;;;;;;;;;;;;;;;;;;;;;;;;;;;;;;;;;;;;;;;;;;;;;;;;;;;;;;;;;;;;;;;;;;;;;;;;;;;;;;;;;;;;;;;;;;;;;;;;;;;;;;;;;;;;;;;;;;;;;;;;;;;;;;;;;;;;;;;;;;;;;;;;;
20/03/2026;MEXICO - PEDIMENTOS IMPORTS;VENTOS, ESENCIAS Y QUIMICOS SA DE CV;MEXICO;ERNESTO VENTOS, S.A;INDIA;2906199999 - CYCLIC ALCOHOLS AND THEIR HALOGENATED, SULPHONATED, NITRATED OR NIT(..) CYCLANIC, CYCLENIC OR CYCLOTERPENIC:OTHER OTHER: OTHER;CIS-4- 1-METILETIL -CICLOHEXAN METANOL MAYOL (MAYOL FIRMENICH 957230);180,00;KILOGRAMS;5.167,79;IMPORT;MARITIME;DECLARATIONS;ERNESTO VENTOS S.A.;;;;;;;;;;;;;;;;;;;;;;;;;;;;;;;;;;;;;;;;;;;;;;;;;;;;;;;;;;;;;;;;;;;;;;;;;;;;;;;;;;;;;;;;;;;;;;;;;;;;;;;;;;;;;;;;;;;;;;;;;;;;;;;;;;;;;;;;;;;;;;;;;;;;;;;;;;;;;;;;;;;;;;;;;;;;;;;;;;;;;;;;;;;;;;;;;;;;;;;;;;;;;;;;;;;;;;;;;;;;;;;;;;;;;;;;;;;;;;;;;;
20/03/2026;MEXICO - PEDIMENTOS IMPORTS;VENTOS, ESENCIAS Y QUIMICOS SA DE CV;MEXICO;ERNESTO VENTOS, S.A;INDIA;2915609999 - SATURATED ACYCLIC MONOCARBOXYLIC ACIDS AND THEIR ANHY(..) BUTANOIC ACIDS, PENTANOIC ACIDS, THEIR SALTS AND ESTERS OTHER: OTHER;ISOBUTIRATO DE MALTOL (MALTOL ISOBUTYRATE);25,00;KILOGRAMS;1.003,58;IMPORT;MARITIME;DECLARATIONS;ERNESTO VENTOS S.A.;;;;;;;;;;;;;;;;;;;;;;;;;;;;;;;;;;;;;;;;;;;;;;;;;;;;;;;;;;;;;;;;;;;;;;;;;;;;;;;;;;;;;;;;;;;;;;;;;;;;;;;;;;;;;;;;;;;;;;;;;;;;;;;;;;;;;;;;;;;;;;;;;;;;;;;;;;;;;;;;;;;;;;;;;;;;;;;;;;;;;;;;;;;;;;;;;;;;;;;;;;;;;;;;;;;;;;;;;;;;;;;;;;;;;;;;;;;;;;;;;;
20/03/2026;MEXICO - PEDIMENTOS IMPORTS;VENTOS, ESENCIAS Y QUIMICOS SA DE CV;MEXICO;ERNESTO VENTOS, S.A;GERMANY;2915399999 - SATURATED ACYCLIC MONOCARBOXYLIC ACIDS AND THEIR ANHYDRIDES, HALIDES, PEROXIDES A(..) ESTERS OF ACETIC ACID:OTHER OTHER: OTHER;ACETATO DE DECILO (DECYL ACETATE);10,00;KILOGRAMS;345,50;IMPORT;MARITIME;DECLARATIONS;ERNESTO VENTOS S.A.;;;;;;;;;;;;;;;;;;;;;;;;;;;;;;;;;;;;;;;;;;;;;;;;;;;;;;;;;;;;;;;;;;;;;;;;;;;;;;;;;;;;;;;;;;;;;;;;;;;;;;;;;;;;;;;;;;;;;;;;;;;;;;;;;;;;;;;;;;;;;;;;;;;;;;;;;;;;;;;;;;;;;;;;;;;;;;;;;;;;;;;;;;;;;;;;;;;;;;;;;;;;;;;;;;;;;;;;;;;;;;;;;;;;;;;;;;;;;;;;;;
20/03/2026;MEXICO - PEDIMENTOS IMPORTS;VENTOS, ESENCIAS Y QUIMICOS SA DE CV;MEXICO;ERNESTO VENTOS, S.A;SWITZERLAND;2906199901 - CYCLIC ALCOHOLS AND THEIR HALOGENATED, SULPHONATED, NITRATED O(..) CYCLANIC, CYCLENIC OR CYCLOTERPENIC:OTHER OTHER: TERPINEOLS;2,5-DIMETIL-2,3 DIHIDRO-1H INEDN METANOL (LILYFLORE FIRMENICH 955210);5,00;KILOGRAMS;1.118,03;IMPORT;MARITIME;DECLARATIONS;ERNESTO VENTOS S.A.;;;;;;;;;;;;;;;;;;;;;;;;;;;;;;;;;;;;;;;;;;;;;;;;;;;;;;;;;;;;;;;;;;;;;;;;;;;;;;;;;;;;;;;;;;;;;;;;;;;;;;;;;;;;;;;;;;;;;;;;;;;;;;;;;;;;;;;;;;;;;;;;;;;;;;;;;;;;;;;;;;;;;;;;;;;;;;;;;;;;;;;;;;;;;;;;;;;;;;;;;;;;;;;;;;;;;;;;;;;;;;;;;;;;;;;;;;;;;;;;;;
20/03/2026;MEXICO - PEDIMENTOS IMPORTS;VENTOS, ESENCIAS Y QUIMICOS SA DE CV;MEXICO;ERNESTO VENTOS, S.A;INDIA;2915130100 - SATURATED ACYCLIC MONOCARBOXYLIC ACIDS AND T(..) FORMIC ACID, ITS SALTS AND ESTERS:ESTERS OF FORMIC ACID ESTERS OF FORMIC ACID;FORMIATO DE FENIL ETILO (PHENYL ETHYL FORMATE);10,00;KILOGRAMS;187,99;IMPORT;MARITIME;DECLARATIONS;ERNESTO VENTOS S.A.;;;;;;;;;;;;;;;;;;;;;;;;;;;;;;;;;;;;;;;;;;;;;;;;;;;;;;;;;;;;;;;;;;;;;;;;;;;;;;;;;;;;;;;;;;;;;;;;;;;;;;;;;;;;;;;;;;;;;;;;;;;;;;;;;;;;;;;;;;;;;;;;;;;;;;;;;;;;;;;;;;;;;;;;;;;;;;;;;;;;;;;;;;;;;;;;;;;;;;;;;;;;;;;;;;;;;;;;;;;;;;;;;;;;;;;;;;;;;;;;;;
20/03/2026;MEXICO - PEDIMENTOS IMPORTS;VENTOS, ESENCIAS Y QUIMICOS SA DE CV;MEXICO;ERNESTO VENTOS, S.A;SPAIN;"2925299900 - CARBOXYIMIDE -FUNCTION COMPOUNDS (INCLUDING SACCHARIN AND ITS SALT(..) IMINES AND THEIR DERIVATIVES; SALTS THEREOF:OTHER OTHER";HIDROXICITRONELAL ANTRILATO DE METIL (AURANTIA VENTOS);200,00;KILOGRAMS;4.623,59;IMPORT;MARITIME;DECLARATIONS;ERNESTO VENTOS S.A.;;;;;;;;;;;;;;;;;;;;;;;;;;;;;;;;;;;;;;;;;;;;;;;;;;;;;;;;;;;;;;;;;;;;;;;;;;;;;;;;;;;;;;;;;;;;;;;;;;;;;;;;;;;;;;;;;;;;;;;;;;;;;;;;;;;;;;;;;;;;;;;;;;;;;;;;;;;;;;;;;;;;;;;;;;;;;;;;;;;;;;;;;;;;;;;;;;;;;;;;;;;;;;;;;;;;;;;;;;;;;;;;;;;;;;;;;;;;;;;;;;
20/03/2026;MEXICO - PEDIMENTOS IMPORTS;VENTOS, ESENCIAS Y QUIMICOS SA DE CV;MEXICO;ERNESTO VENTOS, S.A;SPAIN;2906199999 - CYCLIC ALCOHOLS AND THEIR HALOGENATED, SULPHONATED, NITRATED OR NIT(..) CYCLANIC, CYCLENIC OR CYCLOTERPENIC:OTHER OTHER: OTHER;4,8-DIMETIL-2-PROPAN-2-ILIDENO-3,3A,4,5,6,8A-HEXAHIDRO-1H-AZULEN-6 OL (VETIVEROL (EX VETIVER HAITI));10,00;KILOGRAMS;7.318,08;IMPORT;MARITIME;DECLARATIONS;ERNESTO VENTOS S.A.;;;;;;;;;;;;;;;;;;;;;;;;;;;;;;;;;;;;;;;;;;;;;;;;;;;;;;;;;;;;;;;;;;;;;;;;;;;;;;;;;;;;;;;;;;;;;;;;;;;;;;;;;;;;;;;;;;;;;;;;;;;;;;;;;;;;;;;;;;;;;;;;;;;;;;;;;;;;;;;;;;;;;;;;;;;;;;;;;;;;;;;;;;;;;;;;;;;;;;;;;;;;;;;;;;;;;;;;;;;;;;;;;;;;;;;;;;;;;;;;;;
20/03/2026;MEXICO - PEDIMENTOS IMPORTS;VENTOS, ESENCIAS Y QUIMICOS SA DE CV;MEXICO;ERNESTO VENTOS, S.A;UNITED STATES OF AMERICA;2932201199 - HETEROCYCLIC COMPOUNDS WITH OXYGEN HETERO-ATOM(S) ONLY. LACTONES LACTONES: OTHER;OXACICLOHEXADECEN-2-ONA HABANOLIDE (HABANOLIDE FIRMENICH 947303);25,00;KILOGRAMS;1.397,40;IMPORT;MARITIME;DECLARATIONS;ERNESTO VENTOS S.A.;;;;;;;;;;;;;;;;;;;;;;;;;;;;;;;;;;;;;;;;;;;;;;;;;;;;;;;;;;;;;;;;;;;;;;;;;;;;;;;;;;;;;;;;;;;;;;;;;;;;;;;;;;;;;;;;;;;;;;;;;;;;;;;;;;;;;;;;;;;;;;;;;;;;;;;;;;;;;;;;;;;;;;;;;;;;;;;;;;;;;;;;;;;;;;;;;;;;;;;;;;;;;;;;;;;;;;;;;;;;;;;;;;;;;;;;;;;;;;;;;;
20/03/2026;MEXICO - PEDIMENTOS IMPORTS;VENTOS, ESENCIAS Y QUIMICOS SA DE CV;MEXICO;ERNESTO VENTOS, S.A;CHINA;2916199999 - UNSATURATED       AC(..) UNSATURATED ACYCLIC MONOCARBOXYLIC ACIDS, THEIR ANHYDRIDES, HALIDES, PEROXIDES, PEROXYAC(..) OTHER: OTHER;2-NONENOATO DE METILO (NEOFOLIONE);25,00;KILOGRAMS;1.270,43;IMPORT;MARITIME;DECLARATIONS;ERNESTO VENTOS S.A.;;;;;;;;;;;;;;;;;;;;;;;;;;;;;;;;;;;;;;;;;;;;;;;;;;;;;;;;;;;;;;;;;;;;;;;;;;;;;;;;;;;;;;;;;;;;;;;;;;;;;;;;;;;;;;;;;;;;;;;;;;;;;;;;;;;;;;;;;;;;;;;;;;;;;;;;;;;;;;;;;;;;;;;;;;;;;;;;;;;;;;;;;;;;;;;;;;;;;;;;;;;;;;;;;;;;;;;;;;;;;;;;;;;;;;;;;;;;;;;;;;
20/03/2026;MEXICO - PEDIMENTOS IMPORTS;VENTOS, ESENCIAS Y QUIMICOS SA DE CV;MEXICO;ERNESTO VENTOS, S.A;GERMANY;2905170100 - ACYCLIC ALCOHOLS AND(..) SATURATED MONOHYDRIC(..) DODECAN-1-OL (LAURYL ALCOHOL), HEXADECAN-1-OL (CETYL ALCOHOL) AND OCTADECAN-1-OL(..);1-DODECANOL (ALCOHOL C-12 LAURYL ALCOHOL);680,00;KILOGRAMS;3.592,25;IMPORT;MARITIME;DECLARATIONS;ERNESTO VENTOS S.A.;;;;;;;;;;;;;;;;;;;;;;;;;;;;;;;;;;;;;;;;;;;;;;;;;;;;;;;;;;;;;;;;;;;;;;;;;;;;;;;;;;;;;;;;;;;;;;;;;;;;;;;;;;;;;;;;;;;;;;;;;;;;;;;;;;;;;;;;;;;;;;;;;;;;;;;;;;;;;;;;;;;;;;;;;;;;;;;;;;;;;;;;;;;;;;;;;;;;;;;;;;;;;;;;;;;;;;;;;;;;;;;;;;;;;;;;;;;;;;;;;;
20/03/2026;MEXICO - PEDIMENTOS IMPORTS;VENTOS, ESENCIAS Y QUIMICOS SA DE CV;MEXICO;ERNESTO VENTOS, S.A;INDIA;2915609999 - SATURATED ACYCLIC MONOCARBOXYLIC ACIDS AND THEIR ANHY(..) BUTANOIC ACIDS, PENTANOIC ACIDS, THEIR SALTS AND ESTERS OTHER: OTHER;ISOBUTIRATO DE GERANILO (GERANYL ISOBUTYRATE);10,00;KILOGRAMS;284,59;IMPORT;MARITIME;DECLARATIONS;ERNESTO VENTOS S.A.;;;;;;;;;;;;;;;;;;;;;;;;;;;;;;;;;;;;;;;;;;;;;;;;;;;;;;;;;;;;;;;;;;;;;;;;;;;;;;;;;;;;;;;;;;;;;;;;;;;;;;;;;;;;;;;;;;;;;;;;;;;;;;;;;;;;;;;;;;;;;;;;;;;;;;;;;;;;;;;;;;;;;;;;;;;;;;;;;;;;;;;;;;;;;;;;;;;;;;;;;;;;;;;;;;;;;;;;;;;;;;;;;;;;;;;;;;;;;;;;;;
20/03/2026;MEXICO - PEDIMENTOS IMPORTS;VENTOS, ESENCIAS Y QUIMICOS SA DE CV;MEXICO;ERNESTO VENTOS, S.A;INDIA;"2915909999 - SATURATED ACYCLIC MONOCARBOXYLIC ACIDS AND THEIR ANHYDRIDES, HALIDES, PEROXIDES AND PEROXYACIDS; THEIR (..) OTHER OTHER: OTHER";HEXANOATO DE METILO (ISOAMYL HEXANOATE);1,00;KILOGRAMS;132,13;IMPORT;MARITIME;DECLARATIONS;ERNESTO VENTOS S.A.;;;;;;;;;;;;;;;;;;;;;;;;;;;;;;;;;;;;;;;;;;;;;;;;;;;;;;;;;;;;;;;;;;;;;;;;;;;;;;;;;;;;;;;;;;;;;;;;;;;;;;;;;;;;;;;;;;;;;;;;;;;;;;;;;;;;;;;;;;;;;;;;;;;;;;;;;;;;;;;;;;;;;;;;;;;;;;;;;;;;;;;;;;;;;;;;;;;;;;;;;;;;;;;;;;;;;;;;;;;;;;;;;;;;;;;;;;;;;;;;;;
20/03/2026;MEXICO - PEDIMENTOS IMPORTS;VENTOS, ESENCIAS Y QUIMICOS SA DE CV;MEXICO;ERNESTO VENTOS, S.A;SWITZERLAND;2914199999 - KETONES AND QUINONES, WHETHER OR NOT WITH OTHER OXYGEN FU(..) ACYCLIC KETONES WITHOUT OTHER OXYGEN FUNCTION:OTHER OTHER: OTHER;METIL HEPTENONA (METHYL HEPTENONE);340,00;KILOGRAMS;7.030,77;IMPORT;MARITIME;DECLARATIONS;ERNESTO VENTOS S.A.;;;;;;;;;;;;;;;;;;;;;;;;;;;;;;;;;;;;;;;;;;;;;;;;;;;;;;;;;;;;;;;;;;;;;;;;;;;;;;;;;;;;;;;;;;;;;;;;;;;;;;;;;;;;;;;;;;;;;;;;;;;;;;;;;;;;;;;;;;;;;;;;;;;;;;;;;;;;;;;;;;;;;;;;;;;;;;;;;;;;;;;;;;;;;;;;;;;;;;;;;;;;;;;;;;;;;;;;;;;;;;;;;;;;;;;;;;;;;;;;;;
20/03/2026;MEXICO - PEDIMENTOS IMPORTS;VENTOS, ESENCIAS Y QUIMICOS SA DE CV;MEXICO;ERNESTO VENTOS, S.A;CHINA;2914199999 - KETONES AND QUINONES, WHETHER OR NOT WITH OTHER OXYGEN FU(..) ACYCLIC KETONES WITHOUT OTHER OXYGEN FUNCTION:OTHER OTHER: OTHER;2-PENTANONA (2-PENTANONE);10,00;KILOGRAMS;752,19;IMPORT;MARITIME;DECLARATIONS;ERNESTO VENTOS S.A.;;;;;;;;;;;;;;;;;;;;;;;;;;;;;;;;;;;;;;;;;;;;;;;;;;;;;;;;;;;;;;;;;;;;;;;;;;;;;;;;;;;;;;;;;;;;;;;;;;;;;;;;;;;;;;;;;;;;;;;;;;;;;;;;;;;;;;;;;;;;;;;;;;;;;;;;;;;;;;;;;;;;;;;;;;;;;;;;;;;;;;;;;;;;;;;;;;;;;;;;;;;;;;;;;;;;;;;;;;;;;;;;;;;;;;;;;;;;;;;;;;
20/03/2026;MEXICO - PEDIMENTOS IMPORTS;VENTOS, ESENCIAS Y QUIMICOS SA DE CV;MEXICO;ERNESTO VENTOS, S.A;CHINA;2915509999 - SATURATED ACYCLIC MONOCARBOXYLIC ACIDS AND THEIR ANHYDRIDES, HALIDES, PE(..) PROPIONIC ACID, ITS SALTS AND ESTERS OTHER: OTHER;PROPIONATO DE HEXENILO (CIS-3-HEXENYL PROPIONATE);5,00;KILOGRAMS;513,26;IMPORT;MARITIME;DECLARATIONS;ERNESTO VENTOS S.A.;;;;;;;;;;;;;;;;;;;;;;;;;;;;;;;;;;;;;;;;;;;;;;;;;;;;;;;;;;;;;;;;;;;;;;;;;;;;;;;;;;;;;;;;;;;;;;;;;;;;;;;;;;;;;;;;;;;;;;;;;;;;;;;;;;;;;;;;;;;;;;;;;;;;;;;;;;;;;;;;;;;;;;;;;;;;;;;;;;;;;;;;;;;;;;;;;;;;;;;;;;;;;;;;;;;;;;;;;;;;;;;;;;;;;;;;;;;;;;;;;;
20/03/2026;MEXICO - PEDIMENTOS IMPORTS;VENTOS, ESENCIAS Y QUIMICOS SA DE CV;MEXICO;ERNESTO VENTOS, S.A;CHINA;2911000400 - ACETALS AND HEMIACET(..) ACETALS AND HEMIACET(..) ACETALS AND HEMIACETALS, WHETHER OR NOT WITH OTHER OXYGEN FUNCTION, AND THEIR HA(..);CITRAL DIMETIL ACETAL (CITRAL DIMETHYL ACETAL IFF);50,00;KILOGRAMS;2.426,59;IMPORT;MARITIME;DECLARATIONS;ERNESTO VENTOS S.A.;;;;;;;;;;;;;;;;;;;;;;;;;;;;;;;;;;;;;;;;;;;;;;;;;;;;;;;;;;;;;;;;;;;;;;;;;;;;;;;;;;;;;;;;;;;;;;;;;;;;;;;;;;;;;;;;;;;;;;;;;;;;;;;;;;;;;;;;;;;;;;;;;;;;;;;;;;;;;;;;;;;;;;;;;;;;;;;;;;;;;;;;;;;;;;;;;;;;;;;;;;;;;;;;;;;;;;;;;;;;;;;;;;;;;;;;;;;;;;;;;;
20/03/2026;MEXICO - PEDIMENTOS IMPORTS;VENTOS, ESENCIAS Y QUIMICOS SA DE CV;MEXICO;ERNESTO VENTOS, S.A;SPAIN;2911000400 - ACETALS AND HEMIACET(..) ACETALS AND HEMIACET(..) ACETALS AND HEMIACETALS, WHETHER OR NOT WITH OTHER OXYGEN FUNCTION, AND THEIR HA(..);CICLODECIL ETIL ACETAL FORMALDEIDO BOISAMBRENO (BOISAMBRENE FORTE);180,00;KILOGRAMS;3.574,41;IMPORT;MARITIME;DECLARATIONS;ERNESTO VENTOS S.A.;;;;;;;;;;;;;;;;;;;;;;;;;;;;;;;;;;;;;;;;;;;;;;;;;;;;;;;;;;;;;;;;;;;;;;;;;;;;;;;;;;;;;;;;;;;;;;;;;;;;;;;;;;;;;;;;;;;;;;;;;;;;;;;;;;;;;;;;;;;;;;;;;;;;;;;;;;;;;;;;;;;;;;;;;;;;;;;;;;;;;;;;;;;;;;;;;;;;;;;;;;;;;;;;;;;;;;;;;;;;;;;;;;;;;;;;;;;;;;;;;;
20/03/2026;MEXICO - PEDIMENTOS IMPORTS;VENTOS, ESENCIAS Y QUIMICOS SA DE CV;MEXICO;ERNESTO VENTOS, S.A;SPAIN;2902199901 - CYCLIC HYDROCARBONS. CYCLANES, CYCLENES AND CYCLOTERPENES:OTHER OTHER: CYCLOTERPENICS;CICLOTERPENICOS CANFENO (CAMPHENE);330,00;KILOGRAMS;7.715,27;IMPORT;MARITIME;DECLARATIONS;ERNESTO VENTOS S.A.;;;;;;;;;;;;;;;;;;;;;;;;;;;;;;;;;;;;;;;;;;;;;;;;;;;;;;;;;;;;;;;;;;;;;;;;;;;;;;;;;;;;;;;;;;;;;;;;;;;;;;;;;;;;;;;;;;;;;;;;;;;;;;;;;;;;;;;;;;;;;;;;;;;;;;;;;;;;;;;;;;;;;;;;;;;;;;;;;;;;;;;;;;;;;;;;;;;;;;;;;;;;;;;;;;;;;;;;;;;;;;;;;;;;;;;;;;;;;;;;;;
20/03/2026;MEXICO - PEDIMENTOS IMPORTS;VENTOS, ESENCIAS Y QUIMICOS SA DE CV;MEXICO;ERNESTO VENTOS, S.A;CHINA;2902199999 - CYCLIC HYDROCARBONS. CYCLANES, CYCLENES AND CYCLOTERPENES:OTHER OTHER: OTHER;4-METILEN-1- 1-METILETIL BICICLO 3.1.0 HEXANO SABINENO (SABINENE NATURAL);5,00;KILOGRAMS;155,02;IMPORT;MARITIME;DECLARATIONS;ERNESTO VENTOS S.A.;;;;;;;;;;;;;;;;;;;;;;;;;;;;;;;;;;;;;;;;;;;;;;;;;;;;;;;;;;;;;;;;;;;;;;;;;;;;;;;;;;;;;;;;;;;;;;;;;;;;;;;;;;;;;;;;;;;;;;;;;;;;;;;;;;;;;;;;;;;;;;;;;;;;;;;;;;;;;;;;;;;;;;;;;;;;;;;;;;;;;;;;;;;;;;;;;;;;;;;;;;;;;;;;;;;;;;;;;;;;;;;;;;;;;;;;;;;;;;;;;;
20/03/2026;MEXICO - PEDIMENTOS IMPORTS;VENTOS, ESENCIAS Y QUIMICOS SA DE CV;MEXICO;ERNESTO VENTOS, S.A;UNITED KINGDOM;"1301909900 - LAC; NATURAL GUMS, RESINS, GUM-RESINS AND OLEORESINS (FOR EXAMPLE, BALSAMS). OTHER OTHER";BALSAMO DE TOLU (TOLU BALSAM);70,00;KILOGRAMS;14.686,87;IMPORT;MARITIME;DECLARATIONS;ERNESTO VENTOS S.A.;;;;;;;;;;;;;;;;;;;;;;;;;;;;;;;;;;;;;;;;;;;;;;;;;;;;;;;;;;;;;;;;;;;;;;;;;;;;;;;;;;;;;;;;;;;;;;;;;;;;;;;;;;;;;;;;;;;;;;;;;;;;;;;;;;;;;;;;;;;;;;;;;;;;;;;;;;;;;;;;;;;;;;;;;;;;;;;;;;;;;;;;;;;;;;;;;;;;;;;;;;;;;;;;;;;;;;;;;;;;;;;;;;;;;;;;;;;;;;;;;;
19/03/2026;VIETNAM - EXPORT;ERNESTO VENTOS;VIET NAM;RADOIN.,JSC;VIET NAM;"29122100 - ALDEHYDES, WHETHER OR NOT WITH OTHER OXYGEN FUNCTION; CYCLIC (..) CYCLIC ALDEHYDES WITHOUT OTHER OXYGEN FUNCTION:BENZALDEHYDE";"BENZALDEHYDE NATURAL (BENZALDEHYDE, CAS 100-52-7 CONTENT OF 99%) ,NSX: JSC TECHVINA HOLDING, USE IN INDUSTRY, FLAVORS AND FRAGRANCES, 200KG/DRUM, NEW 100%#&AMP;VN";2.000,00;KGM;71.600,00;EXPORT;MARITIME;DECLARATIONS;;;;;;;;;;;;;;;;;;;;;;;;;;;;;;;;;;;;;;;;;;;;;;;;;;;;;;;;;;;;;;;;;;;;;;;;;;;;;;;;;;;;;;;;;;;;;;;;;;;;;;;;;;;;;;;;;;;;;;;;;;;;;;;;;;;;;;;;;;;;;;;;;;;;;;;;;;;;;;;;;;;;;;;;;;;;;;;;;;;;;;;;;;;;;;;;;;;;;;;;;;;;;;;;;;;;;;;;;;;;;;;;;;;;;;;;;;;;;;;;;;;
19/03/2026;PAKISTAN - IMPORT;INNOVATIVE PRIVATE LIMITED;PAKISTAN;ERNESTO VENTOS S.A;SPAIN;38059000 - GUM, WOOD OR SULPHATE TURPENTINE AND OTHER TERPENIC OILS PRODUCED BY THE DISTILLATION OR OTHER TREATMENT OF CONIFER(..) OTHER;PINE OIL  SYLVESTRIS;5,00;KILOGRAMS;499,72;IMPORT;NOT DECLARED;DECLARATIONS;ERNESTO VENTOS S.A;;;;;;;;;;;;;;;;;;;;;;;;;;;;;;;;;;;;;;;;;;;;;;;;;;;;;;;;;;;;;;;;;;;;;;;;;;;;;;;;;;;;;;;;;;;;;;;;;;;;;;;;;;;;;;;;;;;;;;;;;;;;;;;;;;;;;;;;;;;;;;;;;;;;;;;;;;;;;;;;;;;;;;;;;;;;;;;;;;;;;;;;;;;;;;;;;;;;;;;;;;;;;;;;;;;;;;;;;;;;;;;;;;;;;;;;;;;;;;;;;;
19/03/2026;PAKISTAN - IMPORT;INNOVATIVE PRIVATE LIMITED;PAKISTAN;ERNESTO VENTOS S.A;SPAIN;33029090 - MIXTURES OF ODORIFEROUS SUBSTANCES AND MIXTURES (INCLUDING ALCOHOLIC SOLUTIONS) WITH A BASIS OF ONE OR (..) OTHER OTHER: OTHER;TERPINOLENE 20;25,00;KILOGRAMS;403,66;IMPORT;NOT DECLARED;DECLARATIONS;ERNESTO VENTOS S.A;;;;;;;;;;;;;;;;;;;;;;;;;;;;;;;;;;;;;;;;;;;;;;;;;;;;;;;;;;;;;;;;;;;;;;;;;;;;;;;;;;;;;;;;;;;;;;;;;;;;;;;;;;;;;;;;;;;;;;;;;;;;;;;;;;;;;;;;;;;;;;;;;;;;;;;;;;;;;;;;;;;;;;;;;;;;;;;;;;;;;;;;;;;;;;;;;;;;;;;;;;;;;;;;;;;;;;;;;;;;;;;;;;;;;;;;;;;;;;;;;;
19/03/2026;PAKISTAN - IMPORT;STANDARD PVT;PAKISTAN;ERNESTO VENTOS S.A;SWITZERLAND;33029090 - MIXTURES OF ODORIFEROUS SUBSTANCES AND MIXTURES (INCLUDING ALCOHOLIC SOLUTIONS) WITH A BASIS OF ONE OR (..) OTHER OTHER: OTHER;CIVETTE SYNTH FIRMENICH 39626 (QTY: 1 KGS);1,00;KILOGRAMS;692,01;IMPORT;NOT DECLARED;DECLARATIONS;ERNESTO VENTOS S.A;;;;;;;;;;;;;;;;;;;;;;;;;;;;;;;;;;;;;;;;;;;;;;;;;;;;;;;;;;;;;;;;;;;;;;;;;;;;;;;;;;;;;;;;;;;;;;;;;;;;;;;;;;;;;;;;;;;;;;;;;;;;;;;;;;;;;;;;;;;;;;;;;;;;;;;;;;;;;;;;;;;;;;;;;;;;;;;;;;;;;;;;;;;;;;;;;;;;;;;;;;;;;;;;;;;;;;;;;;;;;;;;;;;;;;;;;;;;;;;;;;
19/03/2026;PAKISTAN - IMPORT;INNOVATIVE PRIVATE LIMITED;PAKISTAN;ERNESTO VENTOS S.A;SPAIN;33012990 - ESSENTIAL OILS (TERP(..) ESSENTIAL OILS OTHER THAN THOSE OF CITR(..) ESSENTIAL OILS OTHER THAN THOSE OF CITRUS FRUIT: OTHER: OTHER;ROSE OIL BULGARIA;0,25;KILOGRAMS;2.809,28;IMPORT;NOT DECLARED;DECLARATIONS;ERNESTO VENTOS S.A;;;;;;;;;;;;;;;;;;;;;;;;;;;;;;;;;;;;;;;;;;;;;;;;;;;;;;;;;;;;;;;;;;;;;;;;;;;;;;;;;;;;;;;;;;;;;;;;;;;;;;;;;;;;;;;;;;;;;;;;;;;;;;;;;;;;;;;;;;;;;;;;;;;;;;;;;;;;;;;;;;;;;;;;;;;;;;;;;;;;;;;;;;;;;;;;;;;;;;;;;;;;;;;;;;;;;;;;;;;;;;;;;;;;;;;;;;;;;;;;;;
19/03/2026;PAKISTAN - IMPORT;INNOVATIVE PRIVATE LIMITED;PAKISTAN;ERNESTO VENTOS S.A;SPAIN;33012990 - ESSENTIAL OILS (TERP(..) ESSENTIAL OILS OTHER THAN THOSE OF CITR(..) ESSENTIAL OILS OTHER THAN THOSE OF CITRUS FRUIT: OTHER: OTHER;DAVANA OIL;1,00;KILOGRAMS;818,87;IMPORT;NOT DECLARED;DECLARATIONS;ERNESTO VENTOS S.A;;;;;;;;;;;;;;;;;;;;;;;;;;;;;;;;;;;;;;;;;;;;;;;;;;;;;;;;;;;;;;;;;;;;;;;;;;;;;;;;;;;;;;;;;;;;;;;;;;;;;;;;;;;;;;;;;;;;;;;;;;;;;;;;;;;;;;;;;;;;;;;;;;;;;;;;;;;;;;;;;;;;;;;;;;;;;;;;;;;;;;;;;;;;;;;;;;;;;;;;;;;;;;;;;;;;;;;;;;;;;;;;;;;;;;;;;;;;;;;;;;
19/03/2026;PAKISTAN - IMPORT;INNOVATIVE PRIVATE LIMITED;PAKISTAN;ERNESTO VENTOS S.A;SPAIN;33012990 - ESSENTIAL OILS (TERP(..) ESSENTIAL OILS OTHER THAN THOSE OF CITR(..) ESSENTIAL OILS OTHER THAN THOSE OF CITRUS FRUIT: OTHER: OTHER;ELEMI OIL;5,00;KILOGRAMS;721,99;IMPORT;NOT DECLARED;DECLARATIONS;ERNESTO VENTOS S.A;;;;;;;;;;;;;;;;;;;;;;;;;;;;;;;;;;;;;;;;;;;;;;;;;;;;;;;;;;;;;;;;;;;;;;;;;;;;;;;;;;;;;;;;;;;;;;;;;;;;;;;;;;;;;;;;;;;;;;;;;;;;;;;;;;;;;;;;;;;;;;;;;;;;;;;;;;;;;;;;;;;;;;;;;;;;;;;;;;;;;;;;;;;;;;;;;;;;;;;;;;;;;;;;;;;;;;;;;;;;;;;;;;;;;;;;;;;;;;;;;;
19/03/2026;PAKISTAN - IMPORT;INNOVATIVE PRIVATE LIMITED;PAKISTAN;ERNESTO VENTOS S.A;SPAIN;33012990 - ESSENTIAL OILS (TERP(..) ESSENTIAL OILS OTHER THAN THOSE OF CITR(..) ESSENTIAL OILS OTHER THAN THOSE OF CITRUS FRUIT: OTHER: OTHER;CARROT SEED OIL;0,25;KILOGRAMS;139,49;IMPORT;NOT DECLARED;DECLARATIONS;ERNESTO VENTOS S.A;;;;;;;;;;;;;;;;;;;;;;;;;;;;;;;;;;;;;;;;;;;;;;;;;;;;;;;;;;;;;;;;;;;;;;;;;;;;;;;;;;;;;;;;;;;;;;;;;;;;;;;;;;;;;;;;;;;;;;;;;;;;;;;;;;;;;;;;;;;;;;;;;;;;;;;;;;;;;;;;;;;;;;;;;;;;;;;;;;;;;;;;;;;;;;;;;;;;;;;;;;;;;;;;;;;;;;;;;;;;;;;;;;;;;;;;;;;;;;;;;;
19/03/2026;PAKISTAN - IMPORT;INNOVATIVE PRIVATE LIMITED;PAKISTAN;ERNESTO VENTOS S.A;SPAIN;33012990 - ESSENTIAL OILS (TERP(..) ESSENTIAL OILS OTHER THAN THOSE OF CITR(..) ESSENTIAL OILS OTHER THAN THOSE OF CITRUS FRUIT: OTHER: OTHER;TONKA BEANS ABSOLUTE;0,25;KILOGRAMS;715,61;IMPORT;NOT DECLARED;DECLARATIONS;ERNESTO VENTOS S.A;;;;;;;;;;;;;;;;;;;;;;;;;;;;;;;;;;;;;;;;;;;;;;;;;;;;;;;;;;;;;;;;;;;;;;;;;;;;;;;;;;;;;;;;;;;;;;;;;;;;;;;;;;;;;;;;;;;;;;;;;;;;;;;;;;;;;;;;;;;;;;;;;;;;;;;;;;;;;;;;;;;;;;;;;;;;;;;;;;;;;;;;;;;;;;;;;;;;;;;;;;;;;;;;;;;;;;;;;;;;;;;;;;;;;;;;;;;;;;;;;;
19/03/2026;PAKISTAN - IMPORT;INNOVATIVE PRIVATE LIMITED;PAKISTAN;ERNESTO VENTOS S.A;SPAIN;33012990 - ESSENTIAL OILS (TERP(..) ESSENTIAL OILS OTHER THAN THOSE OF CITR(..) ESSENTIAL OILS OTHER THAN THOSE OF CITRUS FRUIT: OTHER: OTHER;OLIBANUM OIL;5,00;KILOGRAMS;2.484,82;IMPORT;NOT DECLARED;DECLARATIONS;ERNESTO VENTOS S.A;;;;;;;;;;;;;;;;;;;;;;;;;;;;;;;;;;;;;;;;;;;;;;;;;;;;;;;;;;;;;;;;;;;;;;;;;;;;;;;;;;;;;;;;;;;;;;;;;;;;;;;;;;;;;;;;;;;;;;;;;;;;;;;;;;;;;;;;;;;;;;;;;;;;;;;;;;;;;;;;;;;;;;;;;;;;;;;;;;;;;;;;;;;;;;;;;;;;;;;;;;;;;;;;;;;;;;;;;;;;;;;;;;;;;;;;;;;;;;;;;;
19/03/2026;PAKISTAN - IMPORT;INNOVATIVE PRIVATE LIMITED;PAKISTAN;ERNESTO VENTOS S.A;SPAIN;33012990 - ESSENTIAL OILS (TERP(..) ESSENTIAL OILS OTHER THAN THOSE OF CITR(..) ESSENTIAL OILS OTHER THAN THOSE OF CITRUS FRUIT: OTHER: OTHER;CINNAMON BARK OIL;1,00;KILOGRAMS;190,38;IMPORT;NOT DECLARED;DECLARATIONS;ERNESTO VENTOS S.A;;;;;;;;;;;;;;;;;;;;;;;;;;;;;;;;;;;;;;;;;;;;;;;;;;;;;;;;;;;;;;;;;;;;;;;;;;;;;;;;;;;;;;;;;;;;;;;;;;;;;;;;;;;;;;;;;;;;;;;;;;;;;;;;;;;;;;;;;;;;;;;;;;;;;;;;;;;;;;;;;;;;;;;;;;;;;;;;;;;;;;;;;;;;;;;;;;;;;;;;;;;;;;;;;;;;;;;;;;;;;;;;;;;;;;;;;;;;;;;;;;
19/03/2026;PAKISTAN - IMPORT;INNOVATIVE PRIVATE LIMITED;PAKISTAN;ERNESTO VENTOS S.A;SPAIN;"33011900 - ESSENTIAL OILS (TERPENELESS OR NOT), INCLUDING CONCRETES AND ABSOLUTES; RESINOIDS; E(..) ESSENTIAL OILS OF CITRUS FRUIT:OTHER";BERGAMOT OIL  RECTIFIED;25,00;KILOGRAMS;1.744,94;IMPORT;NOT DECLARED;DECLARATIONS;ERNESTO VENTOS S.A;;;;;;;;;;;;;;;;;;;;;;;;;;;;;;;;;;;;;;;;;;;;;;;;;;;;;;;;;;;;;;;;;;;;;;;;;;;;;;;;;;;;;;;;;;;;;;;;;;;;;;;;;;;;;;;;;;;;;;;;;;;;;;;;;;;;;;;;;;;;;;;;;;;;;;;;;;;;;;;;;;;;;;;;;;;;;;;;;;;;;;;;;;;;;;;;;;;;;;;;;;;;;;;;;;;;;;;;;;;;;;;;;;;;;;;;;;;;;;;;;;
19/03/2026;PAKISTAN - IMPORT;INNOVATIVE PRIVATE LIMITED;PAKISTAN;ERNESTO VENTOS S.A;SPAIN;29339990 - HETEROCYCLIC COMPOUNDS WITH NITROGEN HETERO-ATOM(S) ONLY. OTHER:OTHER OTHER: OTHER: OTHER;2-METHYLTHIO-3(5/6)-METHYLPYRAZINE;0,25;KILOGRAMS;154,82;IMPORT;NOT DECLARED;DECLARATIONS;ERNESTO VENTOS S.A;;;;;;;;;;;;;;;;;;;;;;;;;;;;;;;;;;;;;;;;;;;;;;;;;;;;;;;;;;;;;;;;;;;;;;;;;;;;;;;;;;;;;;;;;;;;;;;;;;;;;;;;;;;;;;;;;;;;;;;;;;;;;;;;;;;;;;;;;;;;;;;;;;;;;;;;;;;;;;;;;;;;;;;;;;;;;;;;;;;;;;;;;;;;;;;;;;;;;;;;;;;;;;;;;;;;;;;;;;;;;;;;;;;;;;;;;;;;;;;;;;
19/03/2026;PAKISTAN - IMPORT;INNOVATIVE PRIVATE LIMITED;PAKISTAN;ERNESTO VENTOS S.A;SPAIN;29339990 - HETEROCYCLIC COMPOUNDS WITH NITROGEN HETERO-ATOM(S) ONLY. OTHER:OTHER OTHER: OTHER: OTHER;2-ETHYL-3-METHYLPYRAZINE;0,25;KILOGRAMS;148,69;IMPORT;NOT DECLARED;DECLARATIONS;ERNESTO VENTOS S.A;;;;;;;;;;;;;;;;;;;;;;;;;;;;;;;;;;;;;;;;;;;;;;;;;;;;;;;;;;;;;;;;;;;;;;;;;;;;;;;;;;;;;;;;;;;;;;;;;;;;;;;;;;;;;;;;;;;;;;;;;;;;;;;;;;;;;;;;;;;;;;;;;;;;;;;;;;;;;;;;;;;;;;;;;;;;;;;;;;;;;;;;;;;;;;;;;;;;;;;;;;;;;;;;;;;;;;;;;;;;;;;;;;;;;;;;;;;;;;;;;;
19/03/2026;PAKISTAN - IMPORT;INNOVATIVE PRIVATE LIMITED;PAKISTAN;ERNESTO VENTOS S.A;SPAIN;29322090 - HETEROCYCLIC COMPOUNDS WITH OXYGEN HETERO-ATOM(S) ONLY. LACTONES LACTONES: OTHER;SCLAREOLIDE;1,00;KILOGRAMS;694,40;IMPORT;NOT DECLARED;DECLARATIONS;ERNESTO VENTOS S.A;;;;;;;;;;;;;;;;;;;;;;;;;;;;;;;;;;;;;;;;;;;;;;;;;;;;;;;;;;;;;;;;;;;;;;;;;;;;;;;;;;;;;;;;;;;;;;;;;;;;;;;;;;;;;;;;;;;;;;;;;;;;;;;;;;;;;;;;;;;;;;;;;;;;;;;;;;;;;;;;;;;;;;;;;;;;;;;;;;;;;;;;;;;;;;;;;;;;;;;;;;;;;;;;;;;;;;;;;;;;;;;;;;;;;;;;;;;;;;;;;;
19/03/2026;PAKISTAN - IMPORT;INNOVATIVE PRIVATE LIMITED;PAKISTAN;ERNESTO VENTOS S.A;SPAIN;29322090 - HETEROCYCLIC COMPOUNDS WITH OXYGEN HETERO-ATOM(S) ONLY. LACTONES LACTONES: OTHER;OCTALACTONE GAMMA;1,00;KILOGRAMS;145,42;IMPORT;NOT DECLARED;DECLARATIONS;ERNESTO VENTOS S.A;;;;;;;;;;;;;;;;;;;;;;;;;;;;;;;;;;;;;;;;;;;;;;;;;;;;;;;;;;;;;;;;;;;;;;;;;;;;;;;;;;;;;;;;;;;;;;;;;;;;;;;;;;;;;;;;;;;;;;;;;;;;;;;;;;;;;;;;;;;;;;;;;;;;;;;;;;;;;;;;;;;;;;;;;;;;;;;;;;;;;;;;;;;;;;;;;;;;;;;;;;;;;;;;;;;;;;;;;;;;;;;;;;;;;;;;;;;;;;;;;;
19/03/2026;PAKISTAN - IMPORT;INNOVATIVE PRIVATE LIMITED;PAKISTAN;ERNESTO VENTOS S.A;SPAIN;29322090 - HETEROCYCLIC COMPOUNDS WITH OXYGEN HETERO-ATOM(S) ONLY. LACTONES LACTONES: OTHER;JASMOLACTONE FIRMENICH;1,00;KILOGRAMS;1.232,24;IMPORT;NOT DECLARED;DECLARATIONS;ERNESTO VENTOS S.A;;;;;;;;;;;;;;;;;;;;;;;;;;;;;;;;;;;;;;;;;;;;;;;;;;;;;;;;;;;;;;;;;;;;;;;;;;;;;;;;;;;;;;;;;;;;;;;;;;;;;;;;;;;;;;;;;;;;;;;;;;;;;;;;;;;;;;;;;;;;;;;;;;;;;;;;;;;;;;;;;;;;;;;;;;;;;;;;;;;;;;;;;;;;;;;;;;;;;;;;;;;;;;;;;;;;;;;;;;;;;;;;;;;;;;;;;;;;;;;;;;
19/03/2026;PAKISTAN - IMPORT;STANDARD PVT;PAKISTAN;ERNESTO VENTOS S.A;CHINA;29322090 - HETEROCYCLIC COMPOUNDS WITH OXYGEN HETERO-ATOM(S) ONLY. LACTONES LACTONES: OTHER;AMBRETTOLIDE (QTY: 10 KGS);10,00;KILOGRAMS;2.747,52;IMPORT;NOT DECLARED;DECLARATIONS;ERNESTO VENTOS S.A;;;;;;;;;;;;;;;;;;;;;;;;;;;;;;;;;;;;;;;;;;;;;;;;;;;;;;;;;;;;;;;;;;;;;;;;;;;;;;;;;;;;;;;;;;;;;;;;;;;;;;;;;;;;;;;;;;;;;;;;;;;;;;;;;;;;;;;;;;;;;;;;;;;;;;;;;;;;;;;;;;;;;;;;;;;;;;;;;;;;;;;;;;;;;;;;;;;;;;;;;;;;;;;;;;;;;;;;;;;;;;;;;;;;;;;;;;;;;;;;;;
19/03/2026;PAKISTAN - IMPORT;INNOVATIVE PRIVATE LIMITED;PAKISTAN;ERNESTO VENTOS S.A;SPAIN;29329990 - HETEROCYCLIC COMPOUNDS WITH OXYGEN HETERO-ATOM(S) ONLY. OTHER:OTHER OTHER: OTHER: OTHER;CASCALONE;0,25;KILOGRAMS;429,46;IMPORT;NOT DECLARED;DECLARATIONS;ERNESTO VENTOS S.A;;;;;;;;;;;;;;;;;;;;;;;;;;;;;;;;;;;;;;;;;;;;;;;;;;;;;;;;;;;;;;;;;;;;;;;;;;;;;;;;;;;;;;;;;;;;;;;;;;;;;;;;;;;;;;;;;;;;;;;;;;;;;;;;;;;;;;;;;;;;;;;;;;;;;;;;;;;;;;;;;;;;;;;;;;;;;;;;;;;;;;;;;;;;;;;;;;;;;;;;;;;;;;;;;;;;;;;;;;;;;;;;;;;;;;;;;;;;;;;;;;
19/03/2026;PAKISTAN - IMPORT;INNOVATIVE PRIVATE LIMITED;PAKISTAN;ERNESTO VENTOS S.A;SPAIN;29329990 - HETEROCYCLIC COMPOUNDS WITH OXYGEN HETERO-ATOM(S) ONLY. OTHER:OTHER OTHER: OTHER: OTHER;JASMAL IFF;5,00;KILOGRAMS;267,23;IMPORT;NOT DECLARED;DECLARATIONS;ERNESTO VENTOS S.A;;;;;;;;;;;;;;;;;;;;;;;;;;;;;;;;;;;;;;;;;;;;;;;;;;;;;;;;;;;;;;;;;;;;;;;;;;;;;;;;;;;;;;;;;;;;;;;;;;;;;;;;;;;;;;;;;;;;;;;;;;;;;;;;;;;;;;;;;;;;;;;;;;;;;;;;;;;;;;;;;;;;;;;;;;;;;;;;;;;;;;;;;;;;;;;;;;;;;;;;;;;;;;;;;;;;;;;;;;;;;;;;;;;;;;;;;;;;;;;;;;
19/03/2026;PAKISTAN - IMPORT;STANDARD PVT;PAKISTAN;ERNESTO VENTOS S.A;CHINA;29329990 - HETEROCYCLIC COMPOUNDS WITH OXYGEN HETERO-ATOM(S) ONLY. OTHER:OTHER OTHER: OTHER: OTHER;OKOUMAL (QTY: 2 KGS);2,00;KILOGRAMS;922,68;IMPORT;NOT DECLARED;DECLARATIONS;ERNESTO VENTOS S.A;;;;;;;;;;;;;;;;;;;;;;;;;;;;;;;;;;;;;;;;;;;;;;;;;;;;;;;;;;;;;;;;;;;;;;;;;;;;;;;;;;;;;;;;;;;;;;;;;;;;;;;;;;;;;;;;;;;;;;;;;;;;;;;;;;;;;;;;;;;;;;;;;;;;;;;;;;;;;;;;;;;;;;;;;;;;;;;;;;;;;;;;;;;;;;;;;;;;;;;;;;;;;;;;;;;;;;;;;;;;;;;;;;;;;;;;;;;;;;;;;;
19/03/2026;PAKISTAN - IMPORT;INNOVATIVE PRIVATE LIMITED;PAKISTAN;ERNESTO VENTOS S.A;SPAIN;29183000 - CARBOXYLIC ACIDS WIT(..) CARBOXYLIC ACIDS WITH ALDEHYDE OR KETONE FUNCTION BUT WITHOUT OTHER OXYGEN FUNCTION, THEIR ANHYDRIDE(..);METHYL JASMONATE ZEON;0,10;KILOGRAMS;279,09;IMPORT;NOT DECLARED;DECLARATIONS;ERNESTO VENTOS S.A;;;;;;;;;;;;;;;;;;;;;;;;;;;;;;;;;;;;;;;;;;;;;;;;;;;;;;;;;;;;;;;;;;;;;;;;;;;;;;;;;;;;;;;;;;;;;;;;;;;;;;;;;;;;;;;;;;;;;;;;;;;;;;;;;;;;;;;;;;;;;;;;;;;;;;;;;;;;;;;;;;;;;;;;;;;;;;;;;;;;;;;;;;;;;;;;;;;;;;;;;;;;;;;;;;;;;;;;;;;;;;;;;;;;;;;;;;;;;;;;;;
19/03/2026;PAKISTAN - IMPORT;INNOVATIVE PRIVATE LIMITED;PAKISTAN;ERNESTO VENTOS S.A;SPAIN;29183000 - CARBOXYLIC ACIDS WIT(..) CARBOXYLIC ACIDS WITH ALDEHYDE OR KETONE FUNCTION BUT WITHOUT OTHER OXYGEN FUNCTION, THEIR ANHYDRIDE(..);ETHYL ACETOACETATE;2,00;KILOGRAMS;145,73;IMPORT;NOT DECLARED;DECLARATIONS;ERNESTO VENTOS S.A;;;;;;;;;;;;;;;;;;;;;;;;;;;;;;;;;;;;;;;;;;;;;;;;;;;;;;;;;;;;;;;;;;;;;;;;;;;;;;;;;;;;;;;;;;;;;;;;;;;;;;;;;;;;;;;;;;;;;;;;;;;;;;;;;;;;;;;;;;;;;;;;;;;;;;;;;;;;;;;;;;;;;;;;;;;;;;;;;;;;;;;;;;;;;;;;;;;;;;;;;;;;;;;;;;;;;;;;;;;;;;;;;;;;;;;;;;;;;;;;;;
19/03/2026;PAKISTAN - IMPORT;INNOVATIVE PRIVATE LIMITED;PAKISTAN;ERNESTO VENTOS S.A;SPAIN;29181190 - CARBOXYLIC ACIDS WIT(..) CARBOXYLIC ACIDS WIT(..) CARBOXYLIC ACIDS WITH ALCOHOL FUNCTION BUT WITHOUT OTHER OXYGEN FUNCTION, THEIR (..);ETHYL LACTATE;5,00;KILOGRAMS;166,06;IMPORT;NOT DECLARED;DECLARATIONS;ERNESTO VENTOS S.A;;;;;;;;;;;;;;;;;;;;;;;;;;;;;;;;;;;;;;;;;;;;;;;;;;;;;;;;;;;;;;;;;;;;;;;;;;;;;;;;;;;;;;;;;;;;;;;;;;;;;;;;;;;;;;;;;;;;;;;;;;;;;;;;;;;;;;;;;;;;;;;;;;;;;;;;;;;;;;;;;;;;;;;;;;;;;;;;;;;;;;;;;;;;;;;;;;;;;;;;;;;;;;;;;;;;;;;;;;;;;;;;;;;;;;;;;;;;;;;;;;
19/03/2026;PAKISTAN - IMPORT;STANDARD PVT;PAKISTAN;ERNESTO VENTOS S.A;CHINA;29163190 - UNSATURATED       AC(..) AROMATIC MONOCARBOXY(..) AROMATIC MONOCARBOXYLIC ACIDS, THEIR ANHYDRIDES, HALIDES, PEROXIDES, PEROXYACIDS(..);METHYL BENZOATE (QTY: 200 KGS);200,00;KILOGRAMS;820,16;IMPORT;NOT DECLARED;DECLARATIONS;ERNESTO VENTOS S.A;;;;;;;;;;;;;;;;;;;;;;;;;;;;;;;;;;;;;;;;;;;;;;;;;;;;;;;;;;;;;;;;;;;;;;;;;;;;;;;;;;;;;;;;;;;;;;;;;;;;;;;;;;;;;;;;;;;;;;;;;;;;;;;;;;;;;;;;;;;;;;;;;;;;;;;;;;;;;;;;;;;;;;;;;;;;;;;;;;;;;;;;;;;;;;;;;;;;;;;;;;;;;;;;;;;;;;;;;;;;;;;;;;;;;;;;;;;;;;;;;;
19/03/2026;PAKISTAN - IMPORT;INNOVATIVE PRIVATE LIMITED;PAKISTAN;ERNESTO VENTOS S.A;SPAIN;29161990 - UNSATURATED       AC(..) UNSATURATED ACYCLIC (..) UNSATURATED ACYCLIC MONOCARBOXYLIC ACIDS, THEIR ANHYDRIDES, HALIDES, PEROXIDES, (..);ETHYL TRANS-2-CIS-4-DECADIENOATE;1,00;KILOGRAMS;634,92;IMPORT;NOT DECLARED;DECLARATIONS;ERNESTO VENTOS S.A;;;;;;;;;;;;;;;;;;;;;;;;;;;;;;;;;;;;;;;;;;;;;;;;;;;;;;;;;;;;;;;;;;;;;;;;;;;;;;;;;;;;;;;;;;;;;;;;;;;;;;;;;;;;;;;;;;;;;;;;;;;;;;;;;;;;;;;;;;;;;;;;;;;;;;;;;;;;;;;;;;;;;;;;;;;;;;;;;;;;;;;;;;;;;;;;;;;;;;;;;;;;;;;;;;;;;;;;;;;;;;;;;;;;;;;;;;;;;;;;;;
19/03/2026;PAKISTAN - IMPORT;INNOVATIVE PRIVATE LIMITED;PAKISTAN;ERNESTO VENTOS S.A;SPAIN;"29159000 - SATURATED ACYCLIC MONOCARBOXYLIC ACIDS AND THEIR ANHYDRIDES, HALIDES, PEROXIDES AND PEROXYACIDS; THEIR HALOGENATED,(..) OTHER";ETHYL DECANOATE;10,00;KILOGRAMS;268,26;IMPORT;NOT DECLARED;DECLARATIONS;ERNESTO VENTOS S.A;;;;;;;;;;;;;;;;;;;;;;;;;;;;;;;;;;;;;;;;;;;;;;;;;;;;;;;;;;;;;;;;;;;;;;;;;;;;;;;;;;;;;;;;;;;;;;;;;;;;;;;;;;;;;;;;;;;;;;;;;;;;;;;;;;;;;;;;;;;;;;;;;;;;;;;;;;;;;;;;;;;;;;;;;;;;;;;;;;;;;;;;;;;;;;;;;;;;;;;;;;;;;;;;;;;;;;;;;;;;;;;;;;;;;;;;;;;;;;;;;;
19/03/2026;PAKISTAN - IMPORT;STANDARD PVT;PAKISTAN;ERNESTO VENTOS S.A;CHINA;"29159000 - SATURATED ACYCLIC MONOCARBOXYLIC ACIDS AND THEIR ANHYDRIDES, HALIDES, PEROXIDES AND PEROXYACIDS; THEIR HALOGENATED,(..) OTHER";ETHYL MYRISTATE (QTY: 25 KGS);25,00;KILOGRAMS;307,56;IMPORT;NOT DECLARED;DECLARATIONS;ERNESTO VENTOS S.A;;;;;;;;;;;;;;;;;;;;;;;;;;;;;;;;;;;;;;;;;;;;;;;;;;;;;;;;;;;;;;;;;;;;;;;;;;;;;;;;;;;;;;;;;;;;;;;;;;;;;;;;;;;;;;;;;;;;;;;;;;;;;;;;;;;;;;;;;;;;;;;;;;;;;;;;;;;;;;;;;;;;;;;;;;;;;;;;;;;;;;;;;;;;;;;;;;;;;;;;;;;;;;;;;;;;;;;;;;;;;;;;;;;;;;;;;;;;;;;;;;
19/03/2026;PAKISTAN - IMPORT;INNOVATIVE PRIVATE LIMITED;PAKISTAN;ERNESTO VENTOS S.A;SPAIN;29156090 - SATURATED ACYCLIC MO(..) BUTANOIC ACIDS, PENTANOIC ACIDS, THEIR(..) BUTANOIC ACIDS, PENTANOIC ACIDS, THEIR SALTS AND ESTERS: OTHER;BENZYL ISOBUTYRATE;5,00;KILOGRAMS;176,03;IMPORT;NOT DECLARED;DECLARATIONS;ERNESTO VENTOS S.A;;;;;;;;;;;;;;;;;;;;;;;;;;;;;;;;;;;;;;;;;;;;;;;;;;;;;;;;;;;;;;;;;;;;;;;;;;;;;;;;;;;;;;;;;;;;;;;;;;;;;;;;;;;;;;;;;;;;;;;;;;;;;;;;;;;;;;;;;;;;;;;;;;;;;;;;;;;;;;;;;;;;;;;;;;;;;;;;;;;;;;;;;;;;;;;;;;;;;;;;;;;;;;;;;;;;;;;;;;;;;;;;;;;;;;;;;;;;;;;;;;
19/03/2026;PAKISTAN - IMPORT;INNOVATIVE PRIVATE LIMITED;PAKISTAN;ERNESTO VENTOS S.A;SPAIN;29156090 - SATURATED ACYCLIC MO(..) BUTANOIC ACIDS, PENTANOIC ACIDS, THEIR(..) BUTANOIC ACIDS, PENTANOIC ACIDS, THEIR SALTS AND ESTERS: OTHER;ETHYL ISOVALERATE;5,00;KILOGRAMS;186,50;IMPORT;NOT DECLARED;DECLARATIONS;ERNESTO VENTOS S.A;;;;;;;;;;;;;;;;;;;;;;;;;;;;;;;;;;;;;;;;;;;;;;;;;;;;;;;;;;;;;;;;;;;;;;;;;;;;;;;;;;;;;;;;;;;;;;;;;;;;;;;;;;;;;;;;;;;;;;;;;;;;;;;;;;;;;;;;;;;;;;;;;;;;;;;;;;;;;;;;;;;;;;;;;;;;;;;;;;;;;;;;;;;;;;;;;;;;;;;;;;;;;;;;;;;;;;;;;;;;;;;;;;;;;;;;;;;;;;;;;;
19/03/2026;PAKISTAN - IMPORT;INNOVATIVE PRIVATE LIMITED;PAKISTAN;ERNESTO VENTOS S.A;SPAIN;29156090 - SATURATED ACYCLIC MO(..) BUTANOIC ACIDS, PENTANOIC ACIDS, THEIR(..) BUTANOIC ACIDS, PENTANOIC ACIDS, THEIR SALTS AND ESTERS: OTHER;VANILLIN ISOBUTYRATE;25,00;KILOGRAMS;1.080,69;IMPORT;NOT DECLARED;DECLARATIONS;ERNESTO VENTOS S.A;;;;;;;;;;;;;;;;;;;;;;;;;;;;;;;;;;;;;;;;;;;;;;;;;;;;;;;;;;;;;;;;;;;;;;;;;;;;;;;;;;;;;;;;;;;;;;;;;;;;;;;;;;;;;;;;;;;;;;;;;;;;;;;;;;;;;;;;;;;;;;;;;;;;;;;;;;;;;;;;;;;;;;;;;;;;;;;;;;;;;;;;;;;;;;;;;;;;;;;;;;;;;;;;;;;;;;;;;;;;;;;;;;;;;;;;;;;;;;;;;;
19/03/2026;PAKISTAN - IMPORT;INNOVATIVE PRIVATE LIMITED;PAKISTAN;ERNESTO VENTOS S.A;SPAIN;29155000 - SATURATED ACYCLIC MONOCARBOXYLIC ACIDS AND THEIR ANHYDRIDES, HALIDES, PEROXIDES AND (..) PROPIONIC ACID, ITS SALTS AND ESTERS;PROPIONIC ACID;5,00;KILOGRAMS;198,25;IMPORT;NOT DECLARED;DECLARATIONS;ERNESTO VENTOS S.A;;;;;;;;;;;;;;;;;;;;;;;;;;;;;;;;;;;;;;;;;;;;;;;;;;;;;;;;;;;;;;;;;;;;;;;;;;;;;;;;;;;;;;;;;;;;;;;;;;;;;;;;;;;;;;;;;;;;;;;;;;;;;;;;;;;;;;;;;;;;;;;;;;;;;;;;;;;;;;;;;;;;;;;;;;;;;;;;;;;;;;;;;;;;;;;;;;;;;;;;;;;;;;;;;;;;;;;;;;;;;;;;;;;;;;;;;;;;;;;;;;
19/03/2026;PAKISTAN - IMPORT;INNOVATIVE PRIVATE LIMITED;PAKISTAN;ERNESTO VENTOS S.A;SPAIN;29153990 - SATURATED ACYCLIC MONOCARBOXYLIC ACIDS AND THEIR ANHYDRIDE(..) ESTERS OF ACETIC ACID:OTHER ESTERS OF ACETIC ACID: OTHER: OTHER;TETRAHYDROGERANYL ACETATE;5,00;KILOGRAMS;249,35;IMPORT;NOT DECLARED;DECLARATIONS;ERNESTO VENTOS S.A;;;;;;;;;;;;;;;;;;;;;;;;;;;;;;;;;;;;;;;;;;;;;;;;;;;;;;;;;;;;;;;;;;;;;;;;;;;;;;;;;;;;;;;;;;;;;;;;;;;;;;;;;;;;;;;;;;;;;;;;;;;;;;;;;;;;;;;;;;;;;;;;;;;;;;;;;;;;;;;;;;;;;;;;;;;;;;;;;;;;;;;;;;;;;;;;;;;;;;;;;;;;;;;;;;;;;;;;;;;;;;;;;;;;;;;;;;;;;;;;;;
19/03/2026;PAKISTAN - IMPORT;INNOVATIVE PRIVATE LIMITED;PAKISTAN;ERNESTO VENTOS S.A;SPAIN;29153990 - SATURATED ACYCLIC MONOCARBOXYLIC ACIDS AND THEIR ANHYDRIDE(..) ESTERS OF ACETIC ACID:OTHER ESTERS OF ACETIC ACID: OTHER: OTHER;VETIKOL ACETATE;10,00;KILOGRAMS;626,44;IMPORT;NOT DECLARED;DECLARATIONS;ERNESTO VENTOS S.A;;;;;;;;;;;;;;;;;;;;;;;;;;;;;;;;;;;;;;;;;;;;;;;;;;;;;;;;;;;;;;;;;;;;;;;;;;;;;;;;;;;;;;;;;;;;;;;;;;;;;;;;;;;;;;;;;;;;;;;;;;;;;;;;;;;;;;;;;;;;;;;;;;;;;;;;;;;;;;;;;;;;;;;;;;;;;;;;;;;;;;;;;;;;;;;;;;;;;;;;;;;;;;;;;;;;;;;;;;;;;;;;;;;;;;;;;;;;;;;;;;
19/03/2026;PAKISTAN - IMPORT;INNOVATIVE PRIVATE LIMITED;PAKISTAN;ERNESTO VENTOS S.A;SPAIN;29151300 - SATURATED ACYCLIC MONOCARBOXYLIC ACIDS AND THEIR ANHYDRIDES, HALI(..) FORMIC ACID, ITS SALTS AND ESTERS:ESTERS OF FORMIC ACID;BENZYL FORMATE;2,00;KILOGRAMS;151,86;IMPORT;NOT DECLARED;DECLARATIONS;ERNESTO VENTOS S.A;;;;;;;;;;;;;;;;;;;;;;;;;;;;;;;;;;;;;;;;;;;;;;;;;;;;;;;;;;;;;;;;;;;;;;;;;;;;;;;;;;;;;;;;;;;;;;;;;;;;;;;;;;;;;;;;;;;;;;;;;;;;;;;;;;;;;;;;;;;;;;;;;;;;;;;;;;;;;;;;;;;;;;;;;;;;;;;;;;;;;;;;;;;;;;;;;;;;;;;;;;;;;;;;;;;;;;;;;;;;;;;;;;;;;;;;;;;;;;;;;;
19/03/2026;PAKISTAN - IMPORT;STANDARD PVT;PAKISTAN;ERNESTO VENTOS S.A;CHINA;29151300 - SATURATED ACYCLIC MONOCARBOXYLIC ACIDS AND THEIR ANHYDRIDES, HALI(..) FORMIC ACID, ITS SALTS AND ESTERS:ESTERS OF FORMIC ACID;ETHYL FORMATE (QTY: 50 KGS);50,00;KILOGRAMS;371,63;IMPORT;NOT DECLARED;DECLARATIONS;ERNESTO VENTOS S.A;;;;;;;;;;;;;;;;;;;;;;;;;;;;;;;;;;;;;;;;;;;;;;;;;;;;;;;;;;;;;;;;;;;;;;;;;;;;;;;;;;;;;;;;;;;;;;;;;;;;;;;;;;;;;;;;;;;;;;;;;;;;;;;;;;;;;;;;;;;;;;;;;;;;;;;;;;;;;;;;;;;;;;;;;;;;;;;;;;;;;;;;;;;;;;;;;;;;;;;;;;;;;;;;;;;;;;;;;;;;;;;;;;;;;;;;;;;;;;;;;;
19/03/2026;PAKISTAN - IMPORT;INNOVATIVE PRIVATE LIMITED;PAKISTAN;ERNESTO VENTOS S.A;SPAIN;29143900 - KETONES AND QUINONES, WHETHER OR NOT WITH OTHER OXYGEN FUNCTION, AND(..) AROMATIC KETONES WITHOUT OTHER OXYGEN FUNCTION:OTHER;BENZYL ACETONE;100,00;KILOGRAMS;1.343,83;IMPORT;NOT DECLARED;DECLARATIONS;ERNESTO VENTOS S.A;;;;;;;;;;;;;;;;;;;;;;;;;;;;;;;;;;;;;;;;;;;;;;;;;;;;;;;;;;;;;;;;;;;;;;;;;;;;;;;;;;;;;;;;;;;;;;;;;;;;;;;;;;;;;;;;;;;;;;;;;;;;;;;;;;;;;;;;;;;;;;;;;;;;;;;;;;;;;;;;;;;;;;;;;;;;;;;;;;;;;;;;;;;;;;;;;;;;;;;;;;;;;;;;;;;;;;;;;;;;;;;;;;;;;;;;;;;;;;;;;;
19/03/2026;PAKISTAN - IMPORT;INNOVATIVE PRIVATE LIMITED;PAKISTAN;ERNESTO VENTOS S.A;SPAIN;29142990 - KETONES AND QUINONES(..) CYCLANIC, CYCLENIC O(..) CYCLANIC, CYCLENIC OR CYCLOTERPENIC KETONES WITHOUT OTHER OXYGEN FUNCTION: OTHER(..);HEXALON IFF;1,00;KILOGRAMS;251,70;IMPORT;NOT DECLARED;DECLARATIONS;ERNESTO VENTOS S.A;;;;;;;;;;;;;;;;;;;;;;;;;;;;;;;;;;;;;;;;;;;;;;;;;;;;;;;;;;;;;;;;;;;;;;;;;;;;;;;;;;;;;;;;;;;;;;;;;;;;;;;;;;;;;;;;;;;;;;;;;;;;;;;;;;;;;;;;;;;;;;;;;;;;;;;;;;;;;;;;;;;;;;;;;;;;;;;;;;;;;;;;;;;;;;;;;;;;;;;;;;;;;;;;;;;;;;;;;;;;;;;;;;;;;;;;;;;;;;;;;;
19/03/2026;PAKISTAN - IMPORT;INNOVATIVE PRIVATE LIMITED;PAKISTAN;ERNESTO VENTOS S.A;SPAIN;29142990 - KETONES AND QUINONES(..) CYCLANIC, CYCLENIC O(..) CYCLANIC, CYCLENIC OR CYCLOTERPENIC KETONES WITHOUT OTHER OXYGEN FUNCTION: OTHER(..);EXALTONE FIRMENICH;2,00;KILOGRAMS;2.036,29;IMPORT;NOT DECLARED;DECLARATIONS;ERNESTO VENTOS S.A;;;;;;;;;;;;;;;;;;;;;;;;;;;;;;;;;;;;;;;;;;;;;;;;;;;;;;;;;;;;;;;;;;;;;;;;;;;;;;;;;;;;;;;;;;;;;;;;;;;;;;;;;;;;;;;;;;;;;;;;;;;;;;;;;;;;;;;;;;;;;;;;;;;;;;;;;;;;;;;;;;;;;;;;;;;;;;;;;;;;;;;;;;;;;;;;;;;;;;;;;;;;;;;;;;;;;;;;;;;;;;;;;;;;;;;;;;;;;;;;;;
19/03/2026;PAKISTAN - IMPORT;INNOVATIVE PRIVATE LIMITED;PAKISTAN;ERNESTO VENTOS S.A;SPAIN;29142300 - KETONES AND QUINONES,(..) CYCLANIC, CYCLENIC OR CYCLOTERPENIC KETONES WITHOUT OTHER OXYGEN FUNCTION:IONONES AND METHYLIONONES;METHYL IONONE ALPHA EXTRA BHT IFF;0,25;KILOGRAMS;152,27;IMPORT;NOT DECLARED;DECLARATIONS;ERNESTO VENTOS S.A;;;;;;;;;;;;;;;;;;;;;;;;;;;;;;;;;;;;;;;;;;;;;;;;;;;;;;;;;;;;;;;;;;;;;;;;;;;;;;;;;;;;;;;;;;;;;;;;;;;;;;;;;;;;;;;;;;;;;;;;;;;;;;;;;;;;;;;;;;;;;;;;;;;;;;;;;;;;;;;;;;;;;;;;;;;;;;;;;;;;;;;;;;;;;;;;;;;;;;;;;;;;;;;;;;;;;;;;;;;;;;;;;;;;;;;;;;;;;;;;;;
19/03/2026;PAKISTAN - IMPORT;INNOVATIVE PRIVATE LIMITED;PAKISTAN;ERNESTO VENTOS S.A;SPAIN;29141900 - KETONES AND QUINONES, WHETHER OR NOT WITH OTHER OXYGEN FUNCTION, AND (..) ACYCLIC KETONES WITHOUT OTHER OXYGEN FUNCTION:OTHER;2 3-PENTANEDIONE;1,00;KILOGRAMS;154,62;IMPORT;NOT DECLARED;DECLARATIONS;ERNESTO VENTOS S.A;;;;;;;;;;;;;;;;;;;;;;;;;;;;;;;;;;;;;;;;;;;;;;;;;;;;;;;;;;;;;;;;;;;;;;;;;;;;;;;;;;;;;;;;;;;;;;;;;;;;;;;;;;;;;;;;;;;;;;;;;;;;;;;;;;;;;;;;;;;;;;;;;;;;;;;;;;;;;;;;;;;;;;;;;;;;;;;;;;;;;;;;;;;;;;;;;;;;;;;;;;;;;;;;;;;;;;;;;;;;;;;;;;;;;;;;;;;;;;;;;;
19/03/2026;PAKISTAN - IMPORT;INNOVATIVE PRIVATE LIMITED;PAKISTAN;ERNESTO VENTOS S.A;SPAIN;"29121900 - ALDEHYDES, WHETHER OR NOT WITH OTHER OXYGEN FUNCTION; CYCLIC POLYME(..) ACYCLIC ALDEHYDES WITHOUT OTHER OXYGEN FUNCTION:OTHER";ALDEHYDE ISO C-11;5,00;KILOGRAMS;540,60;IMPORT;NOT DECLARED;DECLARATIONS;ERNESTO VENTOS S.A;;;;;;;;;;;;;;;;;;;;;;;;;;;;;;;;;;;;;;;;;;;;;;;;;;;;;;;;;;;;;;;;;;;;;;;;;;;;;;;;;;;;;;;;;;;;;;;;;;;;;;;;;;;;;;;;;;;;;;;;;;;;;;;;;;;;;;;;;;;;;;;;;;;;;;;;;;;;;;;;;;;;;;;;;;;;;;;;;;;;;;;;;;;;;;;;;;;;;;;;;;;;;;;;;;;;;;;;;;;;;;;;;;;;;;;;;;;;;;;;;;
19/03/2026;PAKISTAN - IMPORT;INNOVATIVE PRIVATE LIMITED;PAKISTAN;ERNESTO VENTOS S.A;SPAIN;29142990 - KETONES AND QUINONES(..) CYCLANIC, CYCLENIC O(..) CYCLANIC, CYCLENIC OR CYCLOTERPENIC KETONES WITHOUT OTHER OXYGEN FUNCTION: OTHER(..);MENTHONE BASF;5,00;KILOGRAMS;251,90;IMPORT;NOT DECLARED;DECLARATIONS;ERNESTO VENTOS S.A;;;;;;;;;;;;;;;;;;;;;;;;;;;;;;;;;;;;;;;;;;;;;;;;;;;;;;;;;;;;;;;;;;;;;;;;;;;;;;;;;;;;;;;;;;;;;;;;;;;;;;;;;;;;;;;;;;;;;;;;;;;;;;;;;;;;;;;;;;;;;;;;;;;;;;;;;;;;;;;;;;;;;;;;;;;;;;;;;;;;;;;;;;;;;;;;;;;;;;;;;;;;;;;;;;;;;;;;;;;;;;;;;;;;;;;;;;;;;;;;;;
19/03/2026;PAKISTAN - IMPORT;INNOVATIVE PRIVATE LIMITED;PAKISTAN;ERNESTO VENTOS S.A;SPAIN;29142990 - KETONES AND QUINONES(..) CYCLANIC, CYCLENIC O(..) CYCLANIC, CYCLENIC OR CYCLOTERPENIC KETONES WITHOUT OTHER OXYGEN FUNCTION: OTHER(..);PULEGONE NATURAL;2,00;KILOGRAMS;1.014,37;IMPORT;NOT DECLARED;DECLARATIONS;ERNESTO VENTOS S.A;;;;;;;;;;;;;;;;;;;;;;;;;;;;;;;;;;;;;;;;;;;;;;;;;;;;;;;;;;;;;;;;;;;;;;;;;;;;;;;;;;;;;;;;;;;;;;;;;;;;;;;;;;;;;;;;;;;;;;;;;;;;;;;;;;;;;;;;;;;;;;;;;;;;;;;;;;;;;;;;;;;;;;;;;;;;;;;;;;;;;;;;;;;;;;;;;;;;;;;;;;;;;;;;;;;;;;;;;;;;;;;;;;;;;;;;;;;;;;;;;;
19/03/2026;PAKISTAN - IMPORT;STANDARD PVT;PAKISTAN;ERNESTO VENTOS S.A;CHINA;29142990 - KETONES AND QUINONES(..) CYCLANIC, CYCLENIC O(..) CYCLANIC, CYCLENIC OR CYCLOTERPENIC KETONES WITHOUT OTHER OXYGEN FUNCTION: OTHER(..);ISOLONGIFOLANONE (PICONIA) (QTY: 100 KGS);100,00;KILOGRAMS;2.152,91;IMPORT;NOT DECLARED;DECLARATIONS;ERNESTO VENTOS S.A;;;;;;;;;;;;;;;;;;;;;;;;;;;;;;;;;;;;;;;;;;;;;;;;;;;;;;;;;;;;;;;;;;;;;;;;;;;;;;;;;;;;;;;;;;;;;;;;;;;;;;;;;;;;;;;;;;;;;;;;;;;;;;;;;;;;;;;;;;;;;;;;;;;;;;;;;;;;;;;;;;;;;;;;;;;;;;;;;;;;;;;;;;;;;;;;;;;;;;;;;;;;;;;;;;;;;;;;;;;;;;;;;;;;;;;;;;;;;;;;;;
19/03/2026;PAKISTAN - IMPORT;INNOVATIVE PRIVATE LIMITED;PAKISTAN;ERNESTO VENTOS S.A;SPAIN;29092000 - ETHERS, ETHER-ALCOHO(..) CYCLANIC, CYCLENIC OR CYCLOTERPENIC ETHERS AND THEIR HALOGENATED, SULPHONATED, NITRATED OR NITROSATE(..);AMBER CORE KAO;10,00;KILOGRAMS;278,99;IMPORT;NOT DECLARED;DECLARATIONS;ERNESTO VENTOS S.A;;;;;;;;;;;;;;;;;;;;;;;;;;;;;;;;;;;;;;;;;;;;;;;;;;;;;;;;;;;;;;;;;;;;;;;;;;;;;;;;;;;;;;;;;;;;;;;;;;;;;;;;;;;;;;;;;;;;;;;;;;;;;;;;;;;;;;;;;;;;;;;;;;;;;;;;;;;;;;;;;;;;;;;;;;;;;;;;;;;;;;;;;;;;;;;;;;;;;;;;;;;;;;;;;;;;;;;;;;;;;;;;;;;;;;;;;;;;;;;;;;
19/03/2026;PAKISTAN - IMPORT;INNOVATIVE PRIVATE LIMITED;PAKISTAN;ERNESTO VENTOS S.A;SPAIN;29092000 - ETHERS, ETHER-ALCOHO(..) CYCLANIC, CYCLENIC OR CYCLOTERPENIC ETHERS AND THEIR HALOGENATED, SULPHONATED, NITRATED OR NITROSATE(..);PHYSEOL FIRMENICH 963479;2,00;KILOGRAMS;2.046,51;IMPORT;NOT DECLARED;DECLARATIONS;ERNESTO VENTOS S.A;;;;;;;;;;;;;;;;;;;;;;;;;;;;;;;;;;;;;;;;;;;;;;;;;;;;;;;;;;;;;;;;;;;;;;;;;;;;;;;;;;;;;;;;;;;;;;;;;;;;;;;;;;;;;;;;;;;;;;;;;;;;;;;;;;;;;;;;;;;;;;;;;;;;;;;;;;;;;;;;;;;;;;;;;;;;;;;;;;;;;;;;;;;;;;;;;;;;;;;;;;;;;;;;;;;;;;;;;;;;;;;;;;;;;;;;;;;;;;;;;;
19/03/2026;PAKISTAN - IMPORT;INNOVATIVE PRIVATE LIMITED;PAKISTAN;ERNESTO VENTOS S.A;SPAIN;29092000 - ETHERS, ETHER-ALCOHO(..) CYCLANIC, CYCLENIC OR CYCLOTERPENIC ETHERS AND THEIR HALOGENATED, SULPHONATED, NITRATED OR NITROSATE(..);ORANGE FLOWER ETHER IFF;10,00;KILOGRAMS;830,83;IMPORT;NOT DECLARED;DECLARATIONS;ERNESTO VENTOS S.A;;;;;;;;;;;;;;;;;;;;;;;;;;;;;;;;;;;;;;;;;;;;;;;;;;;;;;;;;;;;;;;;;;;;;;;;;;;;;;;;;;;;;;;;;;;;;;;;;;;;;;;;;;;;;;;;;;;;;;;;;;;;;;;;;;;;;;;;;;;;;;;;;;;;;;;;;;;;;;;;;;;;;;;;;;;;;;;;;;;;;;;;;;;;;;;;;;;;;;;;;;;;;;;;;;;;;;;;;;;;;;;;;;;;;;;;;;;;;;;;;;
19/03/2026;PAKISTAN - IMPORT;INNOVATIVE PRIVATE LIMITED;PAKISTAN;ERNESTO VENTOS S.A;SPAIN;29092000 - ETHERS, ETHER-ALCOHO(..) CYCLANIC, CYCLENIC OR CYCLOTERPENIC ETHERS AND THEIR HALOGENATED, SULPHONATED, NITRATED OR NITROSATE(..);AMBER CORE KAO;15,00;KILOGRAMS;418,48;IMPORT;NOT DECLARED;DECLARATIONS;ERNESTO VENTOS S.A;;;;;;;;;;;;;;;;;;;;;;;;;;;;;;;;;;;;;;;;;;;;;;;;;;;;;;;;;;;;;;;;;;;;;;;;;;;;;;;;;;;;;;;;;;;;;;;;;;;;;;;;;;;;;;;;;;;;;;;;;;;;;;;;;;;;;;;;;;;;;;;;;;;;;;;;;;;;;;;;;;;;;;;;;;;;;;;;;;;;;;;;;;;;;;;;;;;;;;;;;;;;;;;;;;;;;;;;;;;;;;;;;;;;;;;;;;;;;;;;;;
19/03/2026;PAKISTAN - IMPORT;INNOVATIVE PRIVATE LIMITED;PAKISTAN;ERNESTO VENTOS S.A;SPAIN;29061990 - CYCLIC ALCOHOLS AND THEIR HALO(..) CYCLANIC, CYCLENIC OR CYCLOTERPENIC:OTHER CYCLANIC, CYCLENIC OR CYCLOTERPENIC: OTHER: OTHER;NORLIMWOOD;10,00;KILOGRAMS;1.045,43;IMPORT;NOT DECLARED;DECLARATIONS;ERNESTO VENTOS S.A;;;;;;;;;;;;;;;;;;;;;;;;;;;;;;;;;;;;;;;;;;;;;;;;;;;;;;;;;;;;;;;;;;;;;;;;;;;;;;;;;;;;;;;;;;;;;;;;;;;;;;;;;;;;;;;;;;;;;;;;;;;;;;;;;;;;;;;;;;;;;;;;;;;;;;;;;;;;;;;;;;;;;;;;;;;;;;;;;;;;;;;;;;;;;;;;;;;;;;;;;;;;;;;;;;;;;;;;;;;;;;;;;;;;;;;;;;;;;;;;;;
18/03/2026;ECUADOR - IMPORT;MAGIC FLAVORS S.A.;ECUADOR;ERNESTO VENTOS;CHINA;2915601900 - SATURATED ACYCLIC MONO(..) BUTANOIC ACIDS, PENTANOIC ACIDS, THEIR SALTS AND ESTERS BUTANOIC ACIDS, ITS SALTS AND ESTERS: OTHER;BUTIRATO DE ETILO;180,00;KILOGRAMS;649,38;IMPORT;MARITIME;DECLARATIONS;ERNESTO VENTOS, S.A.;;;;;;;;;;;;;;;;;;;;;;;;;;;;;;;;;;;;;;;;;;;;;;;;;;;;;;;;;;;;;;;;;;;;;;;;;;;;;;;;;;;;;;;;;;;;;;;;;;;;;;;;;;;;;;;;;;;;;;;;;;;;;;;;;;;;;;;;;;;;;;;;;;;;;;;;;;;;;;;;;;;;;;;;;;;;;;;;;;;;;;;;;;;;;;;;;;;;;;;;;;;;;;;;;;;;;;;;;;;;;;;;;;;;;;;;;;;;;;;;;;
18/03/2026;ECUADOR - IMPORT;MAGIC FLAVORS S.A.;ECUADOR;ERNESTO VENTOS;UNITED KINGDOM (UK);"2912199000 - ALDEHYDES, WHETHER OR NOT WITH OTHER OXYGEN FUNCTION; CYCLIC P(..) ACYCLIC ALDEHYDES WITHOUT OTHER OXYGEN FUNCTION:OTHER OTHER";TRANS-2-CIS 6 NONADIENAL;1,00;KILOGRAMS;1.851,58;IMPORT;MARITIME;DECLARATIONS;ERNESTO VENTOS, S.A.;;;;;;;;;;;;;;;;;;;;;;;;;;;;;;;;;;;;;;;;;;;;;;;;;;;;;;;;;;;;;;;;;;;;;;;;;;;;;;;;;;;;;;;;;;;;;;;;;;;;;;;;;;;;;;;;;;;;;;;;;;;;;;;;;;;;;;;;;;;;;;;;;;;;;;;;;;;;;;;;;;;;;;;;;;;;;;;;;;;;;;;;;;;;;;;;;;;;;;;;;;;;;;;;;;;;;;;;;;;;;;;;;;;;;;;;;;;;;;;;;;
18/03/2026;ECUADOR - IMPORT;MAGIC FLAVORS S.A.;ECUADOR;ERNESTO VENTOS;GERMANY;2905220000 - ACYCLIC ALCOHOLS AND THEIR HALOGENATED, SULPHONATED, NITRATED OR(..) UNSATURATED MONOHYDRIC ALCOHOLS:ACYCLIC TERPENE ALCOHOLS;LINALOL;25,00;KILOGRAMS;351,48;IMPORT;MARITIME;DECLARATIONS;ERNESTO VENTOS, S.A.;;;;;;;;;;;;;;;;;;;;;;;;;;;;;;;;;;;;;;;;;;;;;;;;;;;;;;;;;;;;;;;;;;;;;;;;;;;;;;;;;;;;;;;;;;;;;;;;;;;;;;;;;;;;;;;;;;;;;;;;;;;;;;;;;;;;;;;;;;;;;;;;;;;;;;;;;;;;;;;;;;;;;;;;;;;;;;;;;;;;;;;;;;;;;;;;;;;;;;;;;;;;;;;;;;;;;;;;;;;;;;;;;;;;;;;;;;;;;;;;;;
18/03/2026;ECUADOR - IMPORT;MAGIC FLAVORS S.A.;ECUADOR;ERNESTO VENTOS;MALAYSIA;"2915909000 - SATURATED ACYCLIC MONOCARBOXYLIC ACIDS AND THEIR ANHYDRIDES, HALIDES, PEROXIDES AND PEROXYACIDS; THEIR HALOGEN(..) OTHER OTHER";ACIDO DECANOICO NATURAL;50,00;KILOGRAMS;472,18;IMPORT;MARITIME;DECLARATIONS;ERNESTO VENTOS, S.A.;;;;;;;;;;;;;;;;;;;;;;;;;;;;;;;;;;;;;;;;;;;;;;;;;;;;;;;;;;;;;;;;;;;;;;;;;;;;;;;;;;;;;;;;;;;;;;;;;;;;;;;;;;;;;;;;;;;;;;;;;;;;;;;;;;;;;;;;;;;;;;;;;;;;;;;;;;;;;;;;;;;;;;;;;;;;;;;;;;;;;;;;;;;;;;;;;;;;;;;;;;;;;;;;;;;;;;;;;;;;;;;;;;;;;;;;;;;;;;;;;;
18/03/2026;ECUADOR - IMPORT;MAGIC FLAVORS S.A.;ECUADOR;ERNESTO VENTOS;CHINA;2932190000 - HETEROCYCLIC COMPOUNDS WI(..) COMPOUNDS CONTAINING AN UNFUSED FURAN RING (WHETHER OR NOT HYDROGENATED) IN THE STRUCTURE:OTHER;OXIDO DE LINALOL;10,00;KILOGRAMS;509,32;IMPORT;MARITIME;DECLARATIONS;ERNESTO VENTOS, S.A.;;;;;;;;;;;;;;;;;;;;;;;;;;;;;;;;;;;;;;;;;;;;;;;;;;;;;;;;;;;;;;;;;;;;;;;;;;;;;;;;;;;;;;;;;;;;;;;;;;;;;;;;;;;;;;;;;;;;;;;;;;;;;;;;;;;;;;;;;;;;;;;;;;;;;;;;;;;;;;;;;;;;;;;;;;;;;;;;;;;;;;;;;;;;;;;;;;;;;;;;;;;;;;;;;;;;;;;;;;;;;;;;;;;;;;;;;;;;;;;;;;
18/03/2026;ECUADOR - IMPORT;MAGIC FLAVORS S.A.;ECUADOR;ERNESTO VENTOS;BELGIUM;2915330000 - SATURATED ACYCLIC MONOCARBOXYLIC ACIDS AND THEIR ANHYDRIDES, HALIDES, PEROXIDES AND(..) ESTERS OF ACETIC ACID:N-BUTYL ACETATE;ACETATO DE BUTILO;100,00;KILOGRAMS;440,35;IMPORT;MARITIME;DECLARATIONS;ERNESTO VENTOS, S.A.;;;;;;;;;;;;;;;;;;;;;;;;;;;;;;;;;;;;;;;;;;;;;;;;;;;;;;;;;;;;;;;;;;;;;;;;;;;;;;;;;;;;;;;;;;;;;;;;;;;;;;;;;;;;;;;;;;;;;;;;;;;;;;;;;;;;;;;;;;;;;;;;;;;;;;;;;;;;;;;;;;;;;;;;;;;;;;;;;;;;;;;;;;;;;;;;;;;;;;;;;;;;;;;;;;;;;;;;;;;;;;;;;;;;;;;;;;;;;;;;;;
18/03/2026;ECUADOR - IMPORT;MAGIC FLAVORS S.A.;ECUADOR;ERNESTO VENTOS;UNITED KINGDOM (UK);2915399090 - SATURATED ACYCLIC MONOCARBOXYLIC ACIDS AND THEIR ANHYDRID(..) ESTERS OF ACETIC ACID:OTHER OTHER: OTHER. PH ROTTERDAM AGREEMENT;ACETATO DE HEXILO;100,00;KILOGRAMS;626,04;IMPORT;MARITIME;DECLARATIONS;ERNESTO VENTOS, S.A.;;;;;;;;;;;;;;;;;;;;;;;;;;;;;;;;;;;;;;;;;;;;;;;;;;;;;;;;;;;;;;;;;;;;;;;;;;;;;;;;;;;;;;;;;;;;;;;;;;;;;;;;;;;;;;;;;;;;;;;;;;;;;;;;;;;;;;;;;;;;;;;;;;;;;;;;;;;;;;;;;;;;;;;;;;;;;;;;;;;;;;;;;;;;;;;;;;;;;;;;;;;;;;;;;;;;;;;;;;;;;;;;;;;;;;;;;;;;;;;;;;
18/03/2026;ECUADOR - IMPORT;MAGIC FLAVORS S.A.;ECUADOR;ERNESTO VENTOS;CHINA;2914190000 - KETONES AND QUINONES, WHETHER OR NOT WITH OTHER OXYGEN FUNCTION, AND (..) ACYCLIC KETONES WITHOUT OTHER OXYGEN FUNCTION:OTHER;EUCALIPTOL;40,00;KILOGRAMS;700,31;IMPORT;MARITIME;DECLARATIONS;ERNESTO VENTOS, S.A.;;;;;;;;;;;;;;;;;;;;;;;;;;;;;;;;;;;;;;;;;;;;;;;;;;;;;;;;;;;;;;;;;;;;;;;;;;;;;;;;;;;;;;;;;;;;;;;;;;;;;;;;;;;;;;;;;;;;;;;;;;;;;;;;;;;;;;;;;;;;;;;;;;;;;;;;;;;;;;;;;;;;;;;;;;;;;;;;;;;;;;;;;;;;;;;;;;;;;;;;;;;;;;;;;;;;;;;;;;;;;;;;;;;;;;;;;;;;;;;;;;
18/03/2026;ECUADOR - IMPORT;MAGIC FLAVORS S.A.;ECUADOR;ERNESTO VENTOS;INDIA;2922499000 - OXYGEN-FUNCTION AMIN(..) AMINO-ACIDS, OTHER THAN THOSE CONTAINING MORE THAN ONE KIND OF OXYGEN FUNCTION, AND THEIR ESTER(..) OTHER;ANTRANILATO DE ETILO;5,00;KILOGRAMS;206,91;IMPORT;MARITIME;DECLARATIONS;ERNESTO VENTOS, S.A.;;;;;;;;;;;;;;;;;;;;;;;;;;;;;;;;;;;;;;;;;;;;;;;;;;;;;;;;;;;;;;;;;;;;;;;;;;;;;;;;;;;;;;;;;;;;;;;;;;;;;;;;;;;;;;;;;;;;;;;;;;;;;;;;;;;;;;;;;;;;;;;;;;;;;;;;;;;;;;;;;;;;;;;;;;;;;;;;;;;;;;;;;;;;;;;;;;;;;;;;;;;;;;;;;;;;;;;;;;;;;;;;;;;;;;;;;;;;;;;;;;
18/03/2026;ECUADOR - IMPORT;MAGIC FLAVORS S.A.;ECUADOR;ERNESTO VENTOS;CHINA;2915399090 - SATURATED ACYCLIC MONOCARBOXYLIC ACIDS AND THEIR ANHYDRID(..) ESTERS OF ACETIC ACID:OTHER OTHER: OTHER. PH ROTTERDAM AGREEMENT;CIS 3 ACETATO DE HEXENILO;5,00;KILOGRAMS;313,02;IMPORT;MARITIME;DECLARATIONS;ERNESTO VENTOS, S.A.;;;;;;;;;;;;;;;;;;;;;;;;;;;;;;;;;;;;;;;;;;;;;;;;;;;;;;;;;;;;;;;;;;;;;;;;;;;;;;;;;;;;;;;;;;;;;;;;;;;;;;;;;;;;;;;;;;;;;;;;;;;;;;;;;;;;;;;;;;;;;;;;;;;;;;;;;;;;;;;;;;;;;;;;;;;;;;;;;;;;;;;;;;;;;;;;;;;;;;;;;;;;;;;;;;;;;;;;;;;;;;;;;;;;;;;;;;;;;;;;;;
18/03/2026;ECUADOR - IMPORT;MAGIC FLAVORS S.A.;ECUADOR;ERNESTO VENTOS;GERMANY;"2912199000 - ALDEHYDES, WHETHER OR NOT WITH OTHER OXYGEN FUNCTION; CYCLIC P(..) ACYCLIC ALDEHYDES WITHOUT OTHER OXYGEN FUNCTION:OTHER OTHER";ALDEHIDO VALERIANICO BASF;2,00;KILOGRAMS;142,18;IMPORT;MARITIME;DECLARATIONS;ERNESTO VENTOS, S.A.;;;;;;;;;;;;;;;;;;;;;;;;;;;;;;;;;;;;;;;;;;;;;;;;;;;;;;;;;;;;;;;;;;;;;;;;;;;;;;;;;;;;;;;;;;;;;;;;;;;;;;;;;;;;;;;;;;;;;;;;;;;;;;;;;;;;;;;;;;;;;;;;;;;;;;;;;;;;;;;;;;;;;;;;;;;;;;;;;;;;;;;;;;;;;;;;;;;;;;;;;;;;;;;;;;;;;;;;;;;;;;;;;;;;;;;;;;;;;;;;;;
18/03/2026;ECUADOR - IMPORT;MAGIC FLAVORS S.A.;ECUADOR;ERNESTO VENTOS;CHINA;2933999090 - HETEROCYCLIC COMPOUNDS WITH NITROGEN HETERO-ATOM(S) ONLY. OTHER:OTHER OTHER: OTHER;2,3,5-TRIMETILPIRAZINA;2,00;KILOGRAMS;222,83;IMPORT;MARITIME;DECLARATIONS;ERNESTO VENTOS, S.A.;;;;;;;;;;;;;;;;;;;;;;;;;;;;;;;;;;;;;;;;;;;;;;;;;;;;;;;;;;;;;;;;;;;;;;;;;;;;;;;;;;;;;;;;;;;;;;;;;;;;;;;;;;;;;;;;;;;;;;;;;;;;;;;;;;;;;;;;;;;;;;;;;;;;;;;;;;;;;;;;;;;;;;;;;;;;;;;;;;;;;;;;;;;;;;;;;;;;;;;;;;;;;;;;;;;;;;;;;;;;;;;;;;;;;;;;;;;;;;;;;;
18/03/2026;ECUADOR - IMPORT;MAGIC FLAVORS S.A.;ECUADOR;ERNESTO VENTOS;ROMANIA;"2912199000 - ALDEHYDES, WHETHER OR NOT WITH OTHER OXYGEN FUNCTION; CYCLIC P(..) ACYCLIC ALDEHYDES WITHOUT OTHER OXYGEN FUNCTION:OTHER OTHER";TRANS-2-HEXENAL;100,00;KILOGRAMS;3.395,46;IMPORT;MARITIME;DECLARATIONS;ERNESTO VENTOS, S.A.;;;;;;;;;;;;;;;;;;;;;;;;;;;;;;;;;;;;;;;;;;;;;;;;;;;;;;;;;;;;;;;;;;;;;;;;;;;;;;;;;;;;;;;;;;;;;;;;;;;;;;;;;;;;;;;;;;;;;;;;;;;;;;;;;;;;;;;;;;;;;;;;;;;;;;;;;;;;;;;;;;;;;;;;;;;;;;;;;;;;;;;;;;;;;;;;;;;;;;;;;;;;;;;;;;;;;;;;;;;;;;;;;;;;;;;;;;;;;;;;;;
18/03/2026;ECUADOR - IMPORT;MAGIC FLAVORS S.A.;ECUADOR;ERNESTO VENTOS;BELGIUM;"2912210000 - ALDEHYDES, WHETHER OR NOT WITH OTHER OXYGEN FUNCTION; CYCLIC (..) CYCLIC ALDEHYDES WITHOUT OTHER OXYGEN FUNCTION:BENZALDEHYDE";BENZALDEHIDO (ALDEHICO BENZOICO);210,00;KILOGRAMS;713,04;IMPORT;MARITIME;DECLARATIONS;ERNESTO VENTOS, S.A.;;;;;;;;;;;;;;;;;;;;;;;;;;;;;;;;;;;;;;;;;;;;;;;;;;;;;;;;;;;;;;;;;;;;;;;;;;;;;;;;;;;;;;;;;;;;;;;;;;;;;;;;;;;;;;;;;;;;;;;;;;;;;;;;;;;;;;;;;;;;;;;;;;;;;;;;;;;;;;;;;;;;;;;;;;;;;;;;;;;;;;;;;;;;;;;;;;;;;;;;;;;;;;;;;;;;;;;;;;;;;;;;;;;;;;;;;;;;;;;;;;
18/03/2026;ECUADOR - IMPORT;MAGIC FLAVORS S.A.;ECUADOR;ERNESTO VENTOS;CHINA;2918300000 - CARBOXYLIC ACIDS WIT(..) CARBOXYLIC ACIDS WITH ALDEHYDE OR KETONE FUNCTION BUT WITHOUT OTHER OXYGEN FUNCTION, THEIR ANHYDRIDE(..);ACETO ACETATO DE ETILO;100,00;KILOGRAMS;344,85;IMPORT;MARITIME;DECLARATIONS;ERNESTO VENTOS, S.A.;;;;;;;;;;;;;;;;;;;;;;;;;;;;;;;;;;;;;;;;;;;;;;;;;;;;;;;;;;;;;;;;;;;;;;;;;;;;;;;;;;;;;;;;;;;;;;;;;;;;;;;;;;;;;;;;;;;;;;;;;;;;;;;;;;;;;;;;;;;;;;;;;;;;;;;;;;;;;;;;;;;;;;;;;;;;;;;;;;;;;;;;;;;;;;;;;;;;;;;;;;;;;;;;;;;;;;;;;;;;;;;;;;;;;;;;;;;;;;;;;;
18/03/2026;ECUADOR - IMPORT;MAGIC FLAVORS S.A.;ECUADOR;ERNESTO VENTOS;INDIA;2906210000 - CYCLIC ALCOHOLS AND THEIR HALOGENATED, SULPHONATED, NITRATED OR NITROSATED DERIVATIVES. AROMATIC:BENZYL ALCOHOL;ALCOHOL BENCILICO;230,00;KILOGRAMS;930,95;IMPORT;MARITIME;DECLARATIONS;ERNESTO VENTOS, S.A.;;;;;;;;;;;;;;;;;;;;;;;;;;;;;;;;;;;;;;;;;;;;;;;;;;;;;;;;;;;;;;;;;;;;;;;;;;;;;;;;;;;;;;;;;;;;;;;;;;;;;;;;;;;;;;;;;;;;;;;;;;;;;;;;;;;;;;;;;;;;;;;;;;;;;;;;;;;;;;;;;;;;;;;;;;;;;;;;;;;;;;;;;;;;;;;;;;;;;;;;;;;;;;;;;;;;;;;;;;;;;;;;;;;;;;;;;;;;;;;;;;
18/03/2026;ECUADOR - IMPORT;MAGIC FLAVORS S.A.;ECUADOR;ERNESTO VENTOS;SPAIN;"3301130000 - ESSENTIAL OILS (TERPENELESS OR NOT), INCLUDING CONCRETES AND ABSOLUTES; RESINOIDS(..) ESSENTIAL OILS OF CITRUS FRUIT:OF LEMON";ACEITE DE LIMON;180,00;KILOGRAMS;3.676,64;IMPORT;MARITIME;DECLARATIONS;ERNESTO VENTOS, S.A.;;;;;;;;;;;;;;;;;;;;;;;;;;;;;;;;;;;;;;;;;;;;;;;;;;;;;;;;;;;;;;;;;;;;;;;;;;;;;;;;;;;;;;;;;;;;;;;;;;;;;;;;;;;;;;;;;;;;;;;;;;;;;;;;;;;;;;;;;;;;;;;;;;;;;;;;;;;;;;;;;;;;;;;;;;;;;;;;;;;;;;;;;;;;;;;;;;;;;;;;;;;;;;;;;;;;;;;;;;;;;;;;;;;;;;;;;;;;;;;;;;
18/03/2026;ECUADOR - IMPORT;MAGIC FLAVORS S.A.;ECUADOR;ERNESTO VENTOS;UNITED STATES OF AMERICA;3302109000 - MIXTURES OF ODORIFEROUS SUBSTANCES AND MIXTURES (INCLUDING ALCOHOLIC (..) OF A KIND USED IN THE FOOD OR DRINK INDUSTRIES OTHER;COMPUESTO AROMATICO WS-5;10,00;KILOGRAMS;2.069,10;IMPORT;MARITIME;DECLARATIONS;ERNESTO VENTOS, S.A.;;;;;;;;;;;;;;;;;;;;;;;;;;;;;;;;;;;;;;;;;;;;;;;;;;;;;;;;;;;;;;;;;;;;;;;;;;;;;;;;;;;;;;;;;;;;;;;;;;;;;;;;;;;;;;;;;;;;;;;;;;;;;;;;;;;;;;;;;;;;;;;;;;;;;;;;;;;;;;;;;;;;;;;;;;;;;;;;;;;;;;;;;;;;;;;;;;;;;;;;;;;;;;;;;;;;;;;;;;;;;;;;;;;;;;;;;;;;;;;;;;
18/03/2026;ECUADOR - IMPORT;MAGIC FLAVORS S.A.;ECUADOR;ERNESTO VENTOS;CHINA;3302109000 - MIXTURES OF ODORIFEROUS SUBSTANCES AND MIXTURES (INCLUDING ALCOHOLIC (..) OF A KIND USED IN THE FOOD OR DRINK INDUSTRIES OTHER;COMPUESTO AROMATICO WS-3;25,00;KILOGRAMS;1.777,31;IMPORT;MARITIME;DECLARATIONS;ERNESTO VENTOS, S.A.;;;;;;;;;;;;;;;;;;;;;;;;;;;;;;;;;;;;;;;;;;;;;;;;;;;;;;;;;;;;;;;;;;;;;;;;;;;;;;;;;;;;;;;;;;;;;;;;;;;;;;;;;;;;;;;;;;;;;;;;;;;;;;;;;;;;;;;;;;;;;;;;;;;;;;;;;;;;;;;;;;;;;;;;;;;;;;;;;;;;;;;;;;;;;;;;;;;;;;;;;;;;;;;;;;;;;;;;;;;;;;;;;;;;;;;;;;;;;;;;;;
18/03/2026;ECUADOR - IMPORT;IMPORTACIONES Y REPRESENTACIONES AROMCOLOR SA;ECUADOR;ERNESTO VENTOS;CHINA;2912410000 - ALDEHYDES, WHETHER O(..) ALDEHYDE-ETHERS, ALDEHYDE-PHENOLS AND ALDEHYDES WITH OTHER OXYGEN FUNCTION:VANILLIN (4-HYDROXY-3-MET(..);VAINILLIN;2.000,00;KILOGRAMS;22.862,70;IMPORT;MARITIME;DECLARATIONS;ERNESTO VENTOS, S.A.;;;;;;;;;;;;;;;;;;;;;;;;;;;;;;;;;;;;;;;;;;;;;;;;;;;;;;;;;;;;;;;;;;;;;;;;;;;;;;;;;;;;;;;;;;;;;;;;;;;;;;;;;;;;;;;;;;;;;;;;;;;;;;;;;;;;;;;;;;;;;;;;;;;;;;;;;;;;;;;;;;;;;;;;;;;;;;;;;;;;;;;;;;;;;;;;;;;;;;;;;;;;;;;;;;;;;;;;;;;;;;;;;;;;;;;;;;;;;;;;;;
18/03/2026;ECUADOR - IMPORT;IMPORTACIONES Y REPRESENTACIONES AROMCOLOR SA;ECUADOR;ERNESTO VENTOS;INDIA;3301240000 - ESSENTIAL OILS (TERPENELESS OR NOT), INCL(..) ESSENTIAL OILS OTHER THAN THOSE OF CITRUS FRUIT:OF PEPPERMINT (MENTHA PIPERITA);MENTA ESENCIA;720,00;KILOGRAMS;20.143,24;IMPORT;MARITIME;DECLARATIONS;ERNESTO VENTOS, S.A.;;;;;;;;;;;;;;;;;;;;;;;;;;;;;;;;;;;;;;;;;;;;;;;;;;;;;;;;;;;;;;;;;;;;;;;;;;;;;;;;;;;;;;;;;;;;;;;;;;;;;;;;;;;;;;;;;;;;;;;;;;;;;;;;;;;;;;;;;;;;;;;;;;;;;;;;;;;;;;;;;;;;;;;;;;;;;;;;;;;;;;;;;;;;;;;;;;;;;;;;;;;;;;;;;;;;;;;;;;;;;;;;;;;;;;;;;;;;;;;;;;
18/03/2026;ECUADOR - IMPORT;IMPORTACIONES Y REPRESENTACIONES AROMCOLOR SA;ECUADOR;ERNESTO VENTOS;CHINA;2932992000 - HETEROCYCLIC COMPOUNDS WITH OXYGEN HETERO-ATOM(S) ONLY. OTHER:OTHER EUCALYPTOL;EUCALYPTOL USP;720,00;KILOGRAMS;20.359,84;IMPORT;MARITIME;DECLARATIONS;ERNESTO VENTOS, S.A.;;;;;;;;;;;;;;;;;;;;;;;;;;;;;;;;;;;;;;;;;;;;;;;;;;;;;;;;;;;;;;;;;;;;;;;;;;;;;;;;;;;;;;;;;;;;;;;;;;;;;;;;;;;;;;;;;;;;;;;;;;;;;;;;;;;;;;;;;;;;;;;;;;;;;;;;;;;;;;;;;;;;;;;;;;;;;;;;;;;;;;;;;;;;;;;;;;;;;;;;;;;;;;;;;;;;;;;;;;;;;;;;;;;;;;;;;;;;;;;;;;
18/03/2026;ECUADOR - IMPORT;FLORASINTESIS FRAGANCIAS Y AROMAS CIA. LTDA;ECUADOR;ERNESTO VENTOS;SPAIN;9807204000 -   SAMPLES WITHOUT COMMERCIAL VALUE;MUESTRA DE MATERIA PRIMA PARA ELABORACION DE FRAGANCIAS;0,09;KILOGRAMS;3,62;IMPORT;AIR;DECLARATIONS;ERNESTO VENTOS S.A.;;;;;;;;;;;;;;;;;;;;;;;;;;;;;;;;;;;;;;;;;;;;;;;;;;;;;;;;;;;;;;;;;;;;;;;;;;;;;;;;;;;;;;;;;;;;;;;;;;;;;;;;;;;;;;;;;;;;;;;;;;;;;;;;;;;;;;;;;;;;;;;;;;;;;;;;;;;;;;;;;;;;;;;;;;;;;;;;;;;;;;;;;;;;;;;;;;;;;;;;;;;;;;;;;;;;;;;;;;;;;;;;;;;;;;;;;;;;;;;;;;
17/03/2026;UKRAINE - IMPORT;LIMITED LIABILITY COMPANY JOINT UKRAINIAN GERMAN P 29016 KHMELNITSKY REGION KHMELNYTSKYI PASS YURI KOZLOVSKY B;UKRAINE;NOT DECLARED;MADAGASCAR;3301294900 - ESSENTIAL OILS (TERPENELESS OR NOT), (..) ESSENTIAL OILS OTHER THAN THOSE OF CITRUS FRUIT:OTHER OTHER: NOT DETERPENATED: OTHER;"???? ?????? ????????????????? (??? ??????? ??? ?? ??????? ???????) ??? ??????????????? (??? ?? ??????? ????????), ????????? ???????? ?? ????????; ?????????; ???????????? ?????? ????; ??????????? ??????? ???? ? ?????, ???????? ?????, ?????? ??? ? ????? ???????? ?????????, ???????? ???????? ????????? ??? ?????????; ????????? ??????? ???????? ?????????????? ??????? ????; ????? ????????? ?? ????? ??????? ??????? ????: - ?????? ????,???? ??????? ???? ?????????? ??????: - ????: - ????: - ????";5,00;KILOGRAMS;608,92;IMPORT;NOT CLASSIFIED;DECLARATIONS;ERNESTO VENTOS S A CARRETERA REIAL 120B 08960 SANT JUST DESVERN;;;;;;;;;;;;;;;;;;;;;;;;;;;;;;;;;;;;;;;;;;;;;;;;;;;;;;;;;;;;;;;;;;;;;;;;;;;;;;;;;;;;;;;;;;;;;;;;;;;;;;;;;;;;;;;;;;;;;;;;;;;;;;;;;;;;;;;;;;;;;;;;;;;;;;;;;;;;;;;;;;;;;;;;;;;;;;;;;;;;;;;;;;;;;;;;;;;;;;;;;;;;;;;;;;;;;;;;;;;;;;;;;;;;;;;;;;;;;;;;;;
17/03/2026;UKRAINE - IMPORT;LIMITED LIABILITY COMPANY JOINT UKRAINIAN GERMAN P 29016 KHMELNITSKY REGION KHMELNYTSKYI PASS YURI KOZLOVSKY B;UKRAINE;NOT DECLARED;CHINA;2932990000 - HETEROCYCLIC COMPOUNDS WITH OXYGEN HETERO-ATOM(S) ONLY. OTHER:OTHER;??????? ?????????????? ???? ? ???????????? (???????) ?????: - ????: - - ????;5,00;KILOGRAMS;1.414,27;IMPORT;NOT CLASSIFIED;DECLARATIONS;ERNESTO VENTOS S A CARRETERA REIAL 120B 08960 SANT JUST DESVERN;;;;;;;;;;;;;;;;;;;;;;;;;;;;;;;;;;;;;;;;;;;;;;;;;;;;;;;;;;;;;;;;;;;;;;;;;;;;;;;;;;;;;;;;;;;;;;;;;;;;;;;;;;;;;;;;;;;;;;;;;;;;;;;;;;;;;;;;;;;;;;;;;;;;;;;;;;;;;;;;;;;;;;;;;;;;;;;;;;;;;;;;;;;;;;;;;;;;;;;;;;;;;;;;;;;;;;;;;;;;;;;;;;;;;;;;;;;;;;;;;;
17/03/2026;UKRAINE - IMPORT;LIMITED LIABILITY COMPANY JOINT UKRAINIAN GERMAN P 29016 KHMELNITSKY REGION KHMELNYTSKYI PASS YURI KOZLOVSKY B;UKRAINE;NOT DECLARED;CHINA;2902190000 - CYCLIC HYDROCARBONS. CYCLANES, CYCLENES AND CYCLOTERPENES:OTHER;?????????? ????????: - ??????? (???????????), ??????? (???????????) ?? ????????????: - - ????;10,00;KILOGRAMS;137,89;IMPORT;NOT CLASSIFIED;DECLARATIONS;ERNESTO VENTOS S A CARRETERA REIAL 120B 08960 SANT JUST DESVERN;;;;;;;;;;;;;;;;;;;;;;;;;;;;;;;;;;;;;;;;;;;;;;;;;;;;;;;;;;;;;;;;;;;;;;;;;;;;;;;;;;;;;;;;;;;;;;;;;;;;;;;;;;;;;;;;;;;;;;;;;;;;;;;;;;;;;;;;;;;;;;;;;;;;;;;;;;;;;;;;;;;;;;;;;;;;;;;;;;;;;;;;;;;;;;;;;;;;;;;;;;;;;;;;;;;;;;;;;;;;;;;;;;;;;;;;;;;;;;;;;;
17/03/2026;UKRAINE - IMPORT;LIMITED LIABILITY COMPANY JOINT UKRAINIAN GERMAN P 29016 KHMELNITSKY REGION KHMELNYTSKYI PASS YURI KOZLOVSKY B;UKRAINE;NOT DECLARED;MEXICO;3301192010 - ESSENTIAL OILS (TERPENELESS OR NOT)(..) ESSENTIAL OILS OF CITRUS FRUIT:OTHER NOT DETERPENATED: WITH LIMES AND BERGAMOT ORANGES;"???? ?????? ????????????????? (??? ??????? ???????) ??? ??????????????? (??? ?? ??????? ????????), ????????? ???????? ?? ???????? (????????? ????????? ??????? ????); ?????????; ???????????? ?????? ????; ??????????? ??????? ????? ?????, ?????? ?????, ?????? ??? ? ????? ???????? ?????????, ???????? ???????? ????????? ??? ?????????; ????????? ??????? ???????? ?????????????? ??????? ????; ????? ????????? ?? ????? ??????? ??????? ????: - ?????? ???? ?????????? ??????: - - ????: - - - ?????????????????: - - - - ? ????? ?? ?????????";20,00;KILOGRAMS;1.131,41;IMPORT;NOT CLASSIFIED;DECLARATIONS;ERNESTO VENTOS S A CARRETERA REIAL 120B 08960 SANT JUST DESVERN;;;;;;;;;;;;;;;;;;;;;;;;;;;;;;;;;;;;;;;;;;;;;;;;;;;;;;;;;;;;;;;;;;;;;;;;;;;;;;;;;;;;;;;;;;;;;;;;;;;;;;;;;;;;;;;;;;;;;;;;;;;;;;;;;;;;;;;;;;;;;;;;;;;;;;;;;;;;;;;;;;;;;;;;;;;;;;;;;;;;;;;;;;;;;;;;;;;;;;;;;;;;;;;;;;;;;;;;;;;;;;;;;;;;;;;;;;;;;;;;;;
17/03/2026;UKRAINE - IMPORT;LIMITED LIABILITY COMPANY JOINT UKRAINIAN GERMAN P 29016 KHMELNITSKY REGION KHMELNYTSKYI PASS YURI KOZLOVSKY B;UKRAINE;NOT DECLARED;INDIA;2915390000 - SATURATED ACYCLIC MONOCARBOXYLIC ACIDS AND THEIR ANHYDRIDES, HALIDES, PEROXIDES AND PEROXYACI(..) ESTERS OF ACETIC ACID:OTHER;"??????? ????????? ????????????? ???????? ?? ?? ?????????, ????????????????, ?????????, ??????????????; ?? ????????????, ??????????, ????????? ??? ??????????? ???????: - ??????? ????? ??????? ???????: - - ????";15,00;KILOGRAMS;2.258,82;IMPORT;NOT CLASSIFIED;DECLARATIONS;ERNESTO VENTOS S A CARRETERA REIAL 120B 08960 SANT JUST DESVERN;;;;;;;;;;;;;;;;;;;;;;;;;;;;;;;;;;;;;;;;;;;;;;;;;;;;;;;;;;;;;;;;;;;;;;;;;;;;;;;;;;;;;;;;;;;;;;;;;;;;;;;;;;;;;;;;;;;;;;;;;;;;;;;;;;;;;;;;;;;;;;;;;;;;;;;;;;;;;;;;;;;;;;;;;;;;;;;;;;;;;;;;;;;;;;;;;;;;;;;;;;;;;;;;;;;;;;;;;;;;;;;;;;;;;;;;;;;;;;;;;;
17/03/2026;MEXICO - PEDIMENTOS IMPORTS;VENTOS, ESENCIAS Y QUIMICOS SA DE CV;MEXICO;ERNESTO VENTOS, S.A;INDIA;2926909999 - NITRILE -FUNCTION COMPOUNDS. OTHER OTHER: OTHER;CINAMIL NITRILO;25,00;KILOGRAMS;1.420,94;IMPORT;AIR;DECLARATIONS;ERNESTO VENTOS S.A.;;;;;;;;;;;;;;;;;;;;;;;;;;;;;;;;;;;;;;;;;;;;;;;;;;;;;;;;;;;;;;;;;;;;;;;;;;;;;;;;;;;;;;;;;;;;;;;;;;;;;;;;;;;;;;;;;;;;;;;;;;;;;;;;;;;;;;;;;;;;;;;;;;;;;;;;;;;;;;;;;;;;;;;;;;;;;;;;;;;;;;;;;;;;;;;;;;;;;;;;;;;;;;;;;;;;;;;;;;;;;;;;;;;;;;;;;;;;;;;;;;
17/03/2026;ECUADOR - IMPORT;CONFITECA C.A.;ECUADOR;ERNESTO VENTOS;SPAIN;3302109000 - MIXTURES OF ODORIFEROUS SUBSTANCES AND MIXTURES (INCLUDING ALCOHOLIC (..) OF A KIND USED IN THE FOOD OR DRINK INDUSTRIES OTHER;ACEITE ESENCIAL DE MENTA;600,00;KILOGRAMS;21.214,84;IMPORT;MARITIME;DECLARATIONS;ERNESTO VENTOS, S.A.;;;;;;;;;;;;;;;;;;;;;;;;;;;;;;;;;;;;;;;;;;;;;;;;;;;;;;;;;;;;;;;;;;;;;;;;;;;;;;;;;;;;;;;;;;;;;;;;;;;;;;;;;;;;;;;;;;;;;;;;;;;;;;;;;;;;;;;;;;;;;;;;;;;;;;;;;;;;;;;;;;;;;;;;;;;;;;;;;;;;;;;;;;;;;;;;;;;;;;;;;;;;;;;;;;;;;;;;;;;;;;;;;;;;;;;;;;;;;;;;;;
17/03/2026;ECUADOR - IMPORT;FLORASINTESIS FRAGANCIAS Y AROMAS CIA. LTDA;ECUADOR;ERNESTO VENTOS;SPAIN;9807204000 -   SAMPLES WITHOUT COMMERCIAL VALUE;MUESTRAS DE MATERIAS PRIMAS PARA LA ELABORACION SABORES Y FRAGANCIAS INDUSTRIALES BOX;0,50;KILOGRAMS;4,22;IMPORT;AIR;DECLARATIONS;ERNESTO VENTOS S.A.;;;;;;;;;;;;;;;;;;;;;;;;;;;;;;;;;;;;;;;;;;;;;;;;;;;;;;;;;;;;;;;;;;;;;;;;;;;;;;;;;;;;;;;;;;;;;;;;;;;;;;;;;;;;;;;;;;;;;;;;;;;;;;;;;;;;;;;;;;;;;;;;;;;;;;;;;;;;;;;;;;;;;;;;;;;;;;;;;;;;;;;;;;;;;;;;;;;;;;;;;;;;;;;;;;;;;;;;;;;;;;;;;;;;;;;;;;;;;;;;;;
17/03/2026;ECUADOR - IMPORT;EXTRACTOS ANDINOS CA;ECUADOR;ERNESTO VENTOS;SPAIN;9807204000 -   SAMPLES WITHOUT COMMERCIAL VALUE;MUESTRAS DE ACEITES ESENCIALES;0,50;KILOGRAMS;4,20;IMPORT;AIR;DECLARATIONS;ERNESTO VENTOS S.A.;;;;;;;;;;;;;;;;;;;;;;;;;;;;;;;;;;;;;;;;;;;;;;;;;;;;;;;;;;;;;;;;;;;;;;;;;;;;;;;;;;;;;;;;;;;;;;;;;;;;;;;;;;;;;;;;;;;;;;;;;;;;;;;;;;;;;;;;;;;;;;;;;;;;;;;;;;;;;;;;;;;;;;;;;;;;;;;;;;;;;;;;;;;;;;;;;;;;;;;;;;;;;;;;;;;;;;;;;;;;;;;;;;;;;;;;;;;;;;;;;;
14/03/2026;PAKISTAN - IMPORT;FRANSCENT (PRIVATE) LIMITED;PAKISTAN;ERNESTO VENTOS S.A;SPAIN;29156020 - SATURATED ACYCLIC MO(..) BUTANOIC ACIDS, PENT(..) BUTANOIC ACIDS, PENTANOIC ACIDS, THEIR SALTS AND ESTERS: SALTS AND ESTER OF BUTY(..);VANILLIN ISOBUTYRATE (AROMATIC CHEMICAL C.A.S. NO.20665-85-4);5,00;KILOGRAMS;262,32;IMPORT;NOT DECLARED;DECLARATIONS;ERNESTO VENTOS S.A;;;;;;;;;;;;;;;;;;;;;;;;;;;;;;;;;;;;;;;;;;;;;;;;;;;;;;;;;;;;;;;;;;;;;;;;;;;;;;;;;;;;;;;;;;;;;;;;;;;;;;;;;;;;;;;;;;;;;;;;;;;;;;;;;;;;;;;;;;;;;;;;;;;;;;;;;;;;;;;;;;;;;;;;;;;;;;;;;;;;;;;;;;;;;;;;;;;;;;;;;;;;;;;;;;;;;;;;;;;;;;;;;;;;;;;;;;;;;;;;;;
14/03/2026;PAKISTAN - IMPORT;FRANSCENT (PRIVATE) LIMITED;PAKISTAN;ERNESTO VENTOS S.A;SPAIN;29141900 - KETONES AND QUINONES, WHETHER OR NOT WITH OTHER OXYGEN FUNCTION, AND (..) ACYCLIC KETONES WITHOUT OTHER OXYGEN FUNCTION:OTHER;2-UNDECANONE (AROMATIC CHEMICALS C.A.S. NO.112-12-9);10,00;KILOGRAMS;361,42;IMPORT;NOT DECLARED;DECLARATIONS;ERNESTO VENTOS S.A;;;;;;;;;;;;;;;;;;;;;;;;;;;;;;;;;;;;;;;;;;;;;;;;;;;;;;;;;;;;;;;;;;;;;;;;;;;;;;;;;;;;;;;;;;;;;;;;;;;;;;;;;;;;;;;;;;;;;;;;;;;;;;;;;;;;;;;;;;;;;;;;;;;;;;;;;;;;;;;;;;;;;;;;;;;;;;;;;;;;;;;;;;;;;;;;;;;;;;;;;;;;;;;;;;;;;;;;;;;;;;;;;;;;;;;;;;;;;;;;;;
14/03/2026;PAKISTAN - IMPORT;FRANSCENT (PRIVATE) LIMITED;PAKISTAN;ERNESTO VENTOS S.A;SPAIN;29021920 - CYCLIC HYDROCARBONS. CYCLANES, CYCLENES AND CYCLOTERPENES(..) CYCLANES, CYCLENES AND CYCLOTERPENES: OTHER: LIMONENE(DIPENTENE);LIMONENE-D NATURAL (AROMATIC CHEMICAL C.A.S. NO.5989-27-5);2.084,00;KILOGRAMS;27.940,92;IMPORT;NOT DECLARED;DECLARATIONS;ERNESTO VENTOS S.A;;;;;;;;;;;;;;;;;;;;;;;;;;;;;;;;;;;;;;;;;;;;;;;;;;;;;;;;;;;;;;;;;;;;;;;;;;;;;;;;;;;;;;;;;;;;;;;;;;;;;;;;;;;;;;;;;;;;;;;;;;;;;;;;;;;;;;;;;;;;;;;;;;;;;;;;;;;;;;;;;;;;;;;;;;;;;;;;;;;;;;;;;;;;;;;;;;;;;;;;;;;;;;;;;;;;;;;;;;;;;;;;;;;;;;;;;;;;;;;;;;
14/03/2026;PAKISTAN - IMPORT;FRANSCENT (PRIVATE) LIMITED;PAKISTAN;ERNESTO VENTOS S.A;SPAIN;29021920 - CYCLIC HYDROCARBONS. CYCLANES, CYCLENES AND CYCLOTERPENES(..) CYCLANES, CYCLENES AND CYCLOTERPENES: OTHER: LIMONENE(DIPENTENE);TERPINOLENE RECTIFIED  (AROMATIC CHEMICAL C.A.S. NO.586-62-9);1.050,00;KILOGRAMS;5.447,46;IMPORT;NOT DECLARED;DECLARATIONS;ERNESTO VENTOS S.A;;;;;;;;;;;;;;;;;;;;;;;;;;;;;;;;;;;;;;;;;;;;;;;;;;;;;;;;;;;;;;;;;;;;;;;;;;;;;;;;;;;;;;;;;;;;;;;;;;;;;;;;;;;;;;;;;;;;;;;;;;;;;;;;;;;;;;;;;;;;;;;;;;;;;;;;;;;;;;;;;;;;;;;;;;;;;;;;;;;;;;;;;;;;;;;;;;;;;;;;;;;;;;;;;;;;;;;;;;;;;;;;;;;;;;;;;;;;;;;;;;
14/03/2026;ECUADOR - IMPORT;FLORASINTESIS FRAGANCIAS Y AROMAS CIA. LTDA;ECUADOR;ERNESTO VENTOS;SPAIN;9807204000 -   SAMPLES WITHOUT COMMERCIAL VALUE;MUESTRA DE ACEITE ESENCIAL;0,50;KILOGRAMS;4,22;IMPORT;AIR;DECLARATIONS;ERNESTO VENTOS S.A.;;;;;;;;;;;;;;;;;;;;;;;;;;;;;;;;;;;;;;;;;;;;;;;;;;;;;;;;;;;;;;;;;;;;;;;;;;;;;;;;;;;;;;;;;;;;;;;;;;;;;;;;;;;;;;;;;;;;;;;;;;;;;;;;;;;;;;;;;;;;;;;;;;;;;;;;;;;;;;;;;;;;;;;;;;;;;;;;;;;;;;;;;;;;;;;;;;;;;;;;;;;;;;;;;;;;;;;;;;;;;;;;;;;;;;;;;;;;;;;;;;
13/03/2026;PAKISTAN - IMPORT;INNOVATIVE PRIVATE LIMITED;PAKISTAN;ERNESTO VENTOS S.A;SPAIN;29329990 - HETEROCYCLIC COMPOUNDS WITH OXYGEN HETERO-ATOM(S) ONLY. OTHER:OTHER OTHER: OTHER: OTHER;GRISALVA IFF;1,00;KILOGRAMS;1.418,43;IMPORT;NOT DECLARED;DECLARATIONS;ERNESTO VENTOS S.A;;;;;;;;;;;;;;;;;;;;;;;;;;;;;;;;;;;;;;;;;;;;;;;;;;;;;;;;;;;;;;;;;;;;;;;;;;;;;;;;;;;;;;;;;;;;;;;;;;;;;;;;;;;;;;;;;;;;;;;;;;;;;;;;;;;;;;;;;;;;;;;;;;;;;;;;;;;;;;;;;;;;;;;;;;;;;;;;;;;;;;;;;;;;;;;;;;;;;;;;;;;;;;;;;;;;;;;;;;;;;;;;;;;;;;;;;;;;;;;;;;
13/03/2026;PAKISTAN - IMPORT;INNOVATIVE PRIVATE LIMITED;PAKISTAN;ERNESTO VENTOS S.A;SPAIN;29329990 - HETEROCYCLIC COMPOUNDS WITH OXYGEN HETERO-ATOM(S) ONLY. OTHER:OTHER OTHER: OTHER: OTHER;INDOLAROME;20,00;KILOGRAMS;1.185,44;IMPORT;NOT DECLARED;DECLARATIONS;ERNESTO VENTOS S.A;;;;;;;;;;;;;;;;;;;;;;;;;;;;;;;;;;;;;;;;;;;;;;;;;;;;;;;;;;;;;;;;;;;;;;;;;;;;;;;;;;;;;;;;;;;;;;;;;;;;;;;;;;;;;;;;;;;;;;;;;;;;;;;;;;;;;;;;;;;;;;;;;;;;;;;;;;;;;;;;;;;;;;;;;;;;;;;;;;;;;;;;;;;;;;;;;;;;;;;;;;;;;;;;;;;;;;;;;;;;;;;;;;;;;;;;;;;;;;;;;;
13/03/2026;PAKISTAN - IMPORT;INNOVATIVE PRIVATE LIMITED;PAKISTAN;ERNESTO VENTOS S.A;SPAIN;29329990 - HETEROCYCLIC COMPOUNDS WITH OXYGEN HETERO-ATOM(S) ONLY. OTHER:OTHER OTHER: OTHER: OTHER;AMBROTECH KAO;25,00;KILOGRAMS;14.562,45;IMPORT;NOT DECLARED;DECLARATIONS;ERNESTO VENTOS S.A;;;;;;;;;;;;;;;;;;;;;;;;;;;;;;;;;;;;;;;;;;;;;;;;;;;;;;;;;;;;;;;;;;;;;;;;;;;;;;;;;;;;;;;;;;;;;;;;;;;;;;;;;;;;;;;;;;;;;;;;;;;;;;;;;;;;;;;;;;;;;;;;;;;;;;;;;;;;;;;;;;;;;;;;;;;;;;;;;;;;;;;;;;;;;;;;;;;;;;;;;;;;;;;;;;;;;;;;;;;;;;;;;;;;;;;;;;;;;;;;;;
13/03/2026;PAKISTAN - IMPORT;INNOVATIVE PRIVATE LIMITED;PAKISTAN;ERNESTO VENTOS S.A;SPAIN;29329990 - HETEROCYCLIC COMPOUNDS WITH OXYGEN HETERO-ATOM(S) ONLY. OTHER:OTHER OTHER: OTHER: OTHER;YSAMBER K SYMRISE;25,00;KILOGRAMS;1.231,42;IMPORT;NOT DECLARED;DECLARATIONS;ERNESTO VENTOS S.A;;;;;;;;;;;;;;;;;;;;;;;;;;;;;;;;;;;;;;;;;;;;;;;;;;;;;;;;;;;;;;;;;;;;;;;;;;;;;;;;;;;;;;;;;;;;;;;;;;;;;;;;;;;;;;;;;;;;;;;;;;;;;;;;;;;;;;;;;;;;;;;;;;;;;;;;;;;;;;;;;;;;;;;;;;;;;;;;;;;;;;;;;;;;;;;;;;;;;;;;;;;;;;;;;;;;;;;;;;;;;;;;;;;;;;;;;;;;;;;;;;
13/03/2026;PAKISTAN - IMPORT;INNOVATIVE PRIVATE LIMITED;PAKISTAN;ERNESTO VENTOS S.A;SPAIN;29183000 - CARBOXYLIC ACIDS WIT(..) CARBOXYLIC ACIDS WITH ALDEHYDE OR KETONE FUNCTION BUT WITHOUT OTHER OXYGEN FUNCTION, THEIR ANHYDRIDE(..);ETHYL ACETOACETATE;10,00;KILOGRAMS;143,07;IMPORT;NOT DECLARED;DECLARATIONS;ERNESTO VENTOS S.A;;;;;;;;;;;;;;;;;;;;;;;;;;;;;;;;;;;;;;;;;;;;;;;;;;;;;;;;;;;;;;;;;;;;;;;;;;;;;;;;;;;;;;;;;;;;;;;;;;;;;;;;;;;;;;;;;;;;;;;;;;;;;;;;;;;;;;;;;;;;;;;;;;;;;;;;;;;;;;;;;;;;;;;;;;;;;;;;;;;;;;;;;;;;;;;;;;;;;;;;;;;;;;;;;;;;;;;;;;;;;;;;;;;;;;;;;;;;;;;;;;
13/03/2026;PAKISTAN - IMPORT;INNOVATIVE PRIVATE LIMITED;PAKISTAN;ERNESTO VENTOS S.A;SPAIN;29163990 - UNSATURATED       AC(..) AROMATIC MONOCARBOXY(..) AROMATIC MONOCARBOXYLIC ACIDS, THEIR ANHYDRIDES, HALIDES, PEROXIDES, PEROXYACIDS(..);METHYL PHENYLACETATE;10,00;KILOGRAMS;204,39;IMPORT;NOT DECLARED;DECLARATIONS;ERNESTO VENTOS S.A;;;;;;;;;;;;;;;;;;;;;;;;;;;;;;;;;;;;;;;;;;;;;;;;;;;;;;;;;;;;;;;;;;;;;;;;;;;;;;;;;;;;;;;;;;;;;;;;;;;;;;;;;;;;;;;;;;;;;;;;;;;;;;;;;;;;;;;;;;;;;;;;;;;;;;;;;;;;;;;;;;;;;;;;;;;;;;;;;;;;;;;;;;;;;;;;;;;;;;;;;;;;;;;;;;;;;;;;;;;;;;;;;;;;;;;;;;;;;;;;;;
13/03/2026;PAKISTAN - IMPORT;INNOVATIVE PRIVATE LIMITED;PAKISTAN;ERNESTO VENTOS S.A;SPAIN;29161990 - UNSATURATED       AC(..) UNSATURATED ACYCLIC (..) UNSATURATED ACYCLIC MONOCARBOXYLIC ACIDS, THEIR ANHYDRIDES, HALIDES, PEROXIDES, (..);ETHYL TRANS2CIS4DECADIENOATE;1,00;KILOGRAMS;579,43;IMPORT;NOT DECLARED;DECLARATIONS;ERNESTO VENTOS S.A;;;;;;;;;;;;;;;;;;;;;;;;;;;;;;;;;;;;;;;;;;;;;;;;;;;;;;;;;;;;;;;;;;;;;;;;;;;;;;;;;;;;;;;;;;;;;;;;;;;;;;;;;;;;;;;;;;;;;;;;;;;;;;;;;;;;;;;;;;;;;;;;;;;;;;;;;;;;;;;;;;;;;;;;;;;;;;;;;;;;;;;;;;;;;;;;;;;;;;;;;;;;;;;;;;;;;;;;;;;;;;;;;;;;;;;;;;;;;;;;;;
13/03/2026;PAKISTAN - IMPORT;INNOVATIVE PRIVATE LIMITED;PAKISTAN;ERNESTO VENTOS S.A;SPAIN;29153990 - SATURATED ACYCLIC MONOCARBOXYLIC ACIDS AND THEIR ANHYDRIDE(..) ESTERS OF ACETIC ACID:OTHER ESTERS OF ACETIC ACID: OTHER: OTHER;CARYOPHYLLENE ACETATE;10,00;KILOGRAMS;327,01;IMPORT;NOT DECLARED;DECLARATIONS;ERNESTO VENTOS S.A;;;;;;;;;;;;;;;;;;;;;;;;;;;;;;;;;;;;;;;;;;;;;;;;;;;;;;;;;;;;;;;;;;;;;;;;;;;;;;;;;;;;;;;;;;;;;;;;;;;;;;;;;;;;;;;;;;;;;;;;;;;;;;;;;;;;;;;;;;;;;;;;;;;;;;;;;;;;;;;;;;;;;;;;;;;;;;;;;;;;;;;;;;;;;;;;;;;;;;;;;;;;;;;;;;;;;;;;;;;;;;;;;;;;;;;;;;;;;;;;;;
13/03/2026;PAKISTAN - IMPORT;INNOVATIVE PRIVATE LIMITED;PAKISTAN;ERNESTO VENTOS S.A;SPAIN;29153990 - SATURATED ACYCLIC MONOCARBOXYLIC ACIDS AND THEIR ANHYDRIDE(..) ESTERS OF ACETIC ACID:OTHER ESTERS OF ACETIC ACID: OTHER: OTHER;VETIKOL ACETATE;10,00;KILOGRAMS;562,06;IMPORT;NOT DECLARED;DECLARATIONS;ERNESTO VENTOS S.A;;;;;;;;;;;;;;;;;;;;;;;;;;;;;;;;;;;;;;;;;;;;;;;;;;;;;;;;;;;;;;;;;;;;;;;;;;;;;;;;;;;;;;;;;;;;;;;;;;;;;;;;;;;;;;;;;;;;;;;;;;;;;;;;;;;;;;;;;;;;;;;;;;;;;;;;;;;;;;;;;;;;;;;;;;;;;;;;;;;;;;;;;;;;;;;;;;;;;;;;;;;;;;;;;;;;;;;;;;;;;;;;;;;;;;;;;;;;;;;;;;
13/03/2026;PAKISTAN - IMPORT;INNOVATIVE PRIVATE LIMITED;PAKISTAN;ERNESTO VENTOS S.A;SPAIN;29153990 - SATURATED ACYCLIC MONOCARBOXYLIC ACIDS AND THEIR ANHYDRIDE(..) ESTERS OF ACETIC ACID:OTHER ESTERS OF ACETIC ACID: OTHER: OTHER;GERANYL ACETATE BASF;180,00;KILOGRAMS;2.391,31;IMPORT;NOT DECLARED;DECLARATIONS;ERNESTO VENTOS S.A;;;;;;;;;;;;;;;;;;;;;;;;;;;;;;;;;;;;;;;;;;;;;;;;;;;;;;;;;;;;;;;;;;;;;;;;;;;;;;;;;;;;;;;;;;;;;;;;;;;;;;;;;;;;;;;;;;;;;;;;;;;;;;;;;;;;;;;;;;;;;;;;;;;;;;;;;;;;;;;;;;;;;;;;;;;;;;;;;;;;;;;;;;;;;;;;;;;;;;;;;;;;;;;;;;;;;;;;;;;;;;;;;;;;;;;;;;;;;;;;;;
13/03/2026;PAKISTAN - IMPORT;INNOVATIVE PRIVATE LIMITED;PAKISTAN;ERNESTO VENTOS S.A;SPAIN;29151300 - SATURATED ACYCLIC MONOCARBOXYLIC ACIDS AND THEIR ANHYDRIDES, HALI(..) FORMIC ACID, ITS SALTS AND ESTERS:ESTERS OF FORMIC ACID;BENZYL FORMATE;10,00;KILOGRAMS;173,73;IMPORT;NOT DECLARED;DECLARATIONS;ERNESTO VENTOS S.A;;;;;;;;;;;;;;;;;;;;;;;;;;;;;;;;;;;;;;;;;;;;;;;;;;;;;;;;;;;;;;;;;;;;;;;;;;;;;;;;;;;;;;;;;;;;;;;;;;;;;;;;;;;;;;;;;;;;;;;;;;;;;;;;;;;;;;;;;;;;;;;;;;;;;;;;;;;;;;;;;;;;;;;;;;;;;;;;;;;;;;;;;;;;;;;;;;;;;;;;;;;;;;;;;;;;;;;;;;;;;;;;;;;;;;;;;;;;;;;;;;
13/03/2026;PAKISTAN - IMPORT;INNOVATIVE PRIVATE LIMITED;PAKISTAN;ERNESTO VENTOS S.A;SPAIN;29151300 - SATURATED ACYCLIC MONOCARBOXYLIC ACIDS AND THEIR ANHYDRIDES, HALI(..) FORMIC ACID, ITS SALTS AND ESTERS:ESTERS OF FORMIC ACID;GERANYL FORMATE;10,00;KILOGRAMS;265,70;IMPORT;NOT DECLARED;DECLARATIONS;ERNESTO VENTOS S.A;;;;;;;;;;;;;;;;;;;;;;;;;;;;;;;;;;;;;;;;;;;;;;;;;;;;;;;;;;;;;;;;;;;;;;;;;;;;;;;;;;;;;;;;;;;;;;;;;;;;;;;;;;;;;;;;;;;;;;;;;;;;;;;;;;;;;;;;;;;;;;;;;;;;;;;;;;;;;;;;;;;;;;;;;;;;;;;;;;;;;;;;;;;;;;;;;;;;;;;;;;;;;;;;;;;;;;;;;;;;;;;;;;;;;;;;;;;;;;;;;;
13/03/2026;PAKISTAN - IMPORT;INNOVATIVE PRIVATE LIMITED;PAKISTAN;ERNESTO VENTOS S.A;SPAIN;29142300 - KETONES AND QUINONES,(..) CYCLANIC, CYCLENIC OR CYCLOTERPENIC KETONES WITHOUT OTHER OXYGEN FUNCTION:IONONES AND METHYLIONONES;IONONE ALPHA;25,00;KILOGRAMS;459,87;IMPORT;NOT DECLARED;DECLARATIONS;ERNESTO VENTOS S.A;;;;;;;;;;;;;;;;;;;;;;;;;;;;;;;;;;;;;;;;;;;;;;;;;;;;;;;;;;;;;;;;;;;;;;;;;;;;;;;;;;;;;;;;;;;;;;;;;;;;;;;;;;;;;;;;;;;;;;;;;;;;;;;;;;;;;;;;;;;;;;;;;;;;;;;;;;;;;;;;;;;;;;;;;;;;;;;;;;;;;;;;;;;;;;;;;;;;;;;;;;;;;;;;;;;;;;;;;;;;;;;;;;;;;;;;;;;;;;;;;;
13/03/2026;PAKISTAN - IMPORT;INNOVATIVE PRIVATE LIMITED;PAKISTAN;ERNESTO VENTOS S.A;SPAIN;29142300 - KETONES AND QUINONES,(..) CYCLANIC, CYCLENIC OR CYCLOTERPENIC KETONES WITHOUT OTHER OXYGEN FUNCTION:IONONES AND METHYLIONONES;IONONE BETA BASF;170,00;KILOGRAMS;2.119,48;IMPORT;NOT DECLARED;DECLARATIONS;ERNESTO VENTOS S.A;;;;;;;;;;;;;;;;;;;;;;;;;;;;;;;;;;;;;;;;;;;;;;;;;;;;;;;;;;;;;;;;;;;;;;;;;;;;;;;;;;;;;;;;;;;;;;;;;;;;;;;;;;;;;;;;;;;;;;;;;;;;;;;;;;;;;;;;;;;;;;;;;;;;;;;;;;;;;;;;;;;;;;;;;;;;;;;;;;;;;;;;;;;;;;;;;;;;;;;;;;;;;;;;;;;;;;;;;;;;;;;;;;;;;;;;;;;;;;;;;;
13/03/2026;PAKISTAN - IMPORT;INNOVATIVE PRIVATE LIMITED;PAKISTAN;ERNESTO VENTOS S.A;SPAIN;29124900 - ALDEHYDES, WHETHER OR NOT WITH OTHER OXY(..) ALDEHYDE-ETHERS, ALDEHYDE-PHENOLS AND ALDEHYDES WITH OTHER OXYGEN FUNCTION:OTHER;CANTHOXAL IFF;75,00;KILOGRAMS;4.675,31;IMPORT;NOT DECLARED;DECLARATIONS;ERNESTO VENTOS S.A;;;;;;;;;;;;;;;;;;;;;;;;;;;;;;;;;;;;;;;;;;;;;;;;;;;;;;;;;;;;;;;;;;;;;;;;;;;;;;;;;;;;;;;;;;;;;;;;;;;;;;;;;;;;;;;;;;;;;;;;;;;;;;;;;;;;;;;;;;;;;;;;;;;;;;;;;;;;;;;;;;;;;;;;;;;;;;;;;;;;;;;;;;;;;;;;;;;;;;;;;;;;;;;;;;;;;;;;;;;;;;;;;;;;;;;;;;;;;;;;;;
13/03/2026;PAKISTAN - IMPORT;INNOVATIVE PRIVATE LIMITED;PAKISTAN;ERNESTO VENTOS S.A;SPAIN;"29122900 - ALDEHYDES, WHETHER OR NOT WITH OTHER OXYGEN FUNCTION; CYCLIC POLYMER(..) CYCLIC ALDEHYDES WITHOUT OTHER OXYGEN FUNCTION:OTHER";MYRAC ALDEHYDE;5,00;KILOGRAMS;163,51;IMPORT;NOT DECLARED;DECLARATIONS;ERNESTO VENTOS S.A;;;;;;;;;;;;;;;;;;;;;;;;;;;;;;;;;;;;;;;;;;;;;;;;;;;;;;;;;;;;;;;;;;;;;;;;;;;;;;;;;;;;;;;;;;;;;;;;;;;;;;;;;;;;;;;;;;;;;;;;;;;;;;;;;;;;;;;;;;;;;;;;;;;;;;;;;;;;;;;;;;;;;;;;;;;;;;;;;;;;;;;;;;;;;;;;;;;;;;;;;;;;;;;;;;;;;;;;;;;;;;;;;;;;;;;;;;;;;;;;;;
13/03/2026;PAKISTAN - IMPORT;INNOVATIVE PRIVATE LIMITED;PAKISTAN;ERNESTO VENTOS S.A;SPAIN;"29122900 - ALDEHYDES, WHETHER OR NOT WITH OTHER OXYGEN FUNCTION; CYCLIC POLYMER(..) CYCLIC ALDEHYDES WITHOUT OTHER OXYGEN FUNCTION:OTHER";PRECYCLEMONE B;25,00;KILOGRAMS;1.111,35;IMPORT;NOT DECLARED;DECLARATIONS;ERNESTO VENTOS S.A;;;;;;;;;;;;;;;;;;;;;;;;;;;;;;;;;;;;;;;;;;;;;;;;;;;;;;;;;;;;;;;;;;;;;;;;;;;;;;;;;;;;;;;;;;;;;;;;;;;;;;;;;;;;;;;;;;;;;;;;;;;;;;;;;;;;;;;;;;;;;;;;;;;;;;;;;;;;;;;;;;;;;;;;;;;;;;;;;;;;;;;;;;;;;;;;;;;;;;;;;;;;;;;;;;;;;;;;;;;;;;;;;;;;;;;;;;;;;;;;;;
13/03/2026;PAKISTAN - IMPORT;INNOVATIVE PRIVATE LIMITED;PAKISTAN;ERNESTO VENTOS S.A;SPAIN;"29121900 - ALDEHYDES, WHETHER OR NOT WITH OTHER OXYGEN FUNCTION; CYCLIC POLYME(..) ACYCLIC ALDEHYDES WITHOUT OTHER OXYGEN FUNCTION:OTHER";MELONAL;5,00;KILOGRAMS;275,92;IMPORT;NOT DECLARED;DECLARATIONS;ERNESTO VENTOS S.A;;;;;;;;;;;;;;;;;;;;;;;;;;;;;;;;;;;;;;;;;;;;;;;;;;;;;;;;;;;;;;;;;;;;;;;;;;;;;;;;;;;;;;;;;;;;;;;;;;;;;;;;;;;;;;;;;;;;;;;;;;;;;;;;;;;;;;;;;;;;;;;;;;;;;;;;;;;;;;;;;;;;;;;;;;;;;;;;;;;;;;;;;;;;;;;;;;;;;;;;;;;;;;;;;;;;;;;;;;;;;;;;;;;;;;;;;;;;;;;;;;
13/03/2026;PAKISTAN - IMPORT;INNOVATIVE PRIVATE LIMITED;PAKISTAN;ERNESTO VENTOS S.A;SPAIN;29143900 - KETONES AND QUINONES, WHETHER OR NOT WITH OTHER OXYGEN FUNCTION, AND(..) AROMATIC KETONES WITHOUT OTHER OXYGEN FUNCTION:OTHER;CELESTOLIDE IFF;25,00;KILOGRAMS;2.018,31;IMPORT;NOT DECLARED;DECLARATIONS;ERNESTO VENTOS S.A;;;;;;;;;;;;;;;;;;;;;;;;;;;;;;;;;;;;;;;;;;;;;;;;;;;;;;;;;;;;;;;;;;;;;;;;;;;;;;;;;;;;;;;;;;;;;;;;;;;;;;;;;;;;;;;;;;;;;;;;;;;;;;;;;;;;;;;;;;;;;;;;;;;;;;;;;;;;;;;;;;;;;;;;;;;;;;;;;;;;;;;;;;;;;;;;;;;;;;;;;;;;;;;;;;;;;;;;;;;;;;;;;;;;;;;;;;;;;;;;;;
13/03/2026;PAKISTAN - IMPORT;INNOVATIVE PRIVATE LIMITED;PAKISTAN;ERNESTO VENTOS S.A;SPAIN;29142990 - KETONES AND QUINONES(..) CYCLANIC, CYCLENIC O(..) CYCLANIC, CYCLENIC OR CYCLOTERPENIC KETONES WITHOUT OTHER OXYGEN FUNCTION: OTHER(..);MENTHONE BASF;10,00;KILOGRAMS;296,36;IMPORT;NOT DECLARED;DECLARATIONS;ERNESTO VENTOS S.A;;;;;;;;;;;;;;;;;;;;;;;;;;;;;;;;;;;;;;;;;;;;;;;;;;;;;;;;;;;;;;;;;;;;;;;;;;;;;;;;;;;;;;;;;;;;;;;;;;;;;;;;;;;;;;;;;;;;;;;;;;;;;;;;;;;;;;;;;;;;;;;;;;;;;;;;;;;;;;;;;;;;;;;;;;;;;;;;;;;;;;;;;;;;;;;;;;;;;;;;;;;;;;;;;;;;;;;;;;;;;;;;;;;;;;;;;;;;;;;;;;
13/03/2026;PAKISTAN - IMPORT;INNOVATIVE PRIVATE LIMITED;PAKISTAN;ERNESTO VENTOS S.A;SPAIN;29093000 - ETHERS, ETHER-ALCOHOLS, ETHER-PHEN(..) AROMATIC ETHERS AND THEIR HALOGENATED, SULPHONATED, NITRATED OR NITROSATED DERIVATIVES;VETIMOSS;5,00;KILOGRAMS;587,61;IMPORT;NOT DECLARED;DECLARATIONS;ERNESTO VENTOS S.A;;;;;;;;;;;;;;;;;;;;;;;;;;;;;;;;;;;;;;;;;;;;;;;;;;;;;;;;;;;;;;;;;;;;;;;;;;;;;;;;;;;;;;;;;;;;;;;;;;;;;;;;;;;;;;;;;;;;;;;;;;;;;;;;;;;;;;;;;;;;;;;;;;;;;;;;;;;;;;;;;;;;;;;;;;;;;;;;;;;;;;;;;;;;;;;;;;;;;;;;;;;;;;;;;;;;;;;;;;;;;;;;;;;;;;;;;;;;;;;;;;
13/03/2026;PAKISTAN - IMPORT;INNOVATIVE PRIVATE LIMITED;PAKISTAN;ERNESTO VENTOS S.A;SPAIN;29093000 - ETHERS, ETHER-ALCOHOLS, ETHER-PHEN(..) AROMATIC ETHERS AND THEIR HALOGENATED, SULPHONATED, NITRATED OR NITROSATED DERIVATIVES;ANETHOLE SYNTHETIC;25,00;KILOGRAMS;332,12;IMPORT;NOT DECLARED;DECLARATIONS;ERNESTO VENTOS S.A;;;;;;;;;;;;;;;;;;;;;;;;;;;;;;;;;;;;;;;;;;;;;;;;;;;;;;;;;;;;;;;;;;;;;;;;;;;;;;;;;;;;;;;;;;;;;;;;;;;;;;;;;;;;;;;;;;;;;;;;;;;;;;;;;;;;;;;;;;;;;;;;;;;;;;;;;;;;;;;;;;;;;;;;;;;;;;;;;;;;;;;;;;;;;;;;;;;;;;;;;;;;;;;;;;;;;;;;;;;;;;;;;;;;;;;;;;;;;;;;;;
13/03/2026;PAKISTAN - IMPORT;INNOVATIVE PRIVATE LIMITED;PAKISTAN;ERNESTO VENTOS S.A;SPAIN;29092000 - ETHERS, ETHER-ALCOHO(..) CYCLANIC, CYCLENIC OR CYCLOTERPENIC ETHERS AND THEIR HALOGENATED, SULPHONATED, NITRATED OR NITROSATE(..);ORANGE FLOWER ETHER IFF;10,00;KILOGRAMS;766,45;IMPORT;NOT DECLARED;DECLARATIONS;ERNESTO VENTOS S.A;;;;;;;;;;;;;;;;;;;;;;;;;;;;;;;;;;;;;;;;;;;;;;;;;;;;;;;;;;;;;;;;;;;;;;;;;;;;;;;;;;;;;;;;;;;;;;;;;;;;;;;;;;;;;;;;;;;;;;;;;;;;;;;;;;;;;;;;;;;;;;;;;;;;;;;;;;;;;;;;;;;;;;;;;;;;;;;;;;;;;;;;;;;;;;;;;;;;;;;;;;;;;;;;;;;;;;;;;;;;;;;;;;;;;;;;;;;;;;;;;;
13/03/2026;PAKISTAN - IMPORT;INNOVATIVE PRIVATE LIMITED;PAKISTAN;ERNESTO VENTOS S.A;SPAIN;29062990 - CYCLIC ALCOHOLS AND THEIR HALOGENATED, SULPHONATED, NITRATED OR NITROSATED DERIVATIV(..) AROMATIC:OTHER AROMATIC: OTHER: OTHER;MAJANTOL;25,00;KILOGRAMS;894,18;IMPORT;NOT DECLARED;DECLARATIONS;ERNESTO VENTOS S.A;;;;;;;;;;;;;;;;;;;;;;;;;;;;;;;;;;;;;;;;;;;;;;;;;;;;;;;;;;;;;;;;;;;;;;;;;;;;;;;;;;;;;;;;;;;;;;;;;;;;;;;;;;;;;;;;;;;;;;;;;;;;;;;;;;;;;;;;;;;;;;;;;;;;;;;;;;;;;;;;;;;;;;;;;;;;;;;;;;;;;;;;;;;;;;;;;;;;;;;;;;;;;;;;;;;;;;;;;;;;;;;;;;;;;;;;;;;;;;;;;;
13/03/2026;PAKISTAN - IMPORT;INNOVATIVE PRIVATE LIMITED;PAKISTAN;ERNESTO VENTOS S.A;SPAIN;29062990 - CYCLIC ALCOHOLS AND THEIR HALOGENATED, SULPHONATED, NITRATED OR NITROSATED DERIVATIV(..) AROMATIC:OTHER AROMATIC: OTHER: OTHER;DIMETHYL PHENYL ETHYL CARBINOL;10,00;KILOGRAMS;286,14;IMPORT;NOT DECLARED;DECLARATIONS;ERNESTO VENTOS S.A;;;;;;;;;;;;;;;;;;;;;;;;;;;;;;;;;;;;;;;;;;;;;;;;;;;;;;;;;;;;;;;;;;;;;;;;;;;;;;;;;;;;;;;;;;;;;;;;;;;;;;;;;;;;;;;;;;;;;;;;;;;;;;;;;;;;;;;;;;;;;;;;;;;;;;;;;;;;;;;;;;;;;;;;;;;;;;;;;;;;;;;;;;;;;;;;;;;;;;;;;;;;;;;;;;;;;;;;;;;;;;;;;;;;;;;;;;;;;;;;;;
13/03/2026;PAKISTAN - IMPORT;INNOVATIVE PRIVATE LIMITED;PAKISTAN;ERNESTO VENTOS S.A;SPAIN;29061990 - CYCLIC ALCOHOLS AND THEIR HALO(..) CYCLANIC, CYCLENIC OR CYCLOTERPENIC:OTHER CYCLANIC, CYCLENIC OR CYCLOTERPENIC: OTHER: OTHER;NORLIMWOODNOLIMBANOL;25,00;KILOGRAMS;2.324,89;IMPORT;NOT DECLARED;DECLARATIONS;ERNESTO VENTOS S.A;;;;;;;;;;;;;;;;;;;;;;;;;;;;;;;;;;;;;;;;;;;;;;;;;;;;;;;;;;;;;;;;;;;;;;;;;;;;;;;;;;;;;;;;;;;;;;;;;;;;;;;;;;;;;;;;;;;;;;;;;;;;;;;;;;;;;;;;;;;;;;;;;;;;;;;;;;;;;;;;;;;;;;;;;;;;;;;;;;;;;;;;;;;;;;;;;;;;;;;;;;;;;;;;;;;;;;;;;;;;;;;;;;;;;;;;;;;;;;;;;;
13/03/2026;PAKISTAN - IMPORT;INNOVATIVE PRIVATE LIMITED;PAKISTAN;ERNESTO VENTOS S.A;SPAIN;29061990 - CYCLIC ALCOHOLS AND THEIR HALO(..) CYCLANIC, CYCLENIC OR CYCLOTERPENIC:OTHER CYCLANIC, CYCLENIC OR CYCLOTERPENIC: OTHER: OTHER;ALCOHOL TCD DM;25,00;KILOGRAMS;536,51;IMPORT;NOT DECLARED;DECLARATIONS;ERNESTO VENTOS S.A;;;;;;;;;;;;;;;;;;;;;;;;;;;;;;;;;;;;;;;;;;;;;;;;;;;;;;;;;;;;;;;;;;;;;;;;;;;;;;;;;;;;;;;;;;;;;;;;;;;;;;;;;;;;;;;;;;;;;;;;;;;;;;;;;;;;;;;;;;;;;;;;;;;;;;;;;;;;;;;;;;;;;;;;;;;;;;;;;;;;;;;;;;;;;;;;;;;;;;;;;;;;;;;;;;;;;;;;;;;;;;;;;;;;;;;;;;;;;;;;;;
13/03/2026;PAKISTAN - IMPORT;INNOVATIVE PRIVATE LIMITED;PAKISTAN;ERNESTO VENTOS S.A;SPAIN;29052200 - ACYCLIC ALCOHOLS AND THEIR HALOGENATED, SULPHONATED, NITRATED OR(..) UNSATURATED MONOHYDRIC ALCOHOLS:ACYCLIC TERPENE ALCOHOLS;NEROL BASF;170,00;KILOGRAMS;2.953,37;IMPORT;NOT DECLARED;DECLARATIONS;ERNESTO VENTOS S.A;;;;;;;;;;;;;;;;;;;;;;;;;;;;;;;;;;;;;;;;;;;;;;;;;;;;;;;;;;;;;;;;;;;;;;;;;;;;;;;;;;;;;;;;;;;;;;;;;;;;;;;;;;;;;;;;;;;;;;;;;;;;;;;;;;;;;;;;;;;;;;;;;;;;;;;;;;;;;;;;;;;;;;;;;;;;;;;;;;;;;;;;;;;;;;;;;;;;;;;;;;;;;;;;;;;;;;;;;;;;;;;;;;;;;;;;;;;;;;;;;;
13/03/2026;PAKISTAN - IMPORT;INNOVATIVE PRIVATE LIMITED;PAKISTAN;ERNESTO VENTOS S.A;SPAIN;29092000 - ETHERS, ETHER-ALCOHO(..) CYCLANIC, CYCLENIC OR CYCLOTERPENIC ETHERS AND THEIR HALOGENATED, SULPHONATED, NITRATED OR NITROSATE(..);AMBER CORE KAO;50,00;KILOGRAMS;970,83;IMPORT;NOT DECLARED;DECLARATIONS;ERNESTO VENTOS S.A;;;;;;;;;;;;;;;;;;;;;;;;;;;;;;;;;;;;;;;;;;;;;;;;;;;;;;;;;;;;;;;;;;;;;;;;;;;;;;;;;;;;;;;;;;;;;;;;;;;;;;;;;;;;;;;;;;;;;;;;;;;;;;;;;;;;;;;;;;;;;;;;;;;;;;;;;;;;;;;;;;;;;;;;;;;;;;;;;;;;;;;;;;;;;;;;;;;;;;;;;;;;;;;;;;;;;;;;;;;;;;;;;;;;;;;;;;;;;;;;;;
13/03/2026;PAKISTAN - IMPORT;INNOVATIVE PRIVATE LIMITED;PAKISTAN;ERNESTO VENTOS S.A;SPAIN;29051990 - ACYCLIC ALCOHOLS AND THEIR HALOGENATED, SU(..) SATURATED MONOHYDRIC ALCOHOLS:OTHER SATURATED MONOHYDRIC ALCOHOLS: OTHER: OTHER;TETRAHYDROLINALOOL;170,00;KILOGRAMS;1.598,29;IMPORT;NOT DECLARED;DECLARATIONS;ERNESTO VENTOS S.A;;;;;;;;;;;;;;;;;;;;;;;;;;;;;;;;;;;;;;;;;;;;;;;;;;;;;;;;;;;;;;;;;;;;;;;;;;;;;;;;;;;;;;;;;;;;;;;;;;;;;;;;;;;;;;;;;;;;;;;;;;;;;;;;;;;;;;;;;;;;;;;;;;;;;;;;;;;;;;;;;;;;;;;;;;;;;;;;;;;;;;;;;;;;;;;;;;;;;;;;;;;;;;;;;;;;;;;;;;;;;;;;;;;;;;;;;;;;;;;;;;
13/03/2026;PAKISTAN - IMPORT;INNOVATIVE PRIVATE LIMITED;PAKISTAN;ERNESTO VENTOS S.A;SPAIN;29021920 - CYCLIC HYDROCARBONS. CYCLANES, CYCLENES AND CYCLOTERPENES(..) CYCLANES, CYCLENES AND CYCLOTERPENES: OTHER: LIMONENE(DIPENTENE);LIMONENE-D NATURAL;1.044,00;KILOGRAMS;12.802,70;IMPORT;NOT DECLARED;DECLARATIONS;ERNESTO VENTOS S.A;;;;;;;;;;;;;;;;;;;;;;;;;;;;;;;;;;;;;;;;;;;;;;;;;;;;;;;;;;;;;;;;;;;;;;;;;;;;;;;;;;;;;;;;;;;;;;;;;;;;;;;;;;;;;;;;;;;;;;;;;;;;;;;;;;;;;;;;;;;;;;;;;;;;;;;;;;;;;;;;;;;;;;;;;;;;;;;;;;;;;;;;;;;;;;;;;;;;;;;;;;;;;;;;;;;;;;;;;;;;;;;;;;;;;;;;;;;;;;;;;;
12/03/2026;PAKISTAN - IMPORT;M S JAYSON FOODS PVT LTD;PAKISTAN;ERNESTO VENTOS S.A;SPAIN;"33011300 - ESSENTIAL OILS (TERPENELESS OR NOT), INCLUDING CONCRETES AND ABSOLUTES; RESINOIDS(..) ESSENTIAL OILS OF CITRUS FRUIT:OF LEMON";LEMON  SPAIN FG - 25KG DRUMS;300,00;KILOGRAMS;5.323,37;IMPORT;NOT DECLARED;DECLARATIONS;ERNESTO VENTOS S.A;;;;;;;;;;;;;;;;;;;;;;;;;;;;;;;;;;;;;;;;;;;;;;;;;;;;;;;;;;;;;;;;;;;;;;;;;;;;;;;;;;;;;;;;;;;;;;;;;;;;;;;;;;;;;;;;;;;;;;;;;;;;;;;;;;;;;;;;;;;;;;;;;;;;;;;;;;;;;;;;;;;;;;;;;;;;;;;;;;;;;;;;;;;;;;;;;;;;;;;;;;;;;;;;;;;;;;;;;;;;;;;;;;;;;;;;;;;;;;;;;;
12/03/2026;PAKISTAN - IMPORT;M S JAYSON FOODS PVT LTD;PAKISTAN;ERNESTO VENTOS S.A;BRAZIL;"33011200 - ESSENTIAL OILS (TERPENELESS OR NOT), INCLUDING CONCRETES AND ABSOLUTES; RESINOID(..) ESSENTIAL OILS OF CITRUS FRUIT:OF ORANGE";ORANGE OIL  BRAZIL;720,00;KILOGRAMS;10.648,83;IMPORT;NOT DECLARED;DECLARATIONS;ERNESTO VENTOS S.A;;;;;;;;;;;;;;;;;;;;;;;;;;;;;;;;;;;;;;;;;;;;;;;;;;;;;;;;;;;;;;;;;;;;;;;;;;;;;;;;;;;;;;;;;;;;;;;;;;;;;;;;;;;;;;;;;;;;;;;;;;;;;;;;;;;;;;;;;;;;;;;;;;;;;;;;;;;;;;;;;;;;;;;;;;;;;;;;;;;;;;;;;;;;;;;;;;;;;;;;;;;;;;;;;;;;;;;;;;;;;;;;;;;;;;;;;;;;;;;;;;
11/03/2026;UKRAINE - IMPORT;??? ???????? ????????? ????? ??? 5 ? 01042 ? ???? ???????;UKRAINE;NOT DECLARED;MALAYSIA;"2915907090 - SATURATED ACYCLIC MONOCARBOXYLIC ACIDS AND THEIR ANHYDRIDES, HALIDES, PEROXIDES AND PEROXYACIDS; THEIR (..) OTHER OTHER: OTHER";"??????? ????????? ????????????? ???????? ?? ?? ?????????, ????????????????, ?????????, ??????????????; ?? ????????????, ??????????, ????????? ??? ??????????? ???????: - ????: - - ????: - - - ????";5,00;KILOGRAMS;105,77;IMPORT;NOT CLASSIFIED;DECLARATIONS;ERNESTO VENTOS S A PASSEIG DE CAN SAGRERA N 38 POLIGON INDUSTRIAL SUD OEST SANT JUST DESV;;;;;;;;;;;;;;;;;;;;;;;;;;;;;;;;;;;;;;;;;;;;;;;;;;;;;;;;;;;;;;;;;;;;;;;;;;;;;;;;;;;;;;;;;;;;;;;;;;;;;;;;;;;;;;;;;;;;;;;;;;;;;;;;;;;;;;;;;;;;;;;;;;;;;;;;;;;;;;;;;;;;;;;;;;;;;;;;;;;;;;;;;;;;;;;;;;;;;;;;;;;;;;;;;;;;;;;;;;;;;;;;;;;;;;;;;;;;;;;;;;
11/03/2026;UKRAINE - IMPORT;??? ???????? ????????? ????? ??? 5 ? 01042 ? ???? ???????;UKRAINE;NOT DECLARED;CHINA;2914409000 - KETONES AND QUINONES, WHETHER OR NOT WITH OTHER OXYGEN FUNCTION, AND THEIR HALO(..) KETONE-ALCOHOLS AND KETONE-ALDEHYDES OTHER;?????? ?? ??????, ?? ?????? ???? ??????? ??? ?? ??????? ???? ??????????? ????????????? ?????, ?? ?? ????????????, ??????????, ????????? ??? ??????????? ???????: - ???????????? ?? ???????????????: - - ????;10,00;KILOGRAMS;185,58;IMPORT;NOT CLASSIFIED;DECLARATIONS;ERNESTO VENTOS S A PASSEIG DE CAN SAGRERA N 38 POLIGON INDUSTRIAL SUD OEST SANT JUST DESV;;;;;;;;;;;;;;;;;;;;;;;;;;;;;;;;;;;;;;;;;;;;;;;;;;;;;;;;;;;;;;;;;;;;;;;;;;;;;;;;;;;;;;;;;;;;;;;;;;;;;;;;;;;;;;;;;;;;;;;;;;;;;;;;;;;;;;;;;;;;;;;;;;;;;;;;;;;;;;;;;;;;;;;;;;;;;;;;;;;;;;;;;;;;;;;;;;;;;;;;;;;;;;;;;;;;;;;;;;;;;;;;;;;;;;;;;;;;;;;;;;
11/03/2026;UKRAINE - IMPORT;??? ???????? ????????? ????? ??? 5 ? 01042 ? ???? ???????;UKRAINE;NOT DECLARED;CHINA;2932209000 - HETEROCYCLIC COMPOUNDS WITH OXYGEN HETERO-ATOM(S) ONLY. LACTONES OTHER;??????? ?????????????? ???? ? ???????????? (???????) ?????: - ???????: - - ????;12,00;KILOGRAMS;352,21;IMPORT;NOT CLASSIFIED;DECLARATIONS;ERNESTO VENTOS S A PASSEIG DE CAN SAGRERA N 38 POLIGON INDUSTRIAL SUD OEST SANT JUST DESV;;;;;;;;;;;;;;;;;;;;;;;;;;;;;;;;;;;;;;;;;;;;;;;;;;;;;;;;;;;;;;;;;;;;;;;;;;;;;;;;;;;;;;;;;;;;;;;;;;;;;;;;;;;;;;;;;;;;;;;;;;;;;;;;;;;;;;;;;;;;;;;;;;;;;;;;;;;;;;;;;;;;;;;;;;;;;;;;;;;;;;;;;;;;;;;;;;;;;;;;;;;;;;;;;;;;;;;;;;;;;;;;;;;;;;;;;;;;;;;;;;
11/03/2026;UKRAINE - IMPORT;??? ???????? ????????? ????? ??? 5 ? 01042 ? ???? ???????;UKRAINE;NOT DECLARED;CHINA;2932190000 - HETEROCYCLIC COMPOUNDS WI(..) COMPOUNDS CONTAINING AN UNFUSED FURAN RING (WHETHER OR NOT HYDROGENATED) IN THE STRUCTURE:OTHER;??????? ?????????????? ???? ? ???????????? (???????) ?????: - ???????, ?? ??????? ? ????????? ?????????????? ???????? ?????? (????????? ??? ???????????): - - ????;5,00;KILOGRAMS;269,33;IMPORT;NOT CLASSIFIED;DECLARATIONS;ERNESTO VENTOS S A PASSEIG DE CAN SAGRERA N 38 POLIGON INDUSTRIAL SUD OEST SANT JUST DESV;;;;;;;;;;;;;;;;;;;;;;;;;;;;;;;;;;;;;;;;;;;;;;;;;;;;;;;;;;;;;;;;;;;;;;;;;;;;;;;;;;;;;;;;;;;;;;;;;;;;;;;;;;;;;;;;;;;;;;;;;;;;;;;;;;;;;;;;;;;;;;;;;;;;;;;;;;;;;;;;;;;;;;;;;;;;;;;;;;;;;;;;;;;;;;;;;;;;;;;;;;;;;;;;;;;;;;;;;;;;;;;;;;;;;;;;;;;;;;;;;;
11/03/2026;UKRAINE - IMPORT;??? ???????? ????????? ????? ??? 5 ? 01042 ? ???? ???????;UKRAINE;NOT DECLARED;CHINA;2932990000 - HETEROCYCLIC COMPOUNDS WITH OXYGEN HETERO-ATOM(S) ONLY. OTHER:OTHER;??????? ?????????????? ???? ? ???????????? (???????) ?????: - ????: - - ????;10,00;KILOGRAMS;178,50;IMPORT;NOT CLASSIFIED;DECLARATIONS;ERNESTO VENTOS S A PASSEIG DE CAN SAGRERA N 38 POLIGON INDUSTRIAL SUD OEST SANT JUST DESV;;;;;;;;;;;;;;;;;;;;;;;;;;;;;;;;;;;;;;;;;;;;;;;;;;;;;;;;;;;;;;;;;;;;;;;;;;;;;;;;;;;;;;;;;;;;;;;;;;;;;;;;;;;;;;;;;;;;;;;;;;;;;;;;;;;;;;;;;;;;;;;;;;;;;;;;;;;;;;;;;;;;;;;;;;;;;;;;;;;;;;;;;;;;;;;;;;;;;;;;;;;;;;;;;;;;;;;;;;;;;;;;;;;;;;;;;;;;;;;;;;
11/03/2026;UKRAINE - IMPORT;??? ???????? ????????? ????? ??? 5 ? 01042 ? ???? ???????;UKRAINE;NOT DECLARED;CHINA;2930909890 - ORGANO-SULPHUR COMPOUNDS. OTHER OTHER: OTHER;??????? ??????????????: - ????: - - ????: - - - ????;1,00;KILOGRAMS;218,61;IMPORT;NOT CLASSIFIED;DECLARATIONS;ERNESTO VENTOS S A PASSEIG DE CAN SAGRERA N 38 POLIGON INDUSTRIAL SUD OEST SANT JUST DESV;;;;;;;;;;;;;;;;;;;;;;;;;;;;;;;;;;;;;;;;;;;;;;;;;;;;;;;;;;;;;;;;;;;;;;;;;;;;;;;;;;;;;;;;;;;;;;;;;;;;;;;;;;;;;;;;;;;;;;;;;;;;;;;;;;;;;;;;;;;;;;;;;;;;;;;;;;;;;;;;;;;;;;;;;;;;;;;;;;;;;;;;;;;;;;;;;;;;;;;;;;;;;;;;;;;;;;;;;;;;;;;;;;;;;;;;;;;;;;;;;;
11/03/2026;UKRAINE - IMPORT;??? ???????? ????????? ????? ??? 5 ? 01042 ? ???? ???????;UKRAINE;NOT DECLARED;CHINA;2915601900 - SATURATED ACYCLIC MO(..) BUTANOIC ACIDS, PENTANOIC ACIDS, THEIR SALTS AND EST(..) BUTANOIC ACIDS AND THEIR SALTS AND ESTERS: OTHER;"??????? ????????? ????????????? ???????? ?? ?? ?????????, ????????????????, ?????????, ??????????????; ?? ????????????, ??????????, ????????? ??? ??????????? ???????: - ??????? ???????, ??????????? ???????, ?? ???? ?? ??????? ?????: - - ??????? ???????, ?? ???? ?? ??????? ?????: - - - ????";10,00;KILOGRAMS;115,60;IMPORT;NOT CLASSIFIED;DECLARATIONS;ERNESTO VENTOS S A PASSEIG DE CAN SAGRERA N 38 POLIGON INDUSTRIAL SUD OEST SANT JUST DESV;;;;;;;;;;;;;;;;;;;;;;;;;;;;;;;;;;;;;;;;;;;;;;;;;;;;;;;;;;;;;;;;;;;;;;;;;;;;;;;;;;;;;;;;;;;;;;;;;;;;;;;;;;;;;;;;;;;;;;;;;;;;;;;;;;;;;;;;;;;;;;;;;;;;;;;;;;;;;;;;;;;;;;;;;;;;;;;;;;;;;;;;;;;;;;;;;;;;;;;;;;;;;;;;;;;;;;;;;;;;;;;;;;;;;;;;;;;;;;;;;;
11/03/2026;UKRAINE - IMPORT;??? ???????? ????????? ????? ??? 5 ? 01042 ? ???? ???????;UKRAINE;NOT DECLARED;CHINA;2914199000 - KETONES AND QUINONES, WHETHER OR NOT WITH OTHER OXYGEN FUNCTION,(..) ACYCLIC KETONES WITHOUT OTHER OXYGEN FUNCTION:OTHER OTHER;?????? ?? ??????, ?? ?????? ???? ??????? ??? ?? ??????? ???? ??????????? ????????????? ?????, ?? ?? ????????????, ??????????, ????????? ??? ??????????? ???????: - ?????? ?????????, ?? ?????? ???? ?? ??????? ???? ???????????????????????? ?????: - - ????: - - - ????;11,00;KILOGRAMS;248,50;IMPORT;NOT CLASSIFIED;DECLARATIONS;ERNESTO VENTOS S A PASSEIG DE CAN SAGRERA N 38 POLIGON INDUSTRIAL SUD OEST SANT JUST DESV;;;;;;;;;;;;;;;;;;;;;;;;;;;;;;;;;;;;;;;;;;;;;;;;;;;;;;;;;;;;;;;;;;;;;;;;;;;;;;;;;;;;;;;;;;;;;;;;;;;;;;;;;;;;;;;;;;;;;;;;;;;;;;;;;;;;;;;;;;;;;;;;;;;;;;;;;;;;;;;;;;;;;;;;;;;;;;;;;;;;;;;;;;;;;;;;;;;;;;;;;;;;;;;;;;;;;;;;;;;;;;;;;;;;;;;;;;;;;;;;;;
11/03/2026;PAKISTAN - IMPORT;BIN DAWOOD FLAVOURS PRIVATE LIMITED;PAKISTAN;ERNESTO VENTOS S.A;BRAZIL;"33011200 - ESSENTIAL OILS (TERPENELESS OR NOT), INCLUDING CONCRETES AND ABSOLUTES; RESINOID(..) ESSENTIAL OILS OF CITRUS FRUIT:OF ORANGE";2. ORANGE OIL HA, PACKED IN DRUMS, NET WT:2700 KGS APPROX,;2.700,00;KILOGRAMS;38.544,84;IMPORT;NOT DECLARED;DECLARATIONS;ERNESTO VENTOS S.A;;;;;;;;;;;;;;;;;;;;;;;;;;;;;;;;;;;;;;;;;;;;;;;;;;;;;;;;;;;;;;;;;;;;;;;;;;;;;;;;;;;;;;;;;;;;;;;;;;;;;;;;;;;;;;;;;;;;;;;;;;;;;;;;;;;;;;;;;;;;;;;;;;;;;;;;;;;;;;;;;;;;;;;;;;;;;;;;;;;;;;;;;;;;;;;;;;;;;;;;;;;;;;;;;;;;;;;;;;;;;;;;;;;;;;;;;;;;;;;;;;
11/03/2026;PAKISTAN - IMPORT;BIN DAWOOD FLAVOURS PRIVATE LIMITED;PAKISTAN;ERNESTO VENTOS S.A;SPAIN;29012990 - ACYCLIC HYDROCARBONS. UNSATURATED:OTHER UNSATURATED: OTHER: OTHER;1. MYRCENE 75, PACKED IN DRUMS, NET WT:180 KGS APPROX,;180,00;KILOGRAMS;6.232,77;IMPORT;NOT DECLARED;DECLARATIONS;ERNESTO VENTOS S.A;;;;;;;;;;;;;;;;;;;;;;;;;;;;;;;;;;;;;;;;;;;;;;;;;;;;;;;;;;;;;;;;;;;;;;;;;;;;;;;;;;;;;;;;;;;;;;;;;;;;;;;;;;;;;;;;;;;;;;;;;;;;;;;;;;;;;;;;;;;;;;;;;;;;;;;;;;;;;;;;;;;;;;;;;;;;;;;;;;;;;;;;;;;;;;;;;;;;;;;;;;;;;;;;;;;;;;;;;;;;;;;;;;;;;;;;;;;;;;;;;;
11/03/2026;MEXICO - PEDIMENTOS IMPORTS;VENTOS, ESENCIAS Y QUIMICOS SA DE CV;MEXICO;ERNESTO VENTOS, S.A;FRANCE;"3301300100 - ESSENTIAL OILS (TERPENELESS OR NOT), INCLUDING CONCRETES AND ABSOLUTES; RESINOIDS; EXTRACTED OLEORESIN(..) RESINOIDS RESINOIDS";RESINOIDES;1,00;KILOGRAMS;2.292,01;IMPORT;AIR;DECLARATIONS;ERNESTO VENTOS S.A.;;;;;;;;;;;;;;;;;;;;;;;;;;;;;;;;;;;;;;;;;;;;;;;;;;;;;;;;;;;;;;;;;;;;;;;;;;;;;;;;;;;;;;;;;;;;;;;;;;;;;;;;;;;;;;;;;;;;;;;;;;;;;;;;;;;;;;;;;;;;;;;;;;;;;;;;;;;;;;;;;;;;;;;;;;;;;;;;;;;;;;;;;;;;;;;;;;;;;;;;;;;;;;;;;;;;;;;;;;;;;;;;;;;;;;;;;;;;;;;;;;
10/03/2026;MEXICO - PEDIMENTOS IMPORTS;VENTOS, ESENCIAS Y QUIMICOS SA DE CV;MEXICO;ERNESTO VENTOS, S.A;FRANCE;2926909999 - NITRILE -FUNCTION COMPOUNDS. OTHER OTHER: OTHER;NITRILO CUM?NICO;1,00;KILOGRAMS;661,92;IMPORT;AIR;DECLARATIONS;ERNESTO VENTOS, S.A.;;;;;;;;;;;;;;;;;;;;;;;;;;;;;;;;;;;;;;;;;;;;;;;;;;;;;;;;;;;;;;;;;;;;;;;;;;;;;;;;;;;;;;;;;;;;;;;;;;;;;;;;;;;;;;;;;;;;;;;;;;;;;;;;;;;;;;;;;;;;;;;;;;;;;;;;;;;;;;;;;;;;;;;;;;;;;;;;;;;;;;;;;;;;;;;;;;;;;;;;;;;;;;;;;;;;;;;;;;;;;;;;;;;;;;;;;;;;;;;;;;
10/03/2026;MEXICO - PEDIMENTOS EXPORTS;ERNESTO VENTOS, S.A;SPAIN;AROMATICOS QUIMICOS POTOSINOS SA DE CV;MEXICO;3301299999 - ESSENTIAL OILS (TERPENELESS OR NOT), INCLUDING CONCRETE(..) ESSENTIAL OILS OTHER THAN THOSE OF CITRUS FRUIT:OTHER OTHER: OTHER;ACEITE AJO;100,00;KILOGRAMS;3.800,03;EXPORT;MARITIME;DECLARATIONS;AROMATICOS QUIMICOS POTOSINOS SA DE CV;;;;;;;;;;;;;;;;;;;;;;;;;;;;;;;;;;;;;;;;;;;;;;;;;;;;;;;;;;;;;;;;;;;;;;;;;;;;;;;;;;;;;;;;;;;;;;;;;;;;;;;;;;;;;;;;;;;;;;;;;;;;;;;;;;;;;;;;;;;;;;;;;;;;;;;;;;;;;;;;;;;;;;;;;;;;;;;;;;;;;;;;;;;;;;;;;;;;;;;;;;;;;;;;;;;;;;;;;;;;;;;;;;;;;;;;;;;;;;;;;;
09/03/2026;MEXICO - PEDIMENTOS IMPORTS;VENTOS, ESENCIAS Y QUIMICOS SA DE CV;MEXICO;ERNESTO VENTOS, S.A;SPAIN;3301299999 - ESSENTIAL OILS (TERPENELESS OR NOT), INCLUDING CONCRETE(..) ESSENTIAL OILS OTHER THAN THOSE OF CITRUS FRUIT:OTHER OTHER: OTHER;ACEITE ESENCIAL DE TOMILLO BLANCO;25,00;KILOGRAMS;1.593,43;IMPORT;AIR;DECLARATIONS;ERNESTO VENTOS S.A.;;;;;;;;;;;;;;;;;;;;;;;;;;;;;;;;;;;;;;;;;;;;;;;;;;;;;;;;;;;;;;;;;;;;;;;;;;;;;;;;;;;;;;;;;;;;;;;;;;;;;;;;;;;;;;;;;;;;;;;;;;;;;;;;;;;;;;;;;;;;;;;;;;;;;;;;;;;;;;;;;;;;;;;;;;;;;;;;;;;;;;;;;;;;;;;;;;;;;;;;;;;;;;;;;;;;;;;;;;;;;;;;;;;;;;;;;;;;;;;;;;
09/03/2026;ECUADOR - IMPORT;MAGIC FLAVORS S.A.;ECUADOR;ERNESTO VENTOS;INDIA;3301250000 - ESSENTIAL OILS (TERPENELESS OR NOT), INCLUDING CONCRETES A(..) ESSENTIAL OILS OTHER THAN THOSE OF CITRUS FRUIT:OF OTHER MINTS;ACEITE DE MENTA ARVENSIS;50,00;KILOGRAMS;1.619,78;IMPORT;AIR;DECLARATIONS;ERNESTO VENTOS S.A;;;;;;;;;;;;;;;;;;;;;;;;;;;;;;;;;;;;;;;;;;;;;;;;;;;;;;;;;;;;;;;;;;;;;;;;;;;;;;;;;;;;;;;;;;;;;;;;;;;;;;;;;;;;;;;;;;;;;;;;;;;;;;;;;;;;;;;;;;;;;;;;;;;;;;;;;;;;;;;;;;;;;;;;;;;;;;;;;;;;;;;;;;;;;;;;;;;;;;;;;;;;;;;;;;;;;;;;;;;;;;;;;;;;;;;;;;;;;;;;;;
09/03/2026;ECUADOR - IMPORT;MAGIC FLAVORS S.A.;ECUADOR;ERNESTO VENTOS;INDIA;3301240000 - ESSENTIAL OILS (TERPENELESS OR NOT), INCL(..) ESSENTIAL OILS OTHER THAN THOSE OF CITRUS FRUIT:OF PEPPERMINT (MENTHA PIPERITA);ACEITE DE MENTA PIPERITA;10,00;KILOGRAMS;476,27;IMPORT;AIR;DECLARATIONS;ERNESTO VENTOS S.A;;;;;;;;;;;;;;;;;;;;;;;;;;;;;;;;;;;;;;;;;;;;;;;;;;;;;;;;;;;;;;;;;;;;;;;;;;;;;;;;;;;;;;;;;;;;;;;;;;;;;;;;;;;;;;;;;;;;;;;;;;;;;;;;;;;;;;;;;;;;;;;;;;;;;;;;;;;;;;;;;;;;;;;;;;;;;;;;;;;;;;;;;;;;;;;;;;;;;;;;;;;;;;;;;;;;;;;;;;;;;;;;;;;;;;;;;;;;;;;;;;
09/03/2026;ECUADOR - IMPORT;MAGIC FLAVORS S.A.;ECUADOR;ERNESTO VENTOS;INDIA;3301250000 - ESSENTIAL OILS (TERPENELESS OR NOT), INCLUDING CONCRETES A(..) ESSENTIAL OILS OTHER THAN THOSE OF CITRUS FRUIT:OF OTHER MINTS;ACEITE DE MENTA VERDE (HIERBABUENA);25,00;KILOGRAMS;1.343,00;IMPORT;AIR;DECLARATIONS;ERNESTO VENTOS S.A;;;;;;;;;;;;;;;;;;;;;;;;;;;;;;;;;;;;;;;;;;;;;;;;;;;;;;;;;;;;;;;;;;;;;;;;;;;;;;;;;;;;;;;;;;;;;;;;;;;;;;;;;;;;;;;;;;;;;;;;;;;;;;;;;;;;;;;;;;;;;;;;;;;;;;;;;;;;;;;;;;;;;;;;;;;;;;;;;;;;;;;;;;;;;;;;;;;;;;;;;;;;;;;;;;;;;;;;;;;;;;;;;;;;;;;;;;;;;;;;;;
06/03/2026;UKRAINE - IMPORT;AROMA UKRAINE LIMITED LIABILITY COMPANY 54018 M NIKOLAEV PROHOVALINSKY 47 KV 3 UKRAINE;UKRAINE;NOT DECLARED;CHINA;2933998000 - HETEROCYCLIC COMPOUNDS WITH NITROGEN HETERO-ATOM(S) ONLY. OTHER:OTHER OTHER;??????? ?????????????? ???? ? ???????????? (???????) ?????: - ????: - - ????: - - - ????;1,00;KILOGRAMS;163,62;IMPORT;NOT CLASSIFIED;DECLARATIONS;ERNESTO VENTOS S A 08960 CARRETERA REIAL 120B SANT JUST DESVERN BARCELONA SPAIN;;;;;;;;;;;;;;;;;;;;;;;;;;;;;;;;;;;;;;;;;;;;;;;;;;;;;;;;;;;;;;;;;;;;;;;;;;;;;;;;;;;;;;;;;;;;;;;;;;;;;;;;;;;;;;;;;;;;;;;;;;;;;;;;;;;;;;;;;;;;;;;;;;;;;;;;;;;;;;;;;;;;;;;;;;;;;;;;;;;;;;;;;;;;;;;;;;;;;;;;;;;;;;;;;;;;;;;;;;;;;;;;;;;;;;;;;;;;;;;;;;
06/03/2026;UKRAINE - IMPORT;AROMA UKRAINE LIMITED LIABILITY COMPANY 54018 M NIKOLAEV PROHOVALINSKY 47 KV 3 UKRAINE;UKRAINE;NOT DECLARED;MEXICO;3301192010 - ESSENTIAL OILS (TERPENELESS OR NOT)(..) ESSENTIAL OILS OF CITRUS FRUIT:OTHER NOT DETERPENATED: WITH LIMES AND BERGAMOT ORANGES;"???? ?????? ????????????????? (??? ??????? ???????) ??? ??????????????? (??? ?? ??????? ????????), ????????? ???????? ?? ???????? (????????? ????????? ??????? ????); ?????????; ???????????? ?????? ????; ??????????? ??????? ????? ?????, ?????? ?????, ?????? ??? ? ????? ???????? ?????????, ???????? ???????? ????????? ??? ?????????; ????????? ??????? ???????? ?????????????? ??????? ????; ????? ????????? ?? ????? ??????? ??????? ????: - ?????? ???? ?????????? ??????: - - ????: - - - ?????????????????: - - - - ? ????? ?? ?????????";25,00;KILOGRAMS;1.317,00;IMPORT;NOT CLASSIFIED;DECLARATIONS;ERNESTO VENTOS S A 08960 CARRETERA REIAL 120B SANT JUST DESVERN BARCELONA SPAIN;;;;;;;;;;;;;;;;;;;;;;;;;;;;;;;;;;;;;;;;;;;;;;;;;;;;;;;;;;;;;;;;;;;;;;;;;;;;;;;;;;;;;;;;;;;;;;;;;;;;;;;;;;;;;;;;;;;;;;;;;;;;;;;;;;;;;;;;;;;;;;;;;;;;;;;;;;;;;;;;;;;;;;;;;;;;;;;;;;;;;;;;;;;;;;;;;;;;;;;;;;;;;;;;;;;;;;;;;;;;;;;;;;;;;;;;;;;;;;;;;;
06/03/2026;UKRAINE - IMPORT;AROMA UKRAINE LIMITED LIABILITY COMPANY 54018 M NIKOLAEV PROHOVALINSKY 47 KV 3 UKRAINE;UKRAINE;NOT DECLARED;INDONESIA;3301294900 - ESSENTIAL OILS (TERPENELESS OR NOT), (..) ESSENTIAL OILS OTHER THAN THOSE OF CITRUS FRUIT:OTHER OTHER: NOT DETERPENATED: OTHER;"???? ?????? ????????????????? (??? ??????? ??? ?? ??????? ???????) ??? ??????????????? (??? ?? ??????? ????????), ????????? ???????? ?? ????????; ?????????; ???????????? ?????? ????; ??????????? ??????? ???? ? ?????, ???????? ?????, ?????? ??? ? ????? ???????? ?????????, ???????? ???????? ????????? ??? ?????????; ????????? ??????? ???????? ?????????????? ??????? ????; ????? ????????? ?? ????? ??????? ??????? ????: - ?????? ????,???? ??????? ???? ?????????? ??????: - ????: - ????: - ????";50,00;KILOGRAMS;3.232,64;IMPORT;NOT CLASSIFIED;DECLARATIONS;ERNESTO VENTOS S A 08960 CARRETERA REIAL 120B SANT JUST DESVERN BARCELONA SPAIN;;;;;;;;;;;;;;;;;;;;;;;;;;;;;;;;;;;;;;;;;;;;;;;;;;;;;;;;;;;;;;;;;;;;;;;;;;;;;;;;;;;;;;;;;;;;;;;;;;;;;;;;;;;;;;;;;;;;;;;;;;;;;;;;;;;;;;;;;;;;;;;;;;;;;;;;;;;;;;;;;;;;;;;;;;;;;;;;;;;;;;;;;;;;;;;;;;;;;;;;;;;;;;;;;;;;;;;;;;;;;;;;;;;;;;;;;;;;;;;;;;
06/03/2026;UKRAINE - IMPORT;AROMA UKRAINE LIMITED LIABILITY COMPANY 54018 M NIKOLAEV PROHOVALINSKY 47 KV 3 UKRAINE;UKRAINE;NOT DECLARED;CHINA;2914290090 - KETONES AND QUINONES, WHETHER OR NOT(..) CYCLANIC, CYCLENIC OR CYCLOTERPENIC KETONES WITHOUT OTHER OXYGEN FUNCTION:OTHER OTHER;?????? ?? ??????, ?? ?????? ???? ??????? ??? ?? ??????? ???? ??????????? ????????????? ?????, ?? ?? ????????????, ??????????, ????????? ??? ??????????? ???????: - ?????? ????????? (?????????????), ????????? (?????????????) ?????????????????, ?? ?????? ???? ?? ??????? ???? ??????????? ????????????? ?????: - - ????: - - - ????;100,00;KILOGRAMS;4.708,88;IMPORT;NOT CLASSIFIED;DECLARATIONS;ERNESTO VENTOS S A 08960 CARRETERA REIAL 120B SANT JUST DESVERN BARCELONA SPAIN;;;;;;;;;;;;;;;;;;;;;;;;;;;;;;;;;;;;;;;;;;;;;;;;;;;;;;;;;;;;;;;;;;;;;;;;;;;;;;;;;;;;;;;;;;;;;;;;;;;;;;;;;;;;;;;;;;;;;;;;;;;;;;;;;;;;;;;;;;;;;;;;;;;;;;;;;;;;;;;;;;;;;;;;;;;;;;;;;;;;;;;;;;;;;;;;;;;;;;;;;;;;;;;;;;;;;;;;;;;;;;;;;;;;;;;;;;;;;;;;;;
06/03/2026;UKRAINE - IMPORT;AROMA UKRAINE LIMITED LIABILITY COMPANY 54018 M NIKOLAEV PROHOVALINSKY 47 KV 3 UKRAINE;UKRAINE;NOT DECLARED;INDIA;2906290000 - CYCLIC ALCOHOLS AND THEIR HALOGENATED, SULPHONATED, NITRATED OR NITROSATED DERIVATIVES. AROMATIC:OTHER;?????? ???????? ?? ?? ????????????, ??????????, ????????? ??? ??????????? ???????: - ??????????: - - ????;10,00;KILOGRAMS;1.340,94;IMPORT;NOT CLASSIFIED;DECLARATIONS;ERNESTO VENTOS S A 08960 CARRETERA REIAL 120B SANT JUST DESVERN BARCELONA SPAIN;;;;;;;;;;;;;;;;;;;;;;;;;;;;;;;;;;;;;;;;;;;;;;;;;;;;;;;;;;;;;;;;;;;;;;;;;;;;;;;;;;;;;;;;;;;;;;;;;;;;;;;;;;;;;;;;;;;;;;;;;;;;;;;;;;;;;;;;;;;;;;;;;;;;;;;;;;;;;;;;;;;;;;;;;;;;;;;;;;;;;;;;;;;;;;;;;;;;;;;;;;;;;;;;;;;;;;;;;;;;;;;;;;;;;;;;;;;;;;;;;;
06/03/2026;UKRAINE - IMPORT;AROMA UKRAINE LIMITED LIABILITY COMPANY 54018 M NIKOLAEV PROHOVALINSKY 47 KV 3 UKRAINE;UKRAINE;NOT DECLARED;INDONESIA;3302909000 - MIXTURES OF ODORIFEROUS SUBSTANCES AND MIXTURES (INCLUDING ALCOHOLIC SOLUTIONS) WITH A BASIS OF ONE OR MORE OF(..) OTHER OTHER;"?????? ???????? ??????? ?? ?????? (????????? ???????? ???????), ???????? ?? ?????? ?????? ??? ??????? ????? ???????, ??? ?????????????? ?? ?????????? ????????; ???? ????????? ?? ?????? ???????? ???????, ??? ?????????????? ? ??????????? ??????: - ????: - - ????";10,00;KILOGRAMS;1.033,65;IMPORT;NOT CLASSIFIED;DECLARATIONS;ERNESTO VENTOS S A 08960 CARRETERA REIAL 120B SANT JUST DESVERN BARCELONA SPAIN;;;;;;;;;;;;;;;;;;;;;;;;;;;;;;;;;;;;;;;;;;;;;;;;;;;;;;;;;;;;;;;;;;;;;;;;;;;;;;;;;;;;;;;;;;;;;;;;;;;;;;;;;;;;;;;;;;;;;;;;;;;;;;;;;;;;;;;;;;;;;;;;;;;;;;;;;;;;;;;;;;;;;;;;;;;;;;;;;;;;;;;;;;;;;;;;;;;;;;;;;;;;;;;;;;;;;;;;;;;;;;;;;;;;;;;;;;;;;;;;;;
06/03/2026;UKRAINE - IMPORT;AROMA UKRAINE LIMITED LIABILITY COMPANY 54018 M NIKOLAEV PROHOVALINSKY 47 KV 3 UKRAINE;UKRAINE;NOT DECLARED;CHINA;2932209000 - HETEROCYCLIC COMPOUNDS WITH OXYGEN HETERO-ATOM(S) ONLY. LACTONES OTHER;??????? ?????????????? ???? ? ???????????? (???????) ?????: - ???????: - - ????;200,00;KILOGRAMS;1.053,61;IMPORT;NOT CLASSIFIED;DECLARATIONS;ERNESTO VENTOS S A 08960 CARRETERA REIAL 120B SANT JUST DESVERN BARCELONA SPAIN;;;;;;;;;;;;;;;;;;;;;;;;;;;;;;;;;;;;;;;;;;;;;;;;;;;;;;;;;;;;;;;;;;;;;;;;;;;;;;;;;;;;;;;;;;;;;;;;;;;;;;;;;;;;;;;;;;;;;;;;;;;;;;;;;;;;;;;;;;;;;;;;;;;;;;;;;;;;;;;;;;;;;;;;;;;;;;;;;;;;;;;;;;;;;;;;;;;;;;;;;;;;;;;;;;;;;;;;;;;;;;;;;;;;;;;;;;;;;;;;;;
06/03/2026;UKRAINE - IMPORT;AROMA UKRAINE LIMITED LIABILITY COMPANY 54018 M NIKOLAEV PROHOVALINSKY 47 KV 3 UKRAINE;UKRAINE;NOT DECLARED;UNITED KINGDOM;"2912190090 - ALDEHYDES, WHETHER OR NOT WITH OTHER OXYGEN FUNCTION; CYCLIC P(..) ACYCLIC ALDEHYDES WITHOUT OTHER OXYGEN FUNCTION:OTHER OTHER";"?????????, ?? ?????? ???? ??????? ??? ?? ??????? ???? ??????????? ????????????? ?????; ???????? ???????? ??????????; ????????????????: - ????????? ?????????, ?? ?????? ???? ?? ??????? ???? ??????????? ????????????? ?????: - -????: - - - ????";160,00;KILOGRAMS;738,16;IMPORT;NOT CLASSIFIED;DECLARATIONS;ERNESTO VENTOS S A 08960 CARRETERA REIAL 120B SANT JUST DESVERN BARCELONA SPAIN;;;;;;;;;;;;;;;;;;;;;;;;;;;;;;;;;;;;;;;;;;;;;;;;;;;;;;;;;;;;;;;;;;;;;;;;;;;;;;;;;;;;;;;;;;;;;;;;;;;;;;;;;;;;;;;;;;;;;;;;;;;;;;;;;;;;;;;;;;;;;;;;;;;;;;;;;;;;;;;;;;;;;;;;;;;;;;;;;;;;;;;;;;;;;;;;;;;;;;;;;;;;;;;;;;;;;;;;;;;;;;;;;;;;;;;;;;;;;;;;;;
06/03/2026;UKRAINE - IMPORT;AROMA UKRAINE LIMITED LIABILITY COMPANY 54018 M NIKOLAEV PROHOVALINSKY 47 KV 3 UKRAINE;UKRAINE;NOT DECLARED;CHINA;2932190000 - HETEROCYCLIC COMPOUNDS WI(..) COMPOUNDS CONTAINING AN UNFUSED FURAN RING (WHETHER OR NOT HYDROGENATED) IN THE STRUCTURE:OTHER;??????? ?????????????? ???? ? ???????????? (???????) ?????: - ???????, ?? ??????? ? ????????? ?????????????? ???????? ?????? (????????? ??? ???????????): - - ????;5,00;KILOGRAMS;199,55;IMPORT;NOT CLASSIFIED;DECLARATIONS;ERNESTO VENTOS S A 08960 CARRETERA REIAL 120B SANT JUST DESVERN BARCELONA SPAIN;;;;;;;;;;;;;;;;;;;;;;;;;;;;;;;;;;;;;;;;;;;;;;;;;;;;;;;;;;;;;;;;;;;;;;;;;;;;;;;;;;;;;;;;;;;;;;;;;;;;;;;;;;;;;;;;;;;;;;;;;;;;;;;;;;;;;;;;;;;;;;;;;;;;;;;;;;;;;;;;;;;;;;;;;;;;;;;;;;;;;;;;;;;;;;;;;;;;;;;;;;;;;;;;;;;;;;;;;;;;;;;;;;;;;;;;;;;;;;;;;;
06/03/2026;UKRAINE - IMPORT;AROMA UKRAINE LIMITED LIABILITY COMPANY 54018 M NIKOLAEV PROHOVALINSKY 47 KV 3 UKRAINE;UKRAINE;NOT DECLARED;CHINA;2918290090 - CARBOXYLIC ACIDS WIT(..) CARBOXYLIC ACIDS WITH PHENOL FUNCTION BUT WITHOUT OTHER OXYGEN FUNCTION, THEIR ANHYDRIDES, HALI(..) OTHER;"??????? ?????????, ?? ?????? ???? ??????? ????????? ??????????? ????????????? ?????, ?? ?? ?????????, ????????????????, ?????????, ??????????????; ?? ????????????, ??????????, ????????? ??? ??????????? ???????: - ??????? ?????????, ?? ?????? ???? ??????? ???????? ????????????? ?????, ??? ?? ??????? ???? ??????????? ????????????? ?????, ?? ?????????, ????????????????, ?????????, ?????????????? ?? ?? ???????: - - ????: - - - ????";50,00;KILOGRAMS;1.436,73;IMPORT;NOT CLASSIFIED;DECLARATIONS;ERNESTO VENTOS S A 08960 CARRETERA REIAL 120B SANT JUST DESVERN BARCELONA SPAIN;;;;;;;;;;;;;;;;;;;;;;;;;;;;;;;;;;;;;;;;;;;;;;;;;;;;;;;;;;;;;;;;;;;;;;;;;;;;;;;;;;;;;;;;;;;;;;;;;;;;;;;;;;;;;;;;;;;;;;;;;;;;;;;;;;;;;;;;;;;;;;;;;;;;;;;;;;;;;;;;;;;;;;;;;;;;;;;;;;;;;;;;;;;;;;;;;;;;;;;;;;;;;;;;;;;;;;;;;;;;;;;;;;;;;;;;;;;;;;;;;;
06/03/2026;UKRAINE - IMPORT;AROMA UKRAINE LIMITED LIABILITY COMPANY 54018 M NIKOLAEV PROHOVALINSKY 47 KV 3 UKRAINE;UKRAINE;NOT DECLARED;SWITZERLAND;2914230000 - KETONES AND QUINONES,(..) CYCLANIC, CYCLENIC OR CYCLOTERPENIC KETONES WITHOUT OTHER OXYGEN FUNCTION:IONONES AND METHYLIONONES;?????? ?? ??????, ?? ?????? ???? ??????? ??? ?? ??????? ???? ??????????? ????????????? ?????, ?? ?? ????????????, ??????????, ????????? ??? ??????????? ???????: - ?????? ????????? (?????????????), ????????? (?????????????) ?????????????????, ?? ?????? ???? ?? ??????? ???? ??????????? ????????????? ?????: - - ?????? ?? ???????????;40,00;KILOGRAMS;882,79;IMPORT;NOT CLASSIFIED;DECLARATIONS;ERNESTO VENTOS S A 08960 CARRETERA REIAL 120B SANT JUST DESVERN BARCELONA SPAIN;;;;;;;;;;;;;;;;;;;;;;;;;;;;;;;;;;;;;;;;;;;;;;;;;;;;;;;;;;;;;;;;;;;;;;;;;;;;;;;;;;;;;;;;;;;;;;;;;;;;;;;;;;;;;;;;;;;;;;;;;;;;;;;;;;;;;;;;;;;;;;;;;;;;;;;;;;;;;;;;;;;;;;;;;;;;;;;;;;;;;;;;;;;;;;;;;;;;;;;;;;;;;;;;;;;;;;;;;;;;;;;;;;;;;;;;;;;;;;;;;;
06/03/2026;UKRAINE - IMPORT;AROMA UKRAINE LIMITED LIABILITY COMPANY 54018 M NIKOLAEV PROHOVALINSKY 47 KV 3 UKRAINE;UKRAINE;NOT DECLARED;INDIA;2915601900 - SATURATED ACYCLIC MO(..) BUTANOIC ACIDS, PENTANOIC ACIDS, THEIR SALTS AND EST(..) BUTANOIC ACIDS AND THEIR SALTS AND ESTERS: OTHER;"??????? ????????? ????????????? ???????? ?? ?? ?????????, ????????????????, ?????????, ??????????????; ?? ????????????, ??????????, ????????? ??? ??????????? ???????: - ??????? ???????, ??????????? ???????, ?? ???? ?? ??????? ?????: - - ??????? ???????, ?? ???? ?? ??????? ?????: - - - ????";5,00;KILOGRAMS;171,61;IMPORT;NOT CLASSIFIED;DECLARATIONS;ERNESTO VENTOS S A 08960 CARRETERA REIAL 120B SANT JUST DESVERN BARCELONA SPAIN;;;;;;;;;;;;;;;;;;;;;;;;;;;;;;;;;;;;;;;;;;;;;;;;;;;;;;;;;;;;;;;;;;;;;;;;;;;;;;;;;;;;;;;;;;;;;;;;;;;;;;;;;;;;;;;;;;;;;;;;;;;;;;;;;;;;;;;;;;;;;;;;;;;;;;;;;;;;;;;;;;;;;;;;;;;;;;;;;;;;;;;;;;;;;;;;;;;;;;;;;;;;;;;;;;;;;;;;;;;;;;;;;;;;;;;;;;;;;;;;;;
06/03/2026;UKRAINE - IMPORT;AROMA UKRAINE LIMITED LIABILITY COMPANY 54018 M NIKOLAEV PROHOVALINSKY 47 KV 3 UKRAINE;UKRAINE;NOT DECLARED;SWITZERLAND;2914199000 - KETONES AND QUINONES, WHETHER OR NOT WITH OTHER OXYGEN FUNCTION,(..) ACYCLIC KETONES WITHOUT OTHER OXYGEN FUNCTION:OTHER OTHER;?????? ?? ??????, ?? ?????? ???? ??????? ??? ?? ??????? ???? ??????????? ????????????? ?????, ?? ?? ????????????, ??????????, ????????? ??? ??????????? ???????: - ?????? ?????????, ?? ?????? ???? ?? ??????? ???? ???????????????????????? ?????: - - ????: - - - ????;5,00;KILOGRAMS;618,59;IMPORT;NOT CLASSIFIED;DECLARATIONS;ERNESTO VENTOS S A 08960 CARRETERA REIAL 120B SANT JUST DESVERN BARCELONA SPAIN;;;;;;;;;;;;;;;;;;;;;;;;;;;;;;;;;;;;;;;;;;;;;;;;;;;;;;;;;;;;;;;;;;;;;;;;;;;;;;;;;;;;;;;;;;;;;;;;;;;;;;;;;;;;;;;;;;;;;;;;;;;;;;;;;;;;;;;;;;;;;;;;;;;;;;;;;;;;;;;;;;;;;;;;;;;;;;;;;;;;;;;;;;;;;;;;;;;;;;;;;;;;;;;;;;;;;;;;;;;;;;;;;;;;;;;;;;;;;;;;;;
06/03/2026;UKRAINE - IMPORT;AROMA UKRAINE LIMITED LIABILITY COMPANY 54018 M NIKOLAEV PROHOVALINSKY 47 KV 3 UKRAINE;UKRAINE;NOT DECLARED;CHINA;"2915907090 - SATURATED ACYCLIC MONOCARBOXYLIC ACIDS AND THEIR ANHYDRIDES, HALIDES, PEROXIDES AND PEROXYACIDS; THEIR (..) OTHER OTHER: OTHER";"??????? ????????? ????????????? ???????? ?? ?? ?????????, ????????????????, ?????????, ??????????????; ?? ????????????, ??????????, ????????? ??? ??????????? ???????: - ????: - - ????: - - - ????";10,00;KILOGRAMS;142,08;IMPORT;NOT CLASSIFIED;DECLARATIONS;ERNESTO VENTOS S A 08960 CARRETERA REIAL 120B SANT JUST DESVERN BARCELONA SPAIN;;;;;;;;;;;;;;;;;;;;;;;;;;;;;;;;;;;;;;;;;;;;;;;;;;;;;;;;;;;;;;;;;;;;;;;;;;;;;;;;;;;;;;;;;;;;;;;;;;;;;;;;;;;;;;;;;;;;;;;;;;;;;;;;;;;;;;;;;;;;;;;;;;;;;;;;;;;;;;;;;;;;;;;;;;;;;;;;;;;;;;;;;;;;;;;;;;;;;;;;;;;;;;;;;;;;;;;;;;;;;;;;;;;;;;;;;;;;;;;;;;
06/03/2026;UKRAINE - IMPORT;AROMA UKRAINE LIMITED LIABILITY COMPANY 54018 M NIKOLAEV PROHOVALINSKY 47 KV 3 UKRAINE;UKRAINE;NOT DECLARED;INDIA;2922498500 - OXYGEN-FUNCTION AMIN(..) AMINO-ACIDS, OTHER THAN THOSE CONTAINING MORE THAN ONE KIND OF OXYGEN FUNCTION, AND THEIR ESTER(..) OTHER;"????????????, ?? ?????? ???? ??????? ??????????? ????????????? ?????:-???????????? ?? ?? ??????? ?????, ???? ??????, ?? ?????? ???? ??????? ????? ?? ???? ??? ???????????? ?????????????? ????; ???? ??? ???????:-????:-????-";5,00;KILOGRAMS;147,66;IMPORT;NOT CLASSIFIED;DECLARATIONS;ERNESTO VENTOS S A 08960 CARRETERA REIAL 120B SANT JUST DESVERN BARCELONA SPAIN;;;;;;;;;;;;;;;;;;;;;;;;;;;;;;;;;;;;;;;;;;;;;;;;;;;;;;;;;;;;;;;;;;;;;;;;;;;;;;;;;;;;;;;;;;;;;;;;;;;;;;;;;;;;;;;;;;;;;;;;;;;;;;;;;;;;;;;;;;;;;;;;;;;;;;;;;;;;;;;;;;;;;;;;;;;;;;;;;;;;;;;;;;;;;;;;;;;;;;;;;;;;;;;;;;;;;;;;;;;;;;;;;;;;;;;;;;;;;;;;;;
06/03/2026;UKRAINE - IMPORT;AROMA UKRAINE LIMITED LIABILITY COMPANY 54018 M NIKOLAEV PROHOVALINSKY 47 KV 3 UKRAINE;UKRAINE;NOT DECLARED;INDIA;2905299000 - ACYCLIC ALCOHOLS AND THEIR HALOGENATED, SULPHONATED, NITRATED OR NITROSATED DE(..) UNSATURATED MONOHYDRIC ALCOHOLS:OTHER OTHER;?????? ????????? ?? ?? ????????????, ??????????, ????????? ??? ??????????? ???????: - ?????????? ??????????: - - ????: - - - ????;170,00;KILOGRAMS;1.872,54;IMPORT;NOT CLASSIFIED;DECLARATIONS;ERNESTO VENTOS S A 08960 CARRETERA REIAL 120B SANT JUST DESVERN BARCELONA SPAIN;;;;;;;;;;;;;;;;;;;;;;;;;;;;;;;;;;;;;;;;;;;;;;;;;;;;;;;;;;;;;;;;;;;;;;;;;;;;;;;;;;;;;;;;;;;;;;;;;;;;;;;;;;;;;;;;;;;;;;;;;;;;;;;;;;;;;;;;;;;;;;;;;;;;;;;;;;;;;;;;;;;;;;;;;;;;;;;;;;;;;;;;;;;;;;;;;;;;;;;;;;;;;;;;;;;;;;;;;;;;;;;;;;;;;;;;;;;;;;;;;;
06/03/2026;UKRAINE - IMPORT;AROMA UKRAINE LIMITED LIABILITY COMPANY 54018 M NIKOLAEV PROHOVALINSKY 47 KV 3 UKRAINE;UKRAINE;NOT DECLARED;INDIA;2918999090 - CARBOXYLIC ACIDS WITH ADDITIONAL OXYGEN FUNCTION AND THEIR ANHYDRIDES, HALIDES, PEROXIDES AND PER(..) OTHER:OTHER OTHER: OTHER;"??????? ?????????, ?? ?????? ???? ??????? ????????? ??????????? ????????????? ?????, ?? ?? ?????????, ????????????????, ?????????, ??????????????; ?? ????????????, ??????????, ????????? ??? ??????????? ???????: - ????: - - ????:- - - ????: - - - - ????";50,00;KILOGRAMS;1.556,46;IMPORT;NOT CLASSIFIED;DECLARATIONS;ERNESTO VENTOS S A 08960 CARRETERA REIAL 120B SANT JUST DESVERN BARCELONA SPAIN;;;;;;;;;;;;;;;;;;;;;;;;;;;;;;;;;;;;;;;;;;;;;;;;;;;;;;;;;;;;;;;;;;;;;;;;;;;;;;;;;;;;;;;;;;;;;;;;;;;;;;;;;;;;;;;;;;;;;;;;;;;;;;;;;;;;;;;;;;;;;;;;;;;;;;;;;;;;;;;;;;;;;;;;;;;;;;;;;;;;;;;;;;;;;;;;;;;;;;;;;;;;;;;;;;;;;;;;;;;;;;;;;;;;;;;;;;;;;;;;;;
06/03/2026;UKRAINE - IMPORT;AROMA UKRAINE LIMITED LIABILITY COMPANY 54018 M NIKOLAEV PROHOVALINSKY 47 KV 3 UKRAINE;UKRAINE;NOT DECLARED;INDIA;2914290090 - KETONES AND QUINONES, WHETHER OR NOT(..) CYCLANIC, CYCLENIC OR CYCLOTERPENIC KETONES WITHOUT OTHER OXYGEN FUNCTION:OTHER OTHER;?????? ?? ??????, ?? ?????? ???? ??????? ??? ?? ??????? ???? ??????????? ????????????? ?????, ?? ?? ????????????, ??????????, ????????? ??? ??????????? ???????: - ?????? ????????? (?????????????), ????????? (?????????????) ?????????????????, ?? ?????? ???? ?? ??????? ???? ??????????? ????????????? ?????: - - ????: - - - ????;5,00;KILOGRAMS;131,70;IMPORT;NOT CLASSIFIED;DECLARATIONS;ERNESTO VENTOS S A 08960 CARRETERA REIAL 120B SANT JUST DESVERN BARCELONA SPAIN;;;;;;;;;;;;;;;;;;;;;;;;;;;;;;;;;;;;;;;;;;;;;;;;;;;;;;;;;;;;;;;;;;;;;;;;;;;;;;;;;;;;;;;;;;;;;;;;;;;;;;;;;;;;;;;;;;;;;;;;;;;;;;;;;;;;;;;;;;;;;;;;;;;;;;;;;;;;;;;;;;;;;;;;;;;;;;;;;;;;;;;;;;;;;;;;;;;;;;;;;;;;;;;;;;;;;;;;;;;;;;;;;;;;;;;;;;;;;;;;;;
06/03/2026;UKRAINE - IMPORT;AROMA UKRAINE LIMITED LIABILITY COMPANY 54018 M NIKOLAEV PROHOVALINSKY 47 KV 3 UKRAINE;UKRAINE;NOT DECLARED;INDIA;2916310000 - UNSATURATED       AC(..) AROMATIC MONOCARBOXYLIC ACIDS, THEIR ANHYDRIDES, HALIDES, PEROXIDES, PEROXYACIDS AND THEIR DERIVATIV(..);"??????? ????????? ????????????? ??????????, ??????? ???????? ?????????????, ?? ?????????, ????????????????, ????????? ?? ??????????????; ?? ????????????, ??????????, ????????? ??? ??????????? ???????: - ??????? ?????????? ?????????????, ?? ?????????, ????????????????, ?????????, ?????????????? ?? ?? ???????: - - ???????? ???????, ?? ???? ?? ??????? ?????";10,00;KILOGRAMS;126,51;IMPORT;NOT CLASSIFIED;DECLARATIONS;ERNESTO VENTOS S A 08960 CARRETERA REIAL 120B SANT JUST DESVERN BARCELONA SPAIN;;;;;;;;;;;;;;;;;;;;;;;;;;;;;;;;;;;;;;;;;;;;;;;;;;;;;;;;;;;;;;;;;;;;;;;;;;;;;;;;;;;;;;;;;;;;;;;;;;;;;;;;;;;;;;;;;;;;;;;;;;;;;;;;;;;;;;;;;;;;;;;;;;;;;;;;;;;;;;;;;;;;;;;;;;;;;;;;;;;;;;;;;;;;;;;;;;;;;;;;;;;;;;;;;;;;;;;;;;;;;;;;;;;;;;;;;;;;;;;;;;
06/03/2026;UKRAINE - IMPORT;AROMA UKRAINE LIMITED LIABILITY COMPANY 54018 M NIKOLAEV PROHOVALINSKY 47 KV 3 UKRAINE;UKRAINE;NOT DECLARED;EUROPEAN UNION;3302901000 - MIXTURES OF ODORIFEROUS SUBSTANCES AND MIXTURES (INCLUDING ALCOHOLIC SOLUTIONS) WITH A BASIS OF (..) OTHER ALCOHOLIC SOLUTIONS;"?????? ???????? ??????? ?? ?????? (????????? ???????? ???????), ???????? ?? ?????? ?????? ??? ??????? ????? ???????, ??? ?????????????? ?? ?????????? ????????; ???? ????????? ?? ?????? ???????? ???????, ??? ?????????????? ? ??????????? ??????: - ????: - - ???????? ???????";0,50;KILOGRAMS;315,29;IMPORT;NOT CLASSIFIED;DECLARATIONS;ERNESTO VENTOS S A 08960 CARRETERA REIAL 120B SANT JUST DESVERN BARCELONA SPAIN;;;;;;;;;;;;;;;;;;;;;;;;;;;;;;;;;;;;;;;;;;;;;;;;;;;;;;;;;;;;;;;;;;;;;;;;;;;;;;;;;;;;;;;;;;;;;;;;;;;;;;;;;;;;;;;;;;;;;;;;;;;;;;;;;;;;;;;;;;;;;;;;;;;;;;;;;;;;;;;;;;;;;;;;;;;;;;;;;;;;;;;;;;;;;;;;;;;;;;;;;;;;;;;;;;;;;;;;;;;;;;;;;;;;;;;;;;;;;;;;;;
06/03/2026;UKRAINE - IMPORT;AROMA UKRAINE LIMITED LIABILITY COMPANY 54018 M NIKOLAEV PROHOVALINSKY 47 KV 3 UKRAINE;UKRAINE;NOT DECLARED;CHINA;2914790000 - KETONES AND QUINONES, WHETHER OR NOT WITH OTHER OXYGEN(..) HALOGENATED, SULPHONATED, NITRATED OR NITROSATED DERIVATIVES:OTHER;?????? ?? ??????, ?? ?????? ???? ??????? ??? ?? ??????? ???? ??????????? ????????????? ?????, ?? ?? ????????????, ??????????, ????????? ??? ??????????? ???????: - ????????????, ??????????, ????????? ??? ??????????? ???????: -- ????;50,00;KILOGRAMS;638,55;IMPORT;NOT CLASSIFIED;DECLARATIONS;ERNESTO VENTOS S A 08960 CARRETERA REIAL 120B SANT JUST DESVERN BARCELONA SPAIN;;;;;;;;;;;;;;;;;;;;;;;;;;;;;;;;;;;;;;;;;;;;;;;;;;;;;;;;;;;;;;;;;;;;;;;;;;;;;;;;;;;;;;;;;;;;;;;;;;;;;;;;;;;;;;;;;;;;;;;;;;;;;;;;;;;;;;;;;;;;;;;;;;;;;;;;;;;;;;;;;;;;;;;;;;;;;;;;;;;;;;;;;;;;;;;;;;;;;;;;;;;;;;;;;;;;;;;;;;;;;;;;;;;;;;;;;;;;;;;;;;
06/03/2026;UKRAINE - IMPORT;AROMA UKRAINE LIMITED LIABILITY COMPANY 54018 M NIKOLAEV PROHOVALINSKY 47 KV 3 UKRAINE;UKRAINE;NOT DECLARED;EUROPEAN UNION;2901290000 - ACYCLIC HYDROCARBONS. UNSATURATED:OTHER;?????????? ?????????: - ??????????: - - ????;20,00;KILOGRAMS;702,40;IMPORT;NOT CLASSIFIED;DECLARATIONS;ERNESTO VENTOS S A 08960 CARRETERA REIAL 120B SANT JUST DESVERN BARCELONA SPAIN;;;;;;;;;;;;;;;;;;;;;;;;;;;;;;;;;;;;;;;;;;;;;;;;;;;;;;;;;;;;;;;;;;;;;;;;;;;;;;;;;;;;;;;;;;;;;;;;;;;;;;;;;;;;;;;;;;;;;;;;;;;;;;;;;;;;;;;;;;;;;;;;;;;;;;;;;;;;;;;;;;;;;;;;;;;;;;;;;;;;;;;;;;;;;;;;;;;;;;;;;;;;;;;;;;;;;;;;;;;;;;;;;;;;;;;;;;;;;;;;;;
06/03/2026;UKRAINE - IMPORT;AROMA UKRAINE LIMITED LIABILITY COMPANY 54018 M NIKOLAEV PROHOVALINSKY 47 KV 3 UKRAINE;UKRAINE;NOT DECLARED;CHINA;3302909000 - MIXTURES OF ODORIFEROUS SUBSTANCES AND MIXTURES (INCLUDING ALCOHOLIC SOLUTIONS) WITH A BASIS OF ONE OR MORE OF(..) OTHER OTHER;"?????? ???????? ??????? ?? ?????? (????????? ???????? ???????), ???????? ?? ?????? ?????? ??? ??????? ????? ???????, ??? ?????????????? ?? ?????????? ????????; ???? ????????? ?? ?????? ???????? ???????, ??? ?????????????? ? ??????????? ??????: - ????: - - ????";5,00;KILOGRAMS;1.416,78;IMPORT;NOT CLASSIFIED;DECLARATIONS;ERNESTO VENTOS S A 08960 CARRETERA REIAL 120B SANT JUST DESVERN BARCELONA SPAIN;;;;;;;;;;;;;;;;;;;;;;;;;;;;;;;;;;;;;;;;;;;;;;;;;;;;;;;;;;;;;;;;;;;;;;;;;;;;;;;;;;;;;;;;;;;;;;;;;;;;;;;;;;;;;;;;;;;;;;;;;;;;;;;;;;;;;;;;;;;;;;;;;;;;;;;;;;;;;;;;;;;;;;;;;;;;;;;;;;;;;;;;;;;;;;;;;;;;;;;;;;;;;;;;;;;;;;;;;;;;;;;;;;;;;;;;;;;;;;;;;;
06/03/2026;UKRAINE - IMPORT;AROMA UKRAINE LIMITED LIABILITY COMPANY 54018 M NIKOLAEV PROHOVALINSKY 47 KV 3 UKRAINE;UKRAINE;NOT DECLARED;INDIA;"2912190090 - ALDEHYDES, WHETHER OR NOT WITH OTHER OXYGEN FUNCTION; CYCLIC P(..) ACYCLIC ALDEHYDES WITHOUT OTHER OXYGEN FUNCTION:OTHER OTHER";"?????????, ?? ?????? ???? ??????? ??? ?? ??????? ???? ??????????? ????????????? ?????; ???????? ???????? ??????????; ????????????????: - ????????? ?????????, ?? ?????? ???? ?? ??????? ???? ??????????? ????????????? ?????: - -????: - - - ????";385,00;KILOGRAMS;3.888,59;IMPORT;NOT CLASSIFIED;DECLARATIONS;ERNESTO VENTOS S A 08960 CARRETERA REIAL 120B SANT JUST DESVERN BARCELONA SPAIN;;;;;;;;;;;;;;;;;;;;;;;;;;;;;;;;;;;;;;;;;;;;;;;;;;;;;;;;;;;;;;;;;;;;;;;;;;;;;;;;;;;;;;;;;;;;;;;;;;;;;;;;;;;;;;;;;;;;;;;;;;;;;;;;;;;;;;;;;;;;;;;;;;;;;;;;;;;;;;;;;;;;;;;;;;;;;;;;;;;;;;;;;;;;;;;;;;;;;;;;;;;;;;;;;;;;;;;;;;;;;;;;;;;;;;;;;;;;;;;;;;
06/03/2026;UKRAINE - IMPORT;AROMA UKRAINE LIMITED LIABILITY COMPANY 54018 M NIKOLAEV PROHOVALINSKY 47 KV 3 UKRAINE;UKRAINE;NOT DECLARED;EUROPEAN UNION;2914230000 - KETONES AND QUINONES,(..) CYCLANIC, CYCLENIC OR CYCLOTERPENIC KETONES WITHOUT OTHER OXYGEN FUNCTION:IONONES AND METHYLIONONES;?????? ?? ??????, ?? ?????? ???? ??????? ??? ?? ??????? ???? ??????????? ????????????? ?????, ?? ?? ????????????, ??????????, ????????? ??? ??????????? ???????: - ?????? ????????? (?????????????), ????????? (?????????????) ?????????????????, ?? ?????? ???? ?? ??????? ???? ??????????? ????????????? ?????: - - ?????? ?? ???????????;360,00;KILOGRAMS;2.643,58;IMPORT;NOT CLASSIFIED;DECLARATIONS;ERNESTO VENTOS S A 08960 CARRETERA REIAL 120B SANT JUST DESVERN BARCELONA SPAIN;;;;;;;;;;;;;;;;;;;;;;;;;;;;;;;;;;;;;;;;;;;;;;;;;;;;;;;;;;;;;;;;;;;;;;;;;;;;;;;;;;;;;;;;;;;;;;;;;;;;;;;;;;;;;;;;;;;;;;;;;;;;;;;;;;;;;;;;;;;;;;;;;;;;;;;;;;;;;;;;;;;;;;;;;;;;;;;;;;;;;;;;;;;;;;;;;;;;;;;;;;;;;;;;;;;;;;;;;;;;;;;;;;;;;;;;;;;;;;;;;;
06/03/2026;UKRAINE - IMPORT;AROMA UKRAINE LIMITED LIABILITY COMPANY 54018 M NIKOLAEV PROHOVALINSKY 47 KV 3 UKRAINE;UKRAINE;NOT DECLARED;CHINA;2930909890 - ORGANO-SULPHUR COMPOUNDS. OTHER OTHER: OTHER;??????? ??????????????: - ????: - - ????: - - - ????;5,00;KILOGRAMS;299,32;IMPORT;NOT CLASSIFIED;DECLARATIONS;ERNESTO VENTOS S A 08960 CARRETERA REIAL 120B SANT JUST DESVERN BARCELONA SPAIN;;;;;;;;;;;;;;;;;;;;;;;;;;;;;;;;;;;;;;;;;;;;;;;;;;;;;;;;;;;;;;;;;;;;;;;;;;;;;;;;;;;;;;;;;;;;;;;;;;;;;;;;;;;;;;;;;;;;;;;;;;;;;;;;;;;;;;;;;;;;;;;;;;;;;;;;;;;;;;;;;;;;;;;;;;;;;;;;;;;;;;;;;;;;;;;;;;;;;;;;;;;;;;;;;;;;;;;;;;;;;;;;;;;;;;;;;;;;;;;;;;
06/03/2026;UKRAINE - IMPORT;AROMA UKRAINE LIMITED LIABILITY COMPANY 54018 M NIKOLAEV PROHOVALINSKY 47 KV 3 UKRAINE;UKRAINE;NOT DECLARED;INDIA;"2912290000 - ALDEHYDES, WHETHER OR NOT WITH OTHER OXYGEN FUNCTION; CYCLIC POLYMER(..) CYCLIC ALDEHYDES WITHOUT OTHER OXYGEN FUNCTION:OTHER";"?????????, ?? ?????? ???? ??????? ??? ?? ??????? ???? ??????????? ????????????? ?????; ???????? ???????? ??????????; ????????????????: - ????????? ????????, ?? ?????? ???? ?? ??????? ???? ??????????? ????????????? ?????: - -????";1.140,00;KILOGRAMS;4.540,54;IMPORT;NOT CLASSIFIED;DECLARATIONS;ERNESTO VENTOS S A 08960 CARRETERA REIAL 120B SANT JUST DESVERN BARCELONA SPAIN;;;;;;;;;;;;;;;;;;;;;;;;;;;;;;;;;;;;;;;;;;;;;;;;;;;;;;;;;;;;;;;;;;;;;;;;;;;;;;;;;;;;;;;;;;;;;;;;;;;;;;;;;;;;;;;;;;;;;;;;;;;;;;;;;;;;;;;;;;;;;;;;;;;;;;;;;;;;;;;;;;;;;;;;;;;;;;;;;;;;;;;;;;;;;;;;;;;;;;;;;;;;;;;;;;;;;;;;;;;;;;;;;;;;;;;;;;;;;;;;;;
06/03/2026;UKRAINE - IMPORT;AROMA UKRAINE LIMITED LIABILITY COMPANY 54018 M NIKOLAEV PROHOVALINSKY 47 KV 3 UKRAINE;UKRAINE;NOT DECLARED;INDIA;2915310000 - SATURATED ACYCLIC MONOCARBOXYLIC ACIDS AND THEIR ANHYDRIDES, HALIDES, PEROXIDES AND P(..) ESTERS OF ACETIC ACID:ETHYL ACETATE;"??????? ????????? ????????????? ???????? ?? ?? ?????????, ????????????????, ?????????, ??????????????; ?? ????????????, ??????????, ????????? ??? ??????????? ???????: - ??????? ????? ??????? ???????: - - ??????????";380,00;KILOGRAMS;603,59;IMPORT;NOT CLASSIFIED;DECLARATIONS;ERNESTO VENTOS S A 08960 CARRETERA REIAL 120B SANT JUST DESVERN BARCELONA SPAIN;;;;;;;;;;;;;;;;;;;;;;;;;;;;;;;;;;;;;;;;;;;;;;;;;;;;;;;;;;;;;;;;;;;;;;;;;;;;;;;;;;;;;;;;;;;;;;;;;;;;;;;;;;;;;;;;;;;;;;;;;;;;;;;;;;;;;;;;;;;;;;;;;;;;;;;;;;;;;;;;;;;;;;;;;;;;;;;;;;;;;;;;;;;;;;;;;;;;;;;;;;;;;;;;;;;;;;;;;;;;;;;;;;;;;;;;;;;;;;;;;;
06/03/2026;UKRAINE - IMPORT;AROMA UKRAINE LIMITED LIABILITY COMPANY 54018 M NIKOLAEV PROHOVALINSKY 47 KV 3 UKRAINE;UKRAINE;NOT DECLARED;CHINA;"2912290000 - ALDEHYDES, WHETHER OR NOT WITH OTHER OXYGEN FUNCTION; CYCLIC POLYMER(..) CYCLIC ALDEHYDES WITHOUT OTHER OXYGEN FUNCTION:OTHER";"?????????, ?? ?????? ???? ??????? ??? ?? ??????? ???? ??????????? ????????????? ?????; ???????? ???????? ??????????; ????????????????: - ????????? ????????, ?? ?????? ???? ?? ??????? ???? ??????????? ????????????? ?????: - -????";380,00;KILOGRAMS;1.971,51;IMPORT;NOT CLASSIFIED;DECLARATIONS;ERNESTO VENTOS S A 08960 CARRETERA REIAL 120B SANT JUST DESVERN BARCELONA SPAIN;;;;;;;;;;;;;;;;;;;;;;;;;;;;;;;;;;;;;;;;;;;;;;;;;;;;;;;;;;;;;;;;;;;;;;;;;;;;;;;;;;;;;;;;;;;;;;;;;;;;;;;;;;;;;;;;;;;;;;;;;;;;;;;;;;;;;;;;;;;;;;;;;;;;;;;;;;;;;;;;;;;;;;;;;;;;;;;;;;;;;;;;;;;;;;;;;;;;;;;;;;;;;;;;;;;;;;;;;;;;;;;;;;;;;;;;;;;;;;;;;;
06/03/2026;UKRAINE - IMPORT;AROMA UKRAINE LIMITED LIABILITY COMPANY 54018 M NIKOLAEV PROHOVALINSKY 47 KV 3 UKRAINE;UKRAINE;NOT DECLARED;INDIA;2915390000 - SATURATED ACYCLIC MONOCARBOXYLIC ACIDS AND THEIR ANHYDRIDES, HALIDES, PEROXIDES AND PEROXYACI(..) ESTERS OF ACETIC ACID:OTHER;"??????? ????????? ????????????? ???????? ?? ?? ?????????, ????????????????, ?????????, ??????????????; ?? ????????????, ??????????, ????????? ??? ??????????? ???????: - ??????? ????? ??????? ???????: - - ????";190,00;KILOGRAMS;1.175,32;IMPORT;NOT CLASSIFIED;DECLARATIONS;ERNESTO VENTOS S A 08960 CARRETERA REIAL 120B SANT JUST DESVERN BARCELONA SPAIN;;;;;;;;;;;;;;;;;;;;;;;;;;;;;;;;;;;;;;;;;;;;;;;;;;;;;;;;;;;;;;;;;;;;;;;;;;;;;;;;;;;;;;;;;;;;;;;;;;;;;;;;;;;;;;;;;;;;;;;;;;;;;;;;;;;;;;;;;;;;;;;;;;;;;;;;;;;;;;;;;;;;;;;;;;;;;;;;;;;;;;;;;;;;;;;;;;;;;;;;;;;;;;;;;;;;;;;;;;;;;;;;;;;;;;;;;;;;;;;;;;
06/03/2026;UKRAINE - IMPORT;AROMA UKRAINE LIMITED LIABILITY COMPANY 54018 M NIKOLAEV PROHOVALINSKY 47 KV 3 UKRAINE;UKRAINE;NOT DECLARED;INDIA;2914390090 - KETONES AND QUINONES, WHETHER OR NOT WITH OTHER OXYGEN FUNCTION(..) AROMATIC KETONES WITHOUT OTHER OXYGEN FUNCTION:OTHER OTHER;?????? ?? ??????, ?? ?????? ???? ??????? ??? ?? ??????? ???? ??????????? ????????????? ?????, ?? ?? ????????????, ??????????, ????????? ??? ??????????? ???????: - ?????? ??????????, ?? ?????? ???? ?? ??????? ???? ???????????????????????? ?????: - - ????: - - - ????;5,00;KILOGRAMS;235,47;IMPORT;NOT CLASSIFIED;DECLARATIONS;ERNESTO VENTOS S A 08960 CARRETERA REIAL 120B SANT JUST DESVERN BARCELONA SPAIN;;;;;;;;;;;;;;;;;;;;;;;;;;;;;;;;;;;;;;;;;;;;;;;;;;;;;;;;;;;;;;;;;;;;;;;;;;;;;;;;;;;;;;;;;;;;;;;;;;;;;;;;;;;;;;;;;;;;;;;;;;;;;;;;;;;;;;;;;;;;;;;;;;;;;;;;;;;;;;;;;;;;;;;;;;;;;;;;;;;;;;;;;;;;;;;;;;;;;;;;;;;;;;;;;;;;;;;;;;;;;;;;;;;;;;;;;;;;;;;;;;
06/03/2026;UKRAINE - IMPORT;AROMA UKRAINE LIMITED LIABILITY COMPANY 54018 M NIKOLAEV PROHOVALINSKY 47 KV 3 UKRAINE;UKRAINE;NOT DECLARED;UNITED KINGDOM;3302909000 - MIXTURES OF ODORIFEROUS SUBSTANCES AND MIXTURES (INCLUDING ALCOHOLIC SOLUTIONS) WITH A BASIS OF ONE OR MORE OF(..) OTHER OTHER;"?????? ???????? ??????? ?? ?????? (????????? ???????? ???????), ???????? ?? ?????? ?????? ??? ??????? ????? ???????, ??? ?????????????? ?? ?????????? ????????; ???? ????????? ?? ?????? ???????? ???????, ??? ?????????????? ? ??????????? ??????: - ????: - - ????";400,00;KILOGRAMS;1.628,29;IMPORT;NOT CLASSIFIED;DECLARATIONS;ERNESTO VENTOS S A 08960 CARRETERA REIAL 120B SANT JUST DESVERN BARCELONA SPAIN;;;;;;;;;;;;;;;;;;;;;;;;;;;;;;;;;;;;;;;;;;;;;;;;;;;;;;;;;;;;;;;;;;;;;;;;;;;;;;;;;;;;;;;;;;;;;;;;;;;;;;;;;;;;;;;;;;;;;;;;;;;;;;;;;;;;;;;;;;;;;;;;;;;;;;;;;;;;;;;;;;;;;;;;;;;;;;;;;;;;;;;;;;;;;;;;;;;;;;;;;;;;;;;;;;;;;;;;;;;;;;;;;;;;;;;;;;;;;;;;;;
06/03/2026;UKRAINE - IMPORT;AROMA UKRAINE LIMITED LIABILITY COMPANY 54018 M NIKOLAEV PROHOVALINSKY 47 KV 3 UKRAINE;UKRAINE;NOT DECLARED;EUROPEAN UNION;2915601900 - SATURATED ACYCLIC MO(..) BUTANOIC ACIDS, PENTANOIC ACIDS, THEIR SALTS AND EST(..) BUTANOIC ACIDS AND THEIR SALTS AND ESTERS: OTHER;"??????? ????????? ????????????? ???????? ?? ?? ?????????, ????????????????, ?????????, ??????????????; ?? ????????????, ??????????, ????????? ??? ??????????? ???????: - ??????? ???????, ??????????? ???????, ?? ???? ?? ??????? ?????: - - ??????? ???????, ?? ???? ?? ??????? ?????: - - - ????";1,00;KILOGRAMS;478,91;IMPORT;NOT CLASSIFIED;DECLARATIONS;ERNESTO VENTOS S A 08960 CARRETERA REIAL 120B SANT JUST DESVERN BARCELONA SPAIN;;;;;;;;;;;;;;;;;;;;;;;;;;;;;;;;;;;;;;;;;;;;;;;;;;;;;;;;;;;;;;;;;;;;;;;;;;;;;;;;;;;;;;;;;;;;;;;;;;;;;;;;;;;;;;;;;;;;;;;;;;;;;;;;;;;;;;;;;;;;;;;;;;;;;;;;;;;;;;;;;;;;;;;;;;;;;;;;;;;;;;;;;;;;;;;;;;;;;;;;;;;;;;;;;;;;;;;;;;;;;;;;;;;;;;;;;;;;;;;;;;
06/03/2026;UKRAINE - IMPORT;AROMA UKRAINE LIMITED LIABILITY COMPANY 54018 M NIKOLAEV PROHOVALINSKY 47 KV 3 UKRAINE;UKRAINE;NOT DECLARED;EUROPEAN UNION;2905190000 - ACYCLIC ALCOHOLS AND THEIR HALOGENATED, SULPHONATED, NITRATED OR NITROSATED DERIVATIV(..) SATURATED MONOHYDRIC ALCOHOLS:OTHER;?????? ????????? ?? ?? ????????????, ??????????, ????????? ??? ??????????? ???????: - ?????????? ????????: - - ????;180,00;KILOGRAMS;933,88;IMPORT;NOT CLASSIFIED;DECLARATIONS;ERNESTO VENTOS S A 08960 CARRETERA REIAL 120B SANT JUST DESVERN BARCELONA SPAIN;;;;;;;;;;;;;;;;;;;;;;;;;;;;;;;;;;;;;;;;;;;;;;;;;;;;;;;;;;;;;;;;;;;;;;;;;;;;;;;;;;;;;;;;;;;;;;;;;;;;;;;;;;;;;;;;;;;;;;;;;;;;;;;;;;;;;;;;;;;;;;;;;;;;;;;;;;;;;;;;;;;;;;;;;;;;;;;;;;;;;;;;;;;;;;;;;;;;;;;;;;;;;;;;;;;;;;;;;;;;;;;;;;;;;;;;;;;;;;;;;;
06/03/2026;UKRAINE - IMPORT;AROMA UKRAINE LIMITED LIABILITY COMPANY 54018 M NIKOLAEV PROHOVALINSKY 47 KV 3 UKRAINE;UKRAINE;NOT DECLARED;CHINA;2915390000 - SATURATED ACYCLIC MONOCARBOXYLIC ACIDS AND THEIR ANHYDRIDES, HALIDES, PEROXIDES AND PEROXYACI(..) ESTERS OF ACETIC ACID:OTHER;"??????? ????????? ????????????? ???????? ?? ?? ?????????, ????????????????, ?????????, ??????????????; ?? ????????????, ??????????, ????????? ??? ??????????? ???????: - ??????? ????? ??????? ???????: - - ????";380,00;KILOGRAMS;1.273,90;IMPORT;NOT CLASSIFIED;DECLARATIONS;ERNESTO VENTOS S A 08960 CARRETERA REIAL 120B SANT JUST DESVERN BARCELONA SPAIN;;;;;;;;;;;;;;;;;;;;;;;;;;;;;;;;;;;;;;;;;;;;;;;;;;;;;;;;;;;;;;;;;;;;;;;;;;;;;;;;;;;;;;;;;;;;;;;;;;;;;;;;;;;;;;;;;;;;;;;;;;;;;;;;;;;;;;;;;;;;;;;;;;;;;;;;;;;;;;;;;;;;;;;;;;;;;;;;;;;;;;;;;;;;;;;;;;;;;;;;;;;;;;;;;;;;;;;;;;;;;;;;;;;;;;;;;;;;;;;;;;
06/03/2026;UKRAINE - IMPORT;AROMA UKRAINE LIMITED LIABILITY COMPANY 54018 M NIKOLAEV PROHOVALINSKY 47 KV 3 UKRAINE;UKRAINE;NOT DECLARED;CHINA;2914230000 - KETONES AND QUINONES,(..) CYCLANIC, CYCLENIC OR CYCLOTERPENIC KETONES WITHOUT OTHER OXYGEN FUNCTION:IONONES AND METHYLIONONES;?????? ?? ??????, ?? ?????? ???? ??????? ??? ?? ??????? ???? ??????????? ????????????? ?????, ?? ?? ????????????, ??????????, ????????? ??? ??????????? ???????: - ?????? ????????? (?????????????), ????????? (?????????????) ?????????????????, ?? ?????? ???? ?? ??????? ???? ??????????? ????????????? ?????: - - ?????? ?? ???????????;180,00;KILOGRAMS;1.817,46;IMPORT;NOT CLASSIFIED;DECLARATIONS;ERNESTO VENTOS S A 08960 CARRETERA REIAL 120B SANT JUST DESVERN BARCELONA SPAIN;;;;;;;;;;;;;;;;;;;;;;;;;;;;;;;;;;;;;;;;;;;;;;;;;;;;;;;;;;;;;;;;;;;;;;;;;;;;;;;;;;;;;;;;;;;;;;;;;;;;;;;;;;;;;;;;;;;;;;;;;;;;;;;;;;;;;;;;;;;;;;;;;;;;;;;;;;;;;;;;;;;;;;;;;;;;;;;;;;;;;;;;;;;;;;;;;;;;;;;;;;;;;;;;;;;;;;;;;;;;;;;;;;;;;;;;;;;;;;;;;;
06/03/2026;UKRAINE - IMPORT;AROMA UKRAINE LIMITED LIABILITY COMPANY 54018 M NIKOLAEV PROHOVALINSKY 47 KV 3 UKRAINE;UKRAINE;NOT DECLARED;EUROPEAN UNION;2915390000 - SATURATED ACYCLIC MONOCARBOXYLIC ACIDS AND THEIR ANHYDRIDES, HALIDES, PEROXIDES AND PEROXYACI(..) ESTERS OF ACETIC ACID:OTHER;"??????? ????????? ????????????? ???????? ?? ?? ?????????, ????????????????, ?????????, ??????????????; ?? ????????????, ??????????, ????????? ??? ??????????? ???????: - ??????? ????? ??????? ???????: - - ????";181,00;KILOGRAMS;1.738,44;IMPORT;NOT CLASSIFIED;DECLARATIONS;ERNESTO VENTOS S A 08960 CARRETERA REIAL 120B SANT JUST DESVERN BARCELONA SPAIN;;;;;;;;;;;;;;;;;;;;;;;;;;;;;;;;;;;;;;;;;;;;;;;;;;;;;;;;;;;;;;;;;;;;;;;;;;;;;;;;;;;;;;;;;;;;;;;;;;;;;;;;;;;;;;;;;;;;;;;;;;;;;;;;;;;;;;;;;;;;;;;;;;;;;;;;;;;;;;;;;;;;;;;;;;;;;;;;;;;;;;;;;;;;;;;;;;;;;;;;;;;;;;;;;;;;;;;;;;;;;;;;;;;;;;;;;;;;;;;;;;
06/03/2026;UKRAINE - IMPORT;AROMA UKRAINE LIMITED LIABILITY COMPANY 54018 M NIKOLAEV PROHOVALINSKY 47 KV 3 UKRAINE;UKRAINE;NOT DECLARED;EUROPEAN UNION;2905220000 - ACYCLIC ALCOHOLS AND THEIR HALOGENATED, SULPHONATED, NITRATED OR(..) UNSATURATED MONOHYDRIC ALCOHOLS:ACYCLIC TERPENE ALCOHOLS;?????? ????????? ?? ?? ????????????, ??????????, ????????? ??? ??????????? ???????: - ?????????? ??????????: - - ????????? ????????? ??????;170,00;KILOGRAMS;1.397,62;IMPORT;NOT CLASSIFIED;DECLARATIONS;ERNESTO VENTOS S A 08960 CARRETERA REIAL 120B SANT JUST DESVERN BARCELONA SPAIN;;;;;;;;;;;;;;;;;;;;;;;;;;;;;;;;;;;;;;;;;;;;;;;;;;;;;;;;;;;;;;;;;;;;;;;;;;;;;;;;;;;;;;;;;;;;;;;;;;;;;;;;;;;;;;;;;;;;;;;;;;;;;;;;;;;;;;;;;;;;;;;;;;;;;;;;;;;;;;;;;;;;;;;;;;;;;;;;;;;;;;;;;;;;;;;;;;;;;;;;;;;;;;;;;;;;;;;;;;;;;;;;;;;;;;;;;;;;;;;;;;
06/03/2026;UKRAINE - IMPORT;AROMA UKRAINE LIMITED LIABILITY COMPANY 54018 M NIKOLAEV PROHOVALINSKY 47 KV 3 UKRAINE;UKRAINE;NOT DECLARED;INDIA;2909309000 - ETHERS, ETHER-ALCOHOLS, ETHER(..) AROMATIC ETHERS AND THEIR HALOGENATED, SULPHONATED, NITRATED OR NITROSATED DERIVATIVES OTHER;????? ??????, ???????????, ???????????, ?????????????????, ????????? ???????, ????????? ??????? ??????, ????????? ??????? (??????????? ??? ????????????? ????????? ??????) ?? ?? ????????????, ??????????, ????????? ??? ??????????? ???????: - ????? ?????? ?????????? ?? ?? ????????????, ??????????, ????????? ??? ??????????? ???????: - - ????;50,00;KILOGRAMS;359,18;IMPORT;NOT CLASSIFIED;DECLARATIONS;ERNESTO VENTOS S A 08960 CARRETERA REIAL 120B SANT JUST DESVERN BARCELONA SPAIN;;;;;;;;;;;;;;;;;;;;;;;;;;;;;;;;;;;;;;;;;;;;;;;;;;;;;;;;;;;;;;;;;;;;;;;;;;;;;;;;;;;;;;;;;;;;;;;;;;;;;;;;;;;;;;;;;;;;;;;;;;;;;;;;;;;;;;;;;;;;;;;;;;;;;;;;;;;;;;;;;;;;;;;;;;;;;;;;;;;;;;;;;;;;;;;;;;;;;;;;;;;;;;;;;;;;;;;;;;;;;;;;;;;;;;;;;;;;;;;;;;
06/03/2026;UKRAINE - IMPORT;AROMA UKRAINE LIMITED LIABILITY COMPANY 54018 M NIKOLAEV PROHOVALINSKY 47 KV 3 UKRAINE;UKRAINE;NOT DECLARED;EUROPEAN UNION;2906190000 - CYCLIC ALCOHOLS AND THEIR HALOGENATED, SULPHONATED, NITRATED OR NITROSATED DERI(..) CYCLANIC, CYCLENIC OR CYCLOTERPENIC:OTHER;?????? ???????? ?? ?? ????????????, ??????????, ????????? ??? ??????????? ???????: - ????????? (?????????????), ????????? (?????????????) ??? ??????????????: - - ????;585,00;KILOGRAMS;3.221,87;IMPORT;NOT CLASSIFIED;DECLARATIONS;ERNESTO VENTOS S A 08960 CARRETERA REIAL 120B SANT JUST DESVERN BARCELONA SPAIN;;;;;;;;;;;;;;;;;;;;;;;;;;;;;;;;;;;;;;;;;;;;;;;;;;;;;;;;;;;;;;;;;;;;;;;;;;;;;;;;;;;;;;;;;;;;;;;;;;;;;;;;;;;;;;;;;;;;;;;;;;;;;;;;;;;;;;;;;;;;;;;;;;;;;;;;;;;;;;;;;;;;;;;;;;;;;;;;;;;;;;;;;;;;;;;;;;;;;;;;;;;;;;;;;;;;;;;;;;;;;;;;;;;;;;;;;;;;;;;;;;
06/03/2026;UKRAINE - IMPORT;AROMA UKRAINE LIMITED LIABILITY COMPANY 54018 M NIKOLAEV PROHOVALINSKY 47 KV 3 UKRAINE;UKRAINE;NOT DECLARED;CHINA;2905220000 - ACYCLIC ALCOHOLS AND THEIR HALOGENATED, SULPHONATED, NITRATED OR(..) UNSATURATED MONOHYDRIC ALCOHOLS:ACYCLIC TERPENE ALCOHOLS;?????? ????????? ?? ?? ????????????, ??????????, ????????? ??? ??????????? ???????: - ?????????? ??????????: - - ????????? ????????? ??????;850,00;KILOGRAMS;6.099,31;IMPORT;NOT CLASSIFIED;DECLARATIONS;ERNESTO VENTOS S A 08960 CARRETERA REIAL 120B SANT JUST DESVERN BARCELONA SPAIN;;;;;;;;;;;;;;;;;;;;;;;;;;;;;;;;;;;;;;;;;;;;;;;;;;;;;;;;;;;;;;;;;;;;;;;;;;;;;;;;;;;;;;;;;;;;;;;;;;;;;;;;;;;;;;;;;;;;;;;;;;;;;;;;;;;;;;;;;;;;;;;;;;;;;;;;;;;;;;;;;;;;;;;;;;;;;;;;;;;;;;;;;;;;;;;;;;;;;;;;;;;;;;;;;;;;;;;;;;;;;;;;;;;;;;;;;;;;;;;;;;
05/03/2026;VIETNAM - EXPORT;ERNESTO VENTOS;SPAIN;RADOIN.,JSC;VIET NAM;29322010 - HETEROCYCLIC COMPOUNDS WITH OXYGEN HETERO-ATOM(S) (..) LACTONES COUMARIN (1,2-BENZOPYRONE), METHYLCOUMARINS AND ETHYLCOUMARINS;"COUMARIN NATURAL, USED IN INDUSTRY, FLAVORS AND FRAGRANCES,25KG/DRUM AND 30KG/DRUM,NOT USED AS PHARMACEUTICAL MATERIAL,NSX: CORPORATION TECHVINA HOLDING NEW GOODS 100%#&AMP;VN";80,00;KGM;3.280,00;EXPORT;AIR;DECLARATIONS;;;;;;;;;;;;;;;;;;;;;;;;;;;;;;;;;;;;;;;;;;;;;;;;;;;;;;;;;;;;;;;;;;;;;;;;;;;;;;;;;;;;;;;;;;;;;;;;;;;;;;;;;;;;;;;;;;;;;;;;;;;;;;;;;;;;;;;;;;;;;;;;;;;;;;;;;;;;;;;;;;;;;;;;;;;;;;;;;;;;;;;;;;;;;;;;;;;;;;;;;;;;;;;;;;;;;;;;;;;;;;;;;;;;;;;;;;;;;;;;;;;
04/03/2026;USA - BILLS IMPORTS;IFF CAROLLTON;UNITED STATES OF AMERICA;ERNESTO VENTOS SA;SPAIN;330129 - ESSENTIAL OILS, OTHERS;THYME OIL RED;110,00;KILOGRAMS;2.647,55;IMPORT;MARITIME;BILLS;ERNESTO VENTOS SA;;;;;;;;;;;;;;;;;;;;;;;;;;;;;;;;;;;;;;;;;;;;;;;;;;;;;;;;;;;;;;;;;;;;;;;;;;;;;;;;;;;;;;;;;;;;;;;;;;;;;;;;;;;;;;;;;;;;;;;;;;;;;;;;;;;;;;;;;;;;;;;;;;;;;;;;;;;;;;;;;;;;;;;;;;;;;;;;;;;;;;;;;;;;;;;;;;;;;;;;;;;;;;;;;;;;;;;;;;;;;;;;;;;;;;;;;;;;;;;;;;
04/03/2026;MEXICO - PEDIMENTOS IMPORTS;VENTOS, ESENCIAS Y QUIMICOS SA DE CV;MEXICO;ERNESTO VENTOS, S.A;SPAIN;3302909900 - MIXTURES OF ODORIFEROUS SUBSTANCES AND MIXTURES (INCLUDING ALCOHOLIC SOLUTIONS) WITH A BASIS OF ONE OR MORE OF(..) OTHER OTHER;MEZCLA DE SUSTANCIA ODORIFERA;0,02;KILOGRAMS;1,96;IMPORT;AIR;DECLARATIONS;ERNESTO VENTOS S.A.;;;;;;;;;;;;;;;;;;;;;;;;;;;;;;;;;;;;;;;;;;;;;;;;;;;;;;;;;;;;;;;;;;;;;;;;;;;;;;;;;;;;;;;;;;;;;;;;;;;;;;;;;;;;;;;;;;;;;;;;;;;;;;;;;;;;;;;;;;;;;;;;;;;;;;;;;;;;;;;;;;;;;;;;;;;;;;;;;;;;;;;;;;;;;;;;;;;;;;;;;;;;;;;;;;;;;;;;;;;;;;;;;;;;;;;;;;;;;;;;;;
04/03/2026;MEXICO - PEDIMENTOS IMPORTS;VENTOS, ESENCIAS Y QUIMICOS SA DE CV;MEXICO;ERNESTO VENTOS, S.A;SPAIN;3301299999 - ESSENTIAL OILS (TERPENELESS OR NOT), INCLUDING CONCRETE(..) ESSENTIAL OILS OTHER THAN THOSE OF CITRUS FRUIT:OTHER OTHER: OTHER;ACEITE ESENCIAL DE GALBANIO;0,00;KILOGRAMS;0,98;IMPORT;AIR;DECLARATIONS;ERNESTO VENTOS S.A.;;;;;;;;;;;;;;;;;;;;;;;;;;;;;;;;;;;;;;;;;;;;;;;;;;;;;;;;;;;;;;;;;;;;;;;;;;;;;;;;;;;;;;;;;;;;;;;;;;;;;;;;;;;;;;;;;;;;;;;;;;;;;;;;;;;;;;;;;;;;;;;;;;;;;;;;;;;;;;;;;;;;;;;;;;;;;;;;;;;;;;;;;;;;;;;;;;;;;;;;;;;;;;;;;;;;;;;;;;;;;;;;;;;;;;;;;;;;;;;;;;
04/03/2026;MEXICO - PEDIMENTOS IMPORTS;VENTOS, ESENCIAS Y QUIMICOS SA DE CV;MEXICO;ERNESTO VENTOS, S.A;SPAIN;3301299999 - ESSENTIAL OILS (TERPENELESS OR NOT), INCLUDING CONCRETE(..) ESSENTIAL OILS OTHER THAN THOSE OF CITRUS FRUIT:OTHER OTHER: OTHER;ACEITE ESENCIAL DE ALCANFOR;0,01;KILOGRAMS;0,98;IMPORT;AIR;DECLARATIONS;ERNESTO VENTOS S.A.;;;;;;;;;;;;;;;;;;;;;;;;;;;;;;;;;;;;;;;;;;;;;;;;;;;;;;;;;;;;;;;;;;;;;;;;;;;;;;;;;;;;;;;;;;;;;;;;;;;;;;;;;;;;;;;;;;;;;;;;;;;;;;;;;;;;;;;;;;;;;;;;;;;;;;;;;;;;;;;;;;;;;;;;;;;;;;;;;;;;;;;;;;;;;;;;;;;;;;;;;;;;;;;;;;;;;;;;;;;;;;;;;;;;;;;;;;;;;;;;;;
04/03/2026;MEXICO - PEDIMENTOS IMPORTS;VENTOS, ESENCIAS Y QUIMICOS SA DE CV;MEXICO;ERNESTO VENTOS, S.A;SPAIN;3301299999 - ESSENTIAL OILS (TERPENELESS OR NOT), INCLUDING CONCRETE(..) ESSENTIAL OILS OTHER THAN THOSE OF CITRUS FRUIT:OTHER OTHER: OTHER;ACEITE ESENCIAL DE JENGIBRE;0,00;KILOGRAMS;0,98;IMPORT;AIR;DECLARATIONS;ERNESTO VENTOS S.A.;;;;;;;;;;;;;;;;;;;;;;;;;;;;;;;;;;;;;;;;;;;;;;;;;;;;;;;;;;;;;;;;;;;;;;;;;;;;;;;;;;;;;;;;;;;;;;;;;;;;;;;;;;;;;;;;;;;;;;;;;;;;;;;;;;;;;;;;;;;;;;;;;;;;;;;;;;;;;;;;;;;;;;;;;;;;;;;;;;;;;;;;;;;;;;;;;;;;;;;;;;;;;;;;;;;;;;;;;;;;;;;;;;;;;;;;;;;;;;;;;;
04/03/2026;MEXICO - PEDIMENTOS IMPORTS;VENTOS, ESENCIAS Y QUIMICOS SA DE CV;MEXICO;ERNESTO VENTOS, S.A;SPAIN;3301299999 - ESSENTIAL OILS (TERPENELESS OR NOT), INCLUDING CONCRETE(..) ESSENTIAL OILS OTHER THAN THOSE OF CITRUS FRUIT:OTHER OTHER: OTHER;ACEITE ESENCIAL DE COGNAC;0,00;KILOGRAMS;0,98;IMPORT;AIR;DECLARATIONS;ERNESTO VENTOS S.A.;;;;;;;;;;;;;;;;;;;;;;;;;;;;;;;;;;;;;;;;;;;;;;;;;;;;;;;;;;;;;;;;;;;;;;;;;;;;;;;;;;;;;;;;;;;;;;;;;;;;;;;;;;;;;;;;;;;;;;;;;;;;;;;;;;;;;;;;;;;;;;;;;;;;;;;;;;;;;;;;;;;;;;;;;;;;;;;;;;;;;;;;;;;;;;;;;;;;;;;;;;;;;;;;;;;;;;;;;;;;;;;;;;;;;;;;;;;;;;;;;;
04/03/2026;MEXICO - PEDIMENTOS IMPORTS;VENTOS, ESENCIAS Y QUIMICOS SA DE CV;MEXICO;ERNESTO VENTOS, S.A;SPAIN;3301299999 - ESSENTIAL OILS (TERPENELESS OR NOT), INCLUDING CONCRETE(..) ESSENTIAL OILS OTHER THAN THOSE OF CITRUS FRUIT:OTHER OTHER: OTHER;ACEITE ESENCIAL DE HOJA DE CANELA;0,01;KILOGRAMS;0,98;IMPORT;AIR;DECLARATIONS;ERNESTO VENTOS S.A.;;;;;;;;;;;;;;;;;;;;;;;;;;;;;;;;;;;;;;;;;;;;;;;;;;;;;;;;;;;;;;;;;;;;;;;;;;;;;;;;;;;;;;;;;;;;;;;;;;;;;;;;;;;;;;;;;;;;;;;;;;;;;;;;;;;;;;;;;;;;;;;;;;;;;;;;;;;;;;;;;;;;;;;;;;;;;;;;;;;;;;;;;;;;;;;;;;;;;;;;;;;;;;;;;;;;;;;;;;;;;;;;;;;;;;;;;;;;;;;;;;
04/03/2026;MEXICO - PEDIMENTOS IMPORTS;VENTOS, ESENCIAS Y QUIMICOS SA DE CV;MEXICO;ERNESTO VENTOS, S.A;SPAIN;2933999999 - HETEROCYCLIC COMPOUNDS WITH NITROGEN HETERO-ATOM(S) ONLY. OTHER:OTHER OTHER: OTHER;2-ISOBUTIL-3-METOXIPIRAZINA;0,00;KILOGRAMS;0,98;IMPORT;AIR;DECLARATIONS;ERNESTO VENTOS S.A.;;;;;;;;;;;;;;;;;;;;;;;;;;;;;;;;;;;;;;;;;;;;;;;;;;;;;;;;;;;;;;;;;;;;;;;;;;;;;;;;;;;;;;;;;;;;;;;;;;;;;;;;;;;;;;;;;;;;;;;;;;;;;;;;;;;;;;;;;;;;;;;;;;;;;;;;;;;;;;;;;;;;;;;;;;;;;;;;;;;;;;;;;;;;;;;;;;;;;;;;;;;;;;;;;;;;;;;;;;;;;;;;;;;;;;;;;;;;;;;;;;
04/03/2026;MEXICO - PEDIMENTOS IMPORTS;VENTOS, ESENCIAS Y QUIMICOS SA DE CV;MEXICO;ERNESTO VENTOS, S.A;SPAIN;2933999999 - HETEROCYCLIC COMPOUNDS WITH NITROGEN HETERO-ATOM(S) ONLY. OTHER:OTHER OTHER: OTHER;PIRAZINA;0,03;KILOGRAMS;0,98;IMPORT;AIR;DECLARATIONS;ERNESTO VENTOS S.A.;;;;;;;;;;;;;;;;;;;;;;;;;;;;;;;;;;;;;;;;;;;;;;;;;;;;;;;;;;;;;;;;;;;;;;;;;;;;;;;;;;;;;;;;;;;;;;;;;;;;;;;;;;;;;;;;;;;;;;;;;;;;;;;;;;;;;;;;;;;;;;;;;;;;;;;;;;;;;;;;;;;;;;;;;;;;;;;;;;;;;;;;;;;;;;;;;;;;;;;;;;;;;;;;;;;;;;;;;;;;;;;;;;;;;;;;;;;;;;;;;;
04/03/2026;MEXICO - PEDIMENTOS IMPORTS;VENTOS, ESENCIAS Y QUIMICOS SA DE CV;MEXICO;ERNESTO VENTOS, S.A;SPAIN;2926909999 - NITRILE -FUNCTION COMPOUNDS. OTHER OTHER: OTHER;2-FENIL HEXANONITRILO;0,03;KILOGRAMS;0,98;IMPORT;AIR;DECLARATIONS;ERNESTO VENTOS S.A.;;;;;;;;;;;;;;;;;;;;;;;;;;;;;;;;;;;;;;;;;;;;;;;;;;;;;;;;;;;;;;;;;;;;;;;;;;;;;;;;;;;;;;;;;;;;;;;;;;;;;;;;;;;;;;;;;;;;;;;;;;;;;;;;;;;;;;;;;;;;;;;;;;;;;;;;;;;;;;;;;;;;;;;;;;;;;;;;;;;;;;;;;;;;;;;;;;;;;;;;;;;;;;;;;;;;;;;;;;;;;;;;;;;;;;;;;;;;;;;;;;
04/03/2026;MEXICO - PEDIMENTOS IMPORTS;VENTOS, ESENCIAS Y QUIMICOS SA DE CV;MEXICO;ERNESTO VENTOS, S.A;SPAIN;2902199999 - CYCLIC HYDROCARBONS. CYCLANES, CYCLENES AND CYCLOTERPENES:OTHER OTHER: OTHER;4-METILENO-1-(1-METILETIL)BICICLO(3.1.0)HEXANO;0,03;KILOGRAMS;0,98;IMPORT;AIR;DECLARATIONS;ERNESTO VENTOS S.A.;;;;;;;;;;;;;;;;;;;;;;;;;;;;;;;;;;;;;;;;;;;;;;;;;;;;;;;;;;;;;;;;;;;;;;;;;;;;;;;;;;;;;;;;;;;;;;;;;;;;;;;;;;;;;;;;;;;;;;;;;;;;;;;;;;;;;;;;;;;;;;;;;;;;;;;;;;;;;;;;;;;;;;;;;;;;;;;;;;;;;;;;;;;;;;;;;;;;;;;;;;;;;;;;;;;;;;;;;;;;;;;;;;;;;;;;;;;;;;;;;;
04/03/2026;MEXICO - PEDIMENTOS IMPORTS;VENTOS, ESENCIAS Y QUIMICOS SA DE CV;MEXICO;ERNESTO VENTOS, S.A;SPAIN;"2915909999 - SATURATED ACYCLIC MONOCARBOXYLIC ACIDS AND THEIR ANHYDRIDES, HALIDES, PEROXIDES AND PEROXYACIDS; THEIR (..) OTHER OTHER: OTHER";SUCCINATO DE DIETILO;0,03;KILOGRAMS;0,98;IMPORT;AIR;DECLARATIONS;ERNESTO VENTOS S.A.;;;;;;;;;;;;;;;;;;;;;;;;;;;;;;;;;;;;;;;;;;;;;;;;;;;;;;;;;;;;;;;;;;;;;;;;;;;;;;;;;;;;;;;;;;;;;;;;;;;;;;;;;;;;;;;;;;;;;;;;;;;;;;;;;;;;;;;;;;;;;;;;;;;;;;;;;;;;;;;;;;;;;;;;;;;;;;;;;;;;;;;;;;;;;;;;;;;;;;;;;;;;;;;;;;;;;;;;;;;;;;;;;;;;;;;;;;;;;;;;;;
04/03/2026;MEXICO - PEDIMENTOS IMPORTS;VENTOS, ESENCIAS Y QUIMICOS SA DE CV;MEXICO;ERNESTO VENTOS, S.A;SPAIN;2915509901 - SATURATED ACYCLIC MONOCARBOXYLIC ACIDS AND THEIR ANHYDRIDES, H(..) PROPIONIC ACID, ITS SALTS AND ESTERS OTHER: PROPIONIC ACID.;ACIDO PROPIONICO;0,03;KILOGRAMS;0,98;IMPORT;AIR;DECLARATIONS;ERNESTO VENTOS S.A.;;;;;;;;;;;;;;;;;;;;;;;;;;;;;;;;;;;;;;;;;;;;;;;;;;;;;;;;;;;;;;;;;;;;;;;;;;;;;;;;;;;;;;;;;;;;;;;;;;;;;;;;;;;;;;;;;;;;;;;;;;;;;;;;;;;;;;;;;;;;;;;;;;;;;;;;;;;;;;;;;;;;;;;;;;;;;;;;;;;;;;;;;;;;;;;;;;;;;;;;;;;;;;;;;;;;;;;;;;;;;;;;;;;;;;;;;;;;;;;;;;
04/03/2026;MEXICO - PEDIMENTOS IMPORTS;VENTOS, ESENCIAS Y QUIMICOS SA DE CV;MEXICO;ERNESTO VENTOS, S.A;SPAIN;2915399999 - SATURATED ACYCLIC MONOCARBOXYLIC ACIDS AND THEIR ANHYDRIDES, HALIDES, PEROXIDES A(..) ESTERS OF ACETIC ACID:OTHER OTHER: OTHER;CICLOHEXANO-1-METANOL,ALFA,3,3-TRIMETIL,ACETATO;0,03;KILOGRAMS;0,98;IMPORT;AIR;DECLARATIONS;ERNESTO VENTOS S.A.;;;;;;;;;;;;;;;;;;;;;;;;;;;;;;;;;;;;;;;;;;;;;;;;;;;;;;;;;;;;;;;;;;;;;;;;;;;;;;;;;;;;;;;;;;;;;;;;;;;;;;;;;;;;;;;;;;;;;;;;;;;;;;;;;;;;;;;;;;;;;;;;;;;;;;;;;;;;;;;;;;;;;;;;;;;;;;;;;;;;;;;;;;;;;;;;;;;;;;;;;;;;;;;;;;;;;;;;;;;;;;;;;;;;;;;;;;;;;;;;;;
03/03/2026;ECUADOR - IMPORT;FLORASINTESIS FRAGANCIAS Y AROMAS CIA. LTDA;ECUADOR;ERNESTO VENTOS;SPAIN;9807204000 -   SAMPLES WITHOUT COMMERCIAL VALUE;MUESTRA DE MATERIA PRIMA PARA ELABORAR FRAGANCIAS INDUSTRIALES;0,50;KILOGRAMS;4,25;IMPORT;AIR;DECLARATIONS;ERNESTO VENTOS S.A.;;;;;;;;;;;;;;;;;;;;;;;;;;;;;;;;;;;;;;;;;;;;;;;;;;;;;;;;;;;;;;;;;;;;;;;;;;;;;;;;;;;;;;;;;;;;;;;;;;;;;;;;;;;;;;;;;;;;;;;;;;;;;;;;;;;;;;;;;;;;;;;;;;;;;;;;;;;;;;;;;;;;;;;;;;;;;;;;;;;;;;;;;;;;;;;;;;;;;;;;;;;;;;;;;;;;;;;;;;;;;;;;;;;;;;;;;;;;;;;;;;
02/03/2026;MEXICO - PEDIMENTOS IMPORTS;CREACIONES IGUAZU SA DE CV;MEXICO;ERNESTO VENTOS, S.A;INDIA;2915609999 - SATURATED ACYCLIC MONOCARBOXYLIC ACIDS AND THEIR ANHY(..) BUTANOIC ACIDS, PENTANOIC ACIDS, THEIR SALTS AND ESTERS OTHER: OTHER;ISOBUTIRATO DE GERANILO (GERANYL ISOBUTYRATE);5,00;KILOGRAMS;1.148,97;IMPORT;AIR;DECLARATIONS;ERNESTO VENTOS SA;;;;;;;;;;;;;;;;;;;;;;;;;;;;;;;;;;;;;;;;;;;;;;;;;;;;;;;;;;;;;;;;;;;;;;;;;;;;;;;;;;;;;;;;;;;;;;;;;;;;;;;;;;;;;;;;;;;;;;;;;;;;;;;;;;;;;;;;;;;;;;;;;;;;;;;;;;;;;;;;;;;;;;;;;;;;;;;;;;;;;;;;;;;;;;;;;;;;;;;;;;;;;;;;;;;;;;;;;;;;;;;;;;;;;;;;;;;;;;;;;;
28/02/2026;INDIA - DECLARATIONS EXPORTS;ERNESTO VENTOS;SPAIN;WILD BLOOMS INDIA PRIVATE LIMITED;INDIA;"33012944 - ESSENTIAL OILS (TERP(..) ESSENTIAL OILS OTHER(..) CAMPHOR OIL; LEMON GRASS OIL; YLANG YLANG OIL; DAVANA OIL; CUMIN OIL; CELERY SEE(..)";DAVANA OILBATCH NO. WB10076;25,00;KILOGRAMS;9.307,75;EXPORT;AIR;DECLARATIONS;WILD BLOOMS INDIA PRIVATE LIMITED;;;;;;;;;;;;;;;;;;;;;;;;;;;;;;;;;;;;;;;;;;;;;;;;;;;;;;;;;;;;;;;;;;;;;;;;;;;;;;;;;;;;;;;;;;;;;;;;;;;;;;;;;;;;;;;;;;;;;;;;;;;;;;;;;;;;;;;;;;;;;;;;;;;;;;;;;;;;;;;;;;;;;;;;;;;;;;;;;;;;;;;;;;;;;;;;;;;;;;;;;;;;;;;;;;;;;;;;;;;;;;;;;;;;;;;;;;;;;;;;;;
27/02/2026;INDIA - DECLARATIONS EXPORTS;ERNESTO VENTOS;SPAIN;VENTOS INDIA PRIVATE LIMITED;INDIA;29093090 - ETHERS, ETHER-ALCOHOLS, ETHER(..) AROMATIC ETHERS AND THEIR HALOGENATED, SULPHONATED, NITRATED OR NITROSATED DERIVATIVES OTHER;ANTHER (PHENYLETHYL ISOAMYL ETHER);2.160,00;KILOGRAMS;29.925,89;EXPORT;MARITIME;DECLARATIONS;VENTOS INDIA PRIVATE LIMITED;;;;;;;;;;;;;;;;;;;;;;;;;;;;;;;;;;;;;;;;;;;;;;;;;;;;;;;;;;;;;;;;;;;;;;;;;;;;;;;;;;;;;;;;;;;;;;;;;;;;;;;;;;;;;;;;;;;;;;;;;;;;;;;;;;;;;;;;;;;;;;;;;;;;;;;;;;;;;;;;;;;;;;;;;;;;;;;;;;;;;;;;;;;;;;;;;;;;;;;;;;;;;;;;;;;;;;;;;;;;;;;;;;;;;;;;;;;;;;;;;;
27/02/2026;INDIA - DECLARATIONS EXPORTS;ERNESTO VENTOS;SPAIN;VENTOS INDIA PRIVATE LIMITED;INDIA;29224990 - OXYGEN-FUNCTION AMIN(..) AMINO-ACIDS, OTHER THAN THOSE CONTAINING MORE THAN ONE KIND OF OXYGEN FUNCTION, AND THEIR ESTER(..) OTHER;ETHYL ANTHRANILATE;150,00;KILOGRAMS;1.922,04;EXPORT;MARITIME;DECLARATIONS;VENTOS INDIA PRIVATE LIMITED;;;;;;;;;;;;;;;;;;;;;;;;;;;;;;;;;;;;;;;;;;;;;;;;;;;;;;;;;;;;;;;;;;;;;;;;;;;;;;;;;;;;;;;;;;;;;;;;;;;;;;;;;;;;;;;;;;;;;;;;;;;;;;;;;;;;;;;;;;;;;;;;;;;;;;;;;;;;;;;;;;;;;;;;;;;;;;;;;;;;;;;;;;;;;;;;;;;;;;;;;;;;;;;;;;;;;;;;;;;;;;;;;;;;;;;;;;;;;;;;;;
27/02/2026;INDIA - DECLARATIONS EXPORTS;ERNESTO VENTOS;SPAIN;VENTOS INDIA PRIVATE LIMITED;INDIA;29061990 - CYCLIC ALCOHOLS AND THEIR HALOGENATED, SULPHONATED, NITRATED OR NITROSATED(..) CYCLANIC, CYCLENIC OR CYCLOTERPENIC:OTHER OTHER;TERPINEOL ALPHA;3.700,00;KILOGRAMS;18.384,91;EXPORT;MARITIME;DECLARATIONS;VENTOS INDIA PRIVATE LIMITED;;;;;;;;;;;;;;;;;;;;;;;;;;;;;;;;;;;;;;;;;;;;;;;;;;;;;;;;;;;;;;;;;;;;;;;;;;;;;;;;;;;;;;;;;;;;;;;;;;;;;;;;;;;;;;;;;;;;;;;;;;;;;;;;;;;;;;;;;;;;;;;;;;;;;;;;;;;;;;;;;;;;;;;;;;;;;;;;;;;;;;;;;;;;;;;;;;;;;;;;;;;;;;;;;;;;;;;;;;;;;;;;;;;;;;;;;;;;;;;;;;
27/02/2026;INDIA - DECLARATIONS EXPORTS;ERNESTO VENTOS;SPAIN;VENTOS INDIA PRIVATE LIMITED;INDIA;"29152100 - SATURATED ACYCLIC MONOCARBOXYLIC ACIDS AND THEIR ANHYDRIDES, HALI(..) ACETIC ACID AND ITS SALTS; ACETIC ANHYDRIDE:ACETIC ACID";ACETIC ACID, NATURAL;5.400,00;KILOGRAMS;13.283,18;EXPORT;MARITIME;DECLARATIONS;VENTOS INDIA PRIVATE LIMITED;;;;;;;;;;;;;;;;;;;;;;;;;;;;;;;;;;;;;;;;;;;;;;;;;;;;;;;;;;;;;;;;;;;;;;;;;;;;;;;;;;;;;;;;;;;;;;;;;;;;;;;;;;;;;;;;;;;;;;;;;;;;;;;;;;;;;;;;;;;;;;;;;;;;;;;;;;;;;;;;;;;;;;;;;;;;;;;;;;;;;;;;;;;;;;;;;;;;;;;;;;;;;;;;;;;;;;;;;;;;;;;;;;;;;;;;;;;;;;;;;;
27/02/2026;INDIA - DECLARATIONS EXPORTS;ERNESTO VENTOS;SPAIN;VENTOS INDIA PRIVATE LIMITED;INDIA;29141990 - KETONES AND QUINONES, WHETHER OR NOT WITH OTHER OXYGEN FUNCTION,(..) ACYCLIC KETONES WITHOUT OTHER OXYGEN FUNCTION:OTHER OTHER;ETHYL AMYL KETONE;2.040,00;KILOGRAMS;13.849,93;EXPORT;MARITIME;DECLARATIONS;VENTOS INDIA PRIVATE LIMITED;;;;;;;;;;;;;;;;;;;;;;;;;;;;;;;;;;;;;;;;;;;;;;;;;;;;;;;;;;;;;;;;;;;;;;;;;;;;;;;;;;;;;;;;;;;;;;;;;;;;;;;;;;;;;;;;;;;;;;;;;;;;;;;;;;;;;;;;;;;;;;;;;;;;;;;;;;;;;;;;;;;;;;;;;;;;;;;;;;;;;;;;;;;;;;;;;;;;;;;;;;;;;;;;;;;;;;;;;;;;;;;;;;;;;;;;;;;;;;;;;;
27/02/2026;INDIA - DECLARATIONS EXPORTS;ERNESTO VENTOS;SPAIN;VENTOS INDIA PRIVATE LIMITED;INDIA;29061990 - CYCLIC ALCOHOLS AND THEIR HALOGENATED, SULPHONATED, NITRATED OR NITROSATED(..) CYCLANIC, CYCLENIC OR CYCLOTERPENIC:OTHER OTHER;SANDAL CORE;720,00;KILOGRAMS;11.531,72;EXPORT;MARITIME;DECLARATIONS;VENTOS INDIA PRIVATE LIMITED;;;;;;;;;;;;;;;;;;;;;;;;;;;;;;;;;;;;;;;;;;;;;;;;;;;;;;;;;;;;;;;;;;;;;;;;;;;;;;;;;;;;;;;;;;;;;;;;;;;;;;;;;;;;;;;;;;;;;;;;;;;;;;;;;;;;;;;;;;;;;;;;;;;;;;;;;;;;;;;;;;;;;;;;;;;;;;;;;;;;;;;;;;;;;;;;;;;;;;;;;;;;;;;;;;;;;;;;;;;;;;;;;;;;;;;;;;;;;;;;;;
27/02/2026;INDIA - DECLARATIONS EXPORTS;ERNESTO VENTOS;SPAIN;VENTOS INDIA PRIVATE LIMITED;INDIA;29061990 - CYCLIC ALCOHOLS AND THEIR HALOGENATED, SULPHONATED, NITRATED OR NITROSATED(..) CYCLANIC, CYCLENIC OR CYCLOTERPENIC:OTHER OTHER;SANDAL CORE;720,00;KILOGRAMS;11.547,51;EXPORT;MARITIME;DECLARATIONS;VENTOS INDIA PRIVATE LIMITED;;;;;;;;;;;;;;;;;;;;;;;;;;;;;;;;;;;;;;;;;;;;;;;;;;;;;;;;;;;;;;;;;;;;;;;;;;;;;;;;;;;;;;;;;;;;;;;;;;;;;;;;;;;;;;;;;;;;;;;;;;;;;;;;;;;;;;;;;;;;;;;;;;;;;;;;;;;;;;;;;;;;;;;;;;;;;;;;;;;;;;;;;;;;;;;;;;;;;;;;;;;;;;;;;;;;;;;;;;;;;;;;;;;;;;;;;;;;;;;;;;
27/02/2026;INDIA - DECLARATIONS EXPORTS;ERNESTO VENTOS;SPAIN;VENTOS INDIA PRIVATE LIMITED;INDIA;"33012933 - ESSENTIAL OILS (TERP(..) ESSENTIAL OILS OTHER(..) TUBEROSE CONCENTRATE; NUTMEG OIL; PALMAROSA OIL; PATCHOULI OIL; PEPPER OIL; PETI(..)";PALMAROSA OIL;540,00;KILOGRAMS;26.080,64;EXPORT;MARITIME;DECLARATIONS;VENTOS INDIA PRIVATE LIMITED;;;;;;;;;;;;;;;;;;;;;;;;;;;;;;;;;;;;;;;;;;;;;;;;;;;;;;;;;;;;;;;;;;;;;;;;;;;;;;;;;;;;;;;;;;;;;;;;;;;;;;;;;;;;;;;;;;;;;;;;;;;;;;;;;;;;;;;;;;;;;;;;;;;;;;;;;;;;;;;;;;;;;;;;;;;;;;;;;;;;;;;;;;;;;;;;;;;;;;;;;;;;;;;;;;;;;;;;;;;;;;;;;;;;;;;;;;;;;;;;;;
27/02/2026;INDIA - DECLARATIONS EXPORTS;ERNESTO VENTOS;SPAIN;VENTOS INDIA PRIVATE LIMITED;INDIA;"33012942 - ESSENTIAL OILS (TERP(..) ESSENTIAL OILS OTHER(..) CAMPHOR OIL; LEMON GRASS OIL; YLANG YLANG OIL; DAVANA OIL; CUMIN OIL; CELERY SEE(..)";LEMONGRASS OIL, INDIA;1.080,00;KILOGRAMS;16.131,53;EXPORT;MARITIME;DECLARATIONS;VENTOS INDIA PRIVATE LIMITED;;;;;;;;;;;;;;;;;;;;;;;;;;;;;;;;;;;;;;;;;;;;;;;;;;;;;;;;;;;;;;;;;;;;;;;;;;;;;;;;;;;;;;;;;;;;;;;;;;;;;;;;;;;;;;;;;;;;;;;;;;;;;;;;;;;;;;;;;;;;;;;;;;;;;;;;;;;;;;;;;;;;;;;;;;;;;;;;;;;;;;;;;;;;;;;;;;;;;;;;;;;;;;;;;;;;;;;;;;;;;;;;;;;;;;;;;;;;;;;;;;
27/02/2026;INDIA - DECLARATIONS EXPORTS;ERNESTO VENTOS;SPAIN;VENTOS INDIA PRIVATE LIMITED;INDIA;29061990 - CYCLIC ALCOHOLS AND THEIR HALOGENATED, SULPHONATED, NITRATED OR NITROSATED(..) CYCLANIC, CYCLENIC OR CYCLOTERPENIC:OTHER OTHER;TERPINEOL ALPHA;7.400,00;KILOGRAMS;36.719,55;EXPORT;MARITIME;DECLARATIONS;VENTOS INDIA PRIVATE LIMITED;;;;;;;;;;;;;;;;;;;;;;;;;;;;;;;;;;;;;;;;;;;;;;;;;;;;;;;;;;;;;;;;;;;;;;;;;;;;;;;;;;;;;;;;;;;;;;;;;;;;;;;;;;;;;;;;;;;;;;;;;;;;;;;;;;;;;;;;;;;;;;;;;;;;;;;;;;;;;;;;;;;;;;;;;;;;;;;;;;;;;;;;;;;;;;;;;;;;;;;;;;;;;;;;;;;;;;;;;;;;;;;;;;;;;;;;;;;;;;;;;;
27/02/2026;INDIA - DECLARATIONS EXPORTS;ERNESTO VENTOS;SPAIN;VENTOS INDIA PRIVATE LIMITED;INDIA;29094990 - ETHERS, ETHER-ALCOHOLS, (..) ETHER-ALCOHOLS AND THEIR HALOGENATED, SULPHONATED, NITRATED OR NITROSATED DERIVATIVES:OTHER OTHER;ANISYL ALCOHOL;1.800,00;KILOGRAMS;14.945,26;EXPORT;MARITIME;DECLARATIONS;VENTOS INDIA PRIVATE LIMITED;;;;;;;;;;;;;;;;;;;;;;;;;;;;;;;;;;;;;;;;;;;;;;;;;;;;;;;;;;;;;;;;;;;;;;;;;;;;;;;;;;;;;;;;;;;;;;;;;;;;;;;;;;;;;;;;;;;;;;;;;;;;;;;;;;;;;;;;;;;;;;;;;;;;;;;;;;;;;;;;;;;;;;;;;;;;;;;;;;;;;;;;;;;;;;;;;;;;;;;;;;;;;;;;;;;;;;;;;;;;;;;;;;;;;;;;;;;;;;;;;;
27/02/2026;INDIA - DECLARATIONS EXPORTS;ERNESTO VENTOS;SPAIN;VENTOS INDIA PRIVATE LIMITED;INDIA;29052220 - ACYCLIC ALCOHOLS AND THEIR HALOGENATED, SULPHONATED, NIT(..) UNSATURATED MONOHYDRIC ALCOHOLS:ACYCLIC TERPENE ALCOHOLS GERANIOL;GERANIOL NATURAL EX-PALMAROSA EXTRA;360,00;KILOGRAMS;24.551,06;EXPORT;MARITIME;DECLARATIONS;VENTOS INDIA PRIVATE LIMITED;;;;;;;;;;;;;;;;;;;;;;;;;;;;;;;;;;;;;;;;;;;;;;;;;;;;;;;;;;;;;;;;;;;;;;;;;;;;;;;;;;;;;;;;;;;;;;;;;;;;;;;;;;;;;;;;;;;;;;;;;;;;;;;;;;;;;;;;;;;;;;;;;;;;;;;;;;;;;;;;;;;;;;;;;;;;;;;;;;;;;;;;;;;;;;;;;;;;;;;;;;;;;;;;;;;;;;;;;;;;;;;;;;;;;;;;;;;;;;;;;;
27/02/2026;INDIA - DECLARATIONS EXPORTS;ERNESTO VENTOS;SPAIN;VENTOS INDIA PRIVATE LIMITED;INDIA;29051690 - ACYCLIC ALCOHOLS AND THEIR HALOGENATED, SU(..) SATURATED MONOHYDRIC ALCOHOLS:OCTANOL (OCTYL ALCOHOL) AND ISOMERS THEREOF OTHER;3-OCTANOL NATURAL;700,00;KILOGRAMS;2.513,96;EXPORT;MARITIME;DECLARATIONS;VENTOS INDIA PRIVATE LIMITED;;;;;;;;;;;;;;;;;;;;;;;;;;;;;;;;;;;;;;;;;;;;;;;;;;;;;;;;;;;;;;;;;;;;;;;;;;;;;;;;;;;;;;;;;;;;;;;;;;;;;;;;;;;;;;;;;;;;;;;;;;;;;;;;;;;;;;;;;;;;;;;;;;;;;;;;;;;;;;;;;;;;;;;;;;;;;;;;;;;;;;;;;;;;;;;;;;;;;;;;;;;;;;;;;;;;;;;;;;;;;;;;;;;;;;;;;;;;;;;;;;
27/02/2026;INDIA - DECLARATIONS EXPORTS;ERNESTO VENTOS;SPAIN;VENTOS INDIA PRIVATE LIMITED;INDIA;29142990 - KETONES AND QUINONES, WHETHER OR NOT(..) CYCLANIC, CYCLENIC OR CYCLOTERPENIC KETONES WITHOUT OTHER OXYGEN FUNCTION:OTHER OTHER;FRESKOMENTHE;720,00;KILOGRAMS;9.267,82;EXPORT;MARITIME;DECLARATIONS;VENTOS INDIA PRIVATE LIMITED;;;;;;;;;;;;;;;;;;;;;;;;;;;;;;;;;;;;;;;;;;;;;;;;;;;;;;;;;;;;;;;;;;;;;;;;;;;;;;;;;;;;;;;;;;;;;;;;;;;;;;;;;;;;;;;;;;;;;;;;;;;;;;;;;;;;;;;;;;;;;;;;;;;;;;;;;;;;;;;;;;;;;;;;;;;;;;;;;;;;;;;;;;;;;;;;;;;;;;;;;;;;;;;;;;;;;;;;;;;;;;;;;;;;;;;;;;;;;;;;;;
27/02/2026;INDIA - DECLARATIONS EXPORTS;ERNESTO VENTOS;SPAIN;VENTOS INDIA PRIVATE LIMITED;INDIA;29061990 - CYCLIC ALCOHOLS AND THEIR HALOGENATED, SULPHONATED, NITRATED OR NITROSATED(..) CYCLANIC, CYCLENIC OR CYCLOTERPENIC:OTHER OTHER;SANDAL CORE;720,00;KILOGRAMS;11.743,97;EXPORT;MARITIME;DECLARATIONS;VENTOS INDIA PRIVATE LIMITED;;;;;;;;;;;;;;;;;;;;;;;;;;;;;;;;;;;;;;;;;;;;;;;;;;;;;;;;;;;;;;;;;;;;;;;;;;;;;;;;;;;;;;;;;;;;;;;;;;;;;;;;;;;;;;;;;;;;;;;;;;;;;;;;;;;;;;;;;;;;;;;;;;;;;;;;;;;;;;;;;;;;;;;;;;;;;;;;;;;;;;;;;;;;;;;;;;;;;;;;;;;;;;;;;;;;;;;;;;;;;;;;;;;;;;;;;;;;;;;;;;
27/02/2026;INDIA - DECLARATIONS EXPORTS;ERNESTO VENTOS;SPAIN;VENTOS INDIA PRIVATE LIMITED;INDIA;29052900 - ACYCLIC ALCOHOLS AND THEIR HALOGENATED, SULPHONATED, NITRATED OR NITROSATED DERIVAT(..) UNSATURATED MONOHYDRIC ALCOHOLS:OTHER;CIS-3 HEXENOL NATURAL EX-MINT;1.000,00;KILOGRAMS;86.738,31;EXPORT;MARITIME;DECLARATIONS;VENTOS INDIA PRIVATE LIMITED;;;;;;;;;;;;;;;;;;;;;;;;;;;;;;;;;;;;;;;;;;;;;;;;;;;;;;;;;;;;;;;;;;;;;;;;;;;;;;;;;;;;;;;;;;;;;;;;;;;;;;;;;;;;;;;;;;;;;;;;;;;;;;;;;;;;;;;;;;;;;;;;;;;;;;;;;;;;;;;;;;;;;;;;;;;;;;;;;;;;;;;;;;;;;;;;;;;;;;;;;;;;;;;;;;;;;;;;;;;;;;;;;;;;;;;;;;;;;;;;;;
25/02/2026;ECUADOR - IMPORT;FLORASINTESIS FRAGANCIAS Y AROMAS CIA. LTDA;ECUADOR;ERNESTO VENTOS;SWITZERLAND;3301299090 - ESSENTIAL OILS (TERPENELESS OR NOT), INCLUDING CONCRETE(..) ESSENTIAL OILS OTHER THAN THOSE OF CITRUS FRUIT:OTHER OTHER: OTHER;CEDARWOOD VIRGINIA;5,00;KILOGRAMS;442,66;IMPORT;AIR;DECLARATIONS;ERNESTO VENTOS S.A;;;;;;;;;;;;;;;;;;;;;;;;;;;;;;;;;;;;;;;;;;;;;;;;;;;;;;;;;;;;;;;;;;;;;;;;;;;;;;;;;;;;;;;;;;;;;;;;;;;;;;;;;;;;;;;;;;;;;;;;;;;;;;;;;;;;;;;;;;;;;;;;;;;;;;;;;;;;;;;;;;;;;;;;;;;;;;;;;;;;;;;;;;;;;;;;;;;;;;;;;;;;;;;;;;;;;;;;;;;;;;;;;;;;;;;;;;;;;;;;;;
25/02/2026;ECUADOR - IMPORT;FLORASINTESIS FRAGANCIAS Y AROMAS CIA. LTDA;ECUADOR;ERNESTO VENTOS;JAPAN;3302900010 - MIXTURES OF ODORIFEROUS SUBSTANCES AND MIXTURES (INCLUDING ALCOHOLIC SOLUTIONS(..) OTHER MIXTURES OF ODOR-PRODUCING SUBSTANCES;DEWFRUIT;5,00;KILOGRAMS;1.506,28;IMPORT;AIR;DECLARATIONS;ERNESTO VENTOS S.A;;;;;;;;;;;;;;;;;;;;;;;;;;;;;;;;;;;;;;;;;;;;;;;;;;;;;;;;;;;;;;;;;;;;;;;;;;;;;;;;;;;;;;;;;;;;;;;;;;;;;;;;;;;;;;;;;;;;;;;;;;;;;;;;;;;;;;;;;;;;;;;;;;;;;;;;;;;;;;;;;;;;;;;;;;;;;;;;;;;;;;;;;;;;;;;;;;;;;;;;;;;;;;;;;;;;;;;;;;;;;;;;;;;;;;;;;;;;;;;;;;
25/02/2026;ECUADOR - IMPORT;FLORASINTESIS FRAGANCIAS Y AROMAS CIA. LTDA;ECUADOR;ERNESTO VENTOS;SPAIN;2914390000 - KETONES AND QUINONES, WHETHER OR NOT WITH OTHER OXYGEN FUNCTION, AND(..) AROMATIC KETONES WITHOUT OTHER OXYGEN FUNCTION:OTHER;CIS 6 NONENOL;1,00;KILOGRAMS;1.024,51;IMPORT;AIR;DECLARATIONS;ERNESTO VENTOS S.A;;;;;;;;;;;;;;;;;;;;;;;;;;;;;;;;;;;;;;;;;;;;;;;;;;;;;;;;;;;;;;;;;;;;;;;;;;;;;;;;;;;;;;;;;;;;;;;;;;;;;;;;;;;;;;;;;;;;;;;;;;;;;;;;;;;;;;;;;;;;;;;;;;;;;;;;;;;;;;;;;;;;;;;;;;;;;;;;;;;;;;;;;;;;;;;;;;;;;;;;;;;;;;;;;;;;;;;;;;;;;;;;;;;;;;;;;;;;;;;;;;
25/02/2026;ECUADOR - IMPORT;FLORASINTESIS FRAGANCIAS Y AROMAS CIA. LTDA;ECUADOR;ERNESTO VENTOS;CHINA;2932190000 - HETEROCYCLIC COMPOUNDS WI(..) COMPOUNDS CONTAINING AN UNFUSED FURAN RING (WHETHER OR NOT HYDROGENATED) IN THE STRUCTURE:OTHER;TRISAMBER;1,00;KILOGRAMS;396,69;IMPORT;AIR;DECLARATIONS;ERNESTO VENTOS S.A;;;;;;;;;;;;;;;;;;;;;;;;;;;;;;;;;;;;;;;;;;;;;;;;;;;;;;;;;;;;;;;;;;;;;;;;;;;;;;;;;;;;;;;;;;;;;;;;;;;;;;;;;;;;;;;;;;;;;;;;;;;;;;;;;;;;;;;;;;;;;;;;;;;;;;;;;;;;;;;;;;;;;;;;;;;;;;;;;;;;;;;;;;;;;;;;;;;;;;;;;;;;;;;;;;;;;;;;;;;;;;;;;;;;;;;;;;;;;;;;;;
25/02/2026;ECUADOR - IMPORT;FLORASINTESIS FRAGANCIAS Y AROMAS CIA. LTDA;ECUADOR;ERNESTO VENTOS;SWITZERLAND;2918999900 - CARBOXYLIC ACIDS WITH ADDITIONAL OXYGEN FUNCTION AND THEIR ANHYDRIDES, HALIDES, PEROXIDES AND PER(..) OTHER:OTHER OTHER: OTHER;PARSOL MCX;5,00;KILOGRAMS;270,21;IMPORT;AIR;DECLARATIONS;ERNESTO VENTOS S.A;;;;;;;;;;;;;;;;;;;;;;;;;;;;;;;;;;;;;;;;;;;;;;;;;;;;;;;;;;;;;;;;;;;;;;;;;;;;;;;;;;;;;;;;;;;;;;;;;;;;;;;;;;;;;;;;;;;;;;;;;;;;;;;;;;;;;;;;;;;;;;;;;;;;;;;;;;;;;;;;;;;;;;;;;;;;;;;;;;;;;;;;;;;;;;;;;;;;;;;;;;;;;;;;;;;;;;;;;;;;;;;;;;;;;;;;;;;;;;;;;;
25/02/2026;ECUADOR - IMPORT;FLORASINTESIS FRAGANCIAS Y AROMAS CIA. LTDA;ECUADOR;ERNESTO VENTOS;GERMANY;3302109000 - MIXTURES OF ODORIFEROUS SUBSTANCES AND MIXTURES (INCLUDING ALCOHOLIC (..) OF A KIND USED IN THE FOOD OR DRINK INDUSTRIES OTHER;CIVET NO 7 R P;1,00;KILOGRAMS;771,55;IMPORT;AIR;DECLARATIONS;ERNESTO VENTOS S.A;;;;;;;;;;;;;;;;;;;;;;;;;;;;;;;;;;;;;;;;;;;;;;;;;;;;;;;;;;;;;;;;;;;;;;;;;;;;;;;;;;;;;;;;;;;;;;;;;;;;;;;;;;;;;;;;;;;;;;;;;;;;;;;;;;;;;;;;;;;;;;;;;;;;;;;;;;;;;;;;;;;;;;;;;;;;;;;;;;;;;;;;;;;;;;;;;;;;;;;;;;;;;;;;;;;;;;;;;;;;;;;;;;;;;;;;;;;;;;;;;;
25/02/2026;ECUADOR - IMPORT;FLORASINTESIS FRAGANCIAS Y AROMAS CIA. LTDA;ECUADOR;ERNESTO VENTOS;SPAIN;2926909000 - NITRILE -FUNCTION COMPOUNDS. OTHER OTHER;CITRONELLYL NITRILE;10,00;KILOGRAMS;390,94;IMPORT;AIR;DECLARATIONS;ERNESTO VENTOS S.A;;;;;;;;;;;;;;;;;;;;;;;;;;;;;;;;;;;;;;;;;;;;;;;;;;;;;;;;;;;;;;;;;;;;;;;;;;;;;;;;;;;;;;;;;;;;;;;;;;;;;;;;;;;;;;;;;;;;;;;;;;;;;;;;;;;;;;;;;;;;;;;;;;;;;;;;;;;;;;;;;;;;;;;;;;;;;;;;;;;;;;;;;;;;;;;;;;;;;;;;;;;;;;;;;;;;;;;;;;;;;;;;;;;;;;;;;;;;;;;;;;
25/02/2026;ECUADOR - IMPORT;FLORASINTESIS FRAGANCIAS Y AROMAS CIA. LTDA;ECUADOR;ERNESTO VENTOS;JAPAN;2928009000 - ORGANIC DERIVATIVES OF HYDRAZINE OR OF HYDROXYLAMINE. ORGANIC DERIVATIVES OF HYDRAZINE OR OF HYDROXYLAMINE. OTHER;CORTEX ALDEHYDE;1,00;KILOGRAMS;545,03;IMPORT;AIR;DECLARATIONS;ERNESTO VENTOS S.A;;;;;;;;;;;;;;;;;;;;;;;;;;;;;;;;;;;;;;;;;;;;;;;;;;;;;;;;;;;;;;;;;;;;;;;;;;;;;;;;;;;;;;;;;;;;;;;;;;;;;;;;;;;;;;;;;;;;;;;;;;;;;;;;;;;;;;;;;;;;;;;;;;;;;;;;;;;;;;;;;;;;;;;;;;;;;;;;;;;;;;;;;;;;;;;;;;;;;;;;;;;;;;;;;;;;;;;;;;;;;;;;;;;;;;;;;;;;;;;;;;
25/02/2026;ECUADOR - IMPORT;FLORASINTESIS FRAGANCIAS Y AROMAS CIA. LTDA;ECUADOR;ERNESTO VENTOS;INDIA;"2915909000 - SATURATED ACYCLIC MONOCARBOXYLIC ACIDS AND THEIR ANHYDRIDES, HALIDES, PEROXIDES AND PEROXYACIDS; THEIR HALOGEN(..) OTHER OTHER";PERANAT;5,00;KILOGRAMS;350,70;IMPORT;AIR;DECLARATIONS;ERNESTO VENTOS S.A;;;;;;;;;;;;;;;;;;;;;;;;;;;;;;;;;;;;;;;;;;;;;;;;;;;;;;;;;;;;;;;;;;;;;;;;;;;;;;;;;;;;;;;;;;;;;;;;;;;;;;;;;;;;;;;;;;;;;;;;;;;;;;;;;;;;;;;;;;;;;;;;;;;;;;;;;;;;;;;;;;;;;;;;;;;;;;;;;;;;;;;;;;;;;;;;;;;;;;;;;;;;;;;;;;;;;;;;;;;;;;;;;;;;;;;;;;;;;;;;;;
25/02/2026;ECUADOR - IMPORT;FLORASINTESIS FRAGANCIAS Y AROMAS CIA. LTDA;ECUADOR;ERNESTO VENTOS;GUATEMALA;3302900010 - MIXTURES OF ODORIFEROUS SUBSTANCES AND MIXTURES (INCLUDING ALCOHOLIC SOLUTIONS(..) OTHER MIXTURES OF ODOR-PRODUCING SUBSTANCES;METHYL LAITONE 10 DPG;25,00;KILOGRAMS;3.305,77;IMPORT;AIR;DECLARATIONS;ERNESTO VENTOS S.A;;;;;;;;;;;;;;;;;;;;;;;;;;;;;;;;;;;;;;;;;;;;;;;;;;;;;;;;;;;;;;;;;;;;;;;;;;;;;;;;;;;;;;;;;;;;;;;;;;;;;;;;;;;;;;;;;;;;;;;;;;;;;;;;;;;;;;;;;;;;;;;;;;;;;;;;;;;;;;;;;;;;;;;;;;;;;;;;;;;;;;;;;;;;;;;;;;;;;;;;;;;;;;;;;;;;;;;;;;;;;;;;;;;;;;;;;;;;;;;;;;
25/02/2026;ECUADOR - IMPORT;FLORASINTESIS FRAGANCIAS Y AROMAS CIA. LTDA;ECUADOR;ERNESTO VENTOS;FRANCE;3301299090 - ESSENTIAL OILS (TERPENELESS OR NOT), INCLUDING CONCRETE(..) ESSENTIAL OILS OTHER THAN THOSE OF CITRUS FRUIT:OTHER OTHER: OTHER;CARDAMOMO OIL;4,00;KILOGRAMS;2.207,68;IMPORT;AIR;DECLARATIONS;ERNESTO VENTOS S.A;;;;;;;;;;;;;;;;;;;;;;;;;;;;;;;;;;;;;;;;;;;;;;;;;;;;;;;;;;;;;;;;;;;;;;;;;;;;;;;;;;;;;;;;;;;;;;;;;;;;;;;;;;;;;;;;;;;;;;;;;;;;;;;;;;;;;;;;;;;;;;;;;;;;;;;;;;;;;;;;;;;;;;;;;;;;;;;;;;;;;;;;;;;;;;;;;;;;;;;;;;;;;;;;;;;;;;;;;;;;;;;;;;;;;;;;;;;;;;;;;;
25/02/2026;ECUADOR - IMPORT;FLORASINTESIS FRAGANCIAS Y AROMAS CIA. LTDA;ECUADOR;ERNESTO VENTOS;SPAIN;3301299090 - ESSENTIAL OILS (TERPENELESS OR NOT), INCLUDING CONCRETE(..) ESSENTIAL OILS OTHER THAN THOSE OF CITRUS FRUIT:OTHER OTHER: OTHER;ANGELICA SEED OIL;1,00;KILOGRAMS;1.241,82;IMPORT;AIR;DECLARATIONS;ERNESTO VENTOS S.A;;;;;;;;;;;;;;;;;;;;;;;;;;;;;;;;;;;;;;;;;;;;;;;;;;;;;;;;;;;;;;;;;;;;;;;;;;;;;;;;;;;;;;;;;;;;;;;;;;;;;;;;;;;;;;;;;;;;;;;;;;;;;;;;;;;;;;;;;;;;;;;;;;;;;;;;;;;;;;;;;;;;;;;;;;;;;;;;;;;;;;;;;;;;;;;;;;;;;;;;;;;;;;;;;;;;;;;;;;;;;;;;;;;;;;;;;;;;;;;;;;
25/02/2026;ECUADOR - IMPORT;FLORASINTESIS FRAGANCIAS Y AROMAS CIA. LTDA;ECUADOR;ERNESTO VENTOS;CHINA;3301299090 - ESSENTIAL OILS (TERPENELESS OR NOT), INCLUDING CONCRETE(..) ESSENTIAL OILS OTHER THAN THOSE OF CITRUS FRUIT:OTHER OTHER: OTHER;AGARWOOD RECO;1,00;KILOGRAMS;393,25;IMPORT;AIR;DECLARATIONS;ERNESTO VENTOS S.A;;;;;;;;;;;;;;;;;;;;;;;;;;;;;;;;;;;;;;;;;;;;;;;;;;;;;;;;;;;;;;;;;;;;;;;;;;;;;;;;;;;;;;;;;;;;;;;;;;;;;;;;;;;;;;;;;;;;;;;;;;;;;;;;;;;;;;;;;;;;;;;;;;;;;;;;;;;;;;;;;;;;;;;;;;;;;;;;;;;;;;;;;;;;;;;;;;;;;;;;;;;;;;;;;;;;;;;;;;;;;;;;;;;;;;;;;;;;;;;;;;
25/02/2026;ECUADOR - IMPORT;FLORASINTESIS FRAGANCIAS Y AROMAS CIA. LTDA;ECUADOR;ERNESTO VENTOS;UNITED STATES OF AMERICA;2905141000 - ACYCLIC ALCOHOLS AND THEIR HALOGENATED, SULPHONATED, NITRATED OR NIT(..) SATURATED MONOHYDRIC ALCOHOLS:OTHER BUTANOLS ISOBUTYL;ISO BUTYL ALCOHOL;20,00;KILOGRAMS;563,42;IMPORT;AIR;DECLARATIONS;ERNESTO VENTOS S.A;;;;;;;;;;;;;;;;;;;;;;;;;;;;;;;;;;;;;;;;;;;;;;;;;;;;;;;;;;;;;;;;;;;;;;;;;;;;;;;;;;;;;;;;;;;;;;;;;;;;;;;;;;;;;;;;;;;;;;;;;;;;;;;;;;;;;;;;;;;;;;;;;;;;;;;;;;;;;;;;;;;;;;;;;;;;;;;;;;;;;;;;;;;;;;;;;;;;;;;;;;;;;;;;;;;;;;;;;;;;;;;;;;;;;;;;;;;;;;;;;;
25/02/2026;ECUADOR - IMPORT;FLORASINTESIS FRAGANCIAS Y AROMAS CIA. LTDA;ECUADOR;ERNESTO VENTOS;CHINA;2932190000 - HETEROCYCLIC COMPOUNDS WI(..) COMPOUNDS CONTAINING AN UNFUSED FURAN RING (WHETHER OR NOT HYDROGENATED) IN THE STRUCTURE:OTHER;2 ACETYL FURAN;2,00;KILOGRAMS;218,47;IMPORT;AIR;DECLARATIONS;ERNESTO VENTOS S.A;;;;;;;;;;;;;;;;;;;;;;;;;;;;;;;;;;;;;;;;;;;;;;;;;;;;;;;;;;;;;;;;;;;;;;;;;;;;;;;;;;;;;;;;;;;;;;;;;;;;;;;;;;;;;;;;;;;;;;;;;;;;;;;;;;;;;;;;;;;;;;;;;;;;;;;;;;;;;;;;;;;;;;;;;;;;;;;;;;;;;;;;;;;;;;;;;;;;;;;;;;;;;;;;;;;;;;;;;;;;;;;;;;;;;;;;;;;;;;;;;;
25/02/2026;ECUADOR - IMPORT;FLORASINTESIS FRAGANCIAS Y AROMAS CIA. LTDA;ECUADOR;ERNESTO VENTOS;UNITED STATES OF AMERICA;3302900010 - MIXTURES OF ODORIFEROUS SUBSTANCES AND MIXTURES (INCLUDING ALCOHOLIC SOLUTIONS(..) OTHER MIXTURES OF ODOR-PRODUCING SUBSTANCES;SCENTENAL;1,00;KILOGRAMS;310,46;IMPORT;AIR;DECLARATIONS;ERNESTO VENTOS S.A;;;;;;;;;;;;;;;;;;;;;;;;;;;;;;;;;;;;;;;;;;;;;;;;;;;;;;;;;;;;;;;;;;;;;;;;;;;;;;;;;;;;;;;;;;;;;;;;;;;;;;;;;;;;;;;;;;;;;;;;;;;;;;;;;;;;;;;;;;;;;;;;;;;;;;;;;;;;;;;;;;;;;;;;;;;;;;;;;;;;;;;;;;;;;;;;;;;;;;;;;;;;;;;;;;;;;;;;;;;;;;;;;;;;;;;;;;;;;;;;;;
25/02/2026;ECUADOR - IMPORT;FLORASINTESIS FRAGANCIAS Y AROMAS CIA. LTDA;ECUADOR;ERNESTO VENTOS;GERMANY;"2912299000 - ALDEHYDES, WHETHER OR NOT WITH OTHER OXYGEN FUNCTION; CYCLIC PO(..) CYCLIC ALDEHYDES WITHOUT OTHER OXYGEN FUNCTION:OTHER OTHER";PHENYL ACETALDEHYDE PURE FCC;25,00;KILOGRAMS;1.329,50;IMPORT;AIR;DECLARATIONS;ERNESTO VENTOS S.A;;;;;;;;;;;;;;;;;;;;;;;;;;;;;;;;;;;;;;;;;;;;;;;;;;;;;;;;;;;;;;;;;;;;;;;;;;;;;;;;;;;;;;;;;;;;;;;;;;;;;;;;;;;;;;;;;;;;;;;;;;;;;;;;;;;;;;;;;;;;;;;;;;;;;;;;;;;;;;;;;;;;;;;;;;;;;;;;;;;;;;;;;;;;;;;;;;;;;;;;;;;;;;;;;;;;;;;;;;;;;;;;;;;;;;;;;;;;;;;;;;
25/02/2026;ECUADOR - IMPORT;FLORASINTESIS FRAGANCIAS Y AROMAS CIA. LTDA;ECUADOR;ERNESTO VENTOS;INDIA;2915399090 - SATURATED ACYCLIC MONOCARBOXYLIC ACIDS AND THEIR ANHYDRID(..) ESTERS OF ACETIC ACID:OTHER OTHER: OTHER. PH ROTTERDAM AGREEMENT;AMBOROL ACETATE;1,00;KILOGRAMS;183,98;IMPORT;AIR;DECLARATIONS;ERNESTO VENTOS S.A;;;;;;;;;;;;;;;;;;;;;;;;;;;;;;;;;;;;;;;;;;;;;;;;;;;;;;;;;;;;;;;;;;;;;;;;;;;;;;;;;;;;;;;;;;;;;;;;;;;;;;;;;;;;;;;;;;;;;;;;;;;;;;;;;;;;;;;;;;;;;;;;;;;;;;;;;;;;;;;;;;;;;;;;;;;;;;;;;;;;;;;;;;;;;;;;;;;;;;;;;;;;;;;;;;;;;;;;;;;;;;;;;;;;;;;;;;;;;;;;;;
25/02/2026;ECUADOR - IMPORT;FLORASINTESIS FRAGANCIAS Y AROMAS CIA. LTDA;ECUADOR;ERNESTO VENTOS;MEXICO;3301191000 - ESSENTIAL OILS (TERPENELESS OR NOT), (..) ESSENTIAL OILS OF CITRUS FRUIT:OTHER OF LIME (CITRUS AURANTIFOLIA, CITRUS LATIFOLIA);LIMETA DESTILADA OIL;25,00;KILOGRAMS;2.184,69;IMPORT;AIR;DECLARATIONS;ERNESTO VENTOS S.A;;;;;;;;;;;;;;;;;;;;;;;;;;;;;;;;;;;;;;;;;;;;;;;;;;;;;;;;;;;;;;;;;;;;;;;;;;;;;;;;;;;;;;;;;;;;;;;;;;;;;;;;;;;;;;;;;;;;;;;;;;;;;;;;;;;;;;;;;;;;;;;;;;;;;;;;;;;;;;;;;;;;;;;;;;;;;;;;;;;;;;;;;;;;;;;;;;;;;;;;;;;;;;;;;;;;;;;;;;;;;;;;;;;;;;;;;;;;;;;;;;
25/02/2026;ECUADOR - IMPORT;FLORASINTESIS FRAGANCIAS Y AROMAS CIA. LTDA;ECUADOR;ERNESTO VENTOS;CHINA;2918300000 - CARBOXYLIC ACIDS WIT(..) CARBOXYLIC ACIDS WITH ALDEHYDE OR KETONE FUNCTION BUT WITHOUT OTHER OXYGEN FUNCTION, THEIR ANHYDRIDE(..);HEDIONE HC;5,00;KILOGRAMS;448,44;IMPORT;AIR;DECLARATIONS;ERNESTO VENTOS S.A;;;;;;;;;;;;;;;;;;;;;;;;;;;;;;;;;;;;;;;;;;;;;;;;;;;;;;;;;;;;;;;;;;;;;;;;;;;;;;;;;;;;;;;;;;;;;;;;;;;;;;;;;;;;;;;;;;;;;;;;;;;;;;;;;;;;;;;;;;;;;;;;;;;;;;;;;;;;;;;;;;;;;;;;;;;;;;;;;;;;;;;;;;;;;;;;;;;;;;;;;;;;;;;;;;;;;;;;;;;;;;;;;;;;;;;;;;;;;;;;;;
25/02/2026;ECUADOR - IMPORT;FLORASINTESIS FRAGANCIAS Y AROMAS CIA. LTDA;ECUADOR;ERNESTO VENTOS;INDIA;"2920199000 - ESTERS OF OTHER INOR(..) THIOPHOSPHORIC ESTERS (PHOSPHOROTHIOATES) AND THEIR SALTS; THEIR HALOGENATED, SULPHONATED, NITR(..) OTHER";STEMONE;1,00;KILOGRAMS;178,23;IMPORT;AIR;DECLARATIONS;ERNESTO VENTOS S.A;;;;;;;;;;;;;;;;;;;;;;;;;;;;;;;;;;;;;;;;;;;;;;;;;;;;;;;;;;;;;;;;;;;;;;;;;;;;;;;;;;;;;;;;;;;;;;;;;;;;;;;;;;;;;;;;;;;;;;;;;;;;;;;;;;;;;;;;;;;;;;;;;;;;;;;;;;;;;;;;;;;;;;;;;;;;;;;;;;;;;;;;;;;;;;;;;;;;;;;;;;;;;;;;;;;;;;;;;;;;;;;;;;;;;;;;;;;;;;;;;;
25/02/2026;ECUADOR - IMPORT;FLORASINTESIS FRAGANCIAS Y AROMAS CIA. LTDA;ECUADOR;ERNESTO VENTOS;SPAIN;2932999000 - HETEROCYCLIC COMPOUNDS WITH OXYGEN HETERO-ATOM(S) ONLY. OTHER:OTHER OTHER;MAGNOLAN;5,00;KILOGRAMS;290,33;IMPORT;AIR;DECLARATIONS;ERNESTO VENTOS S.A;;;;;;;;;;;;;;;;;;;;;;;;;;;;;;;;;;;;;;;;;;;;;;;;;;;;;;;;;;;;;;;;;;;;;;;;;;;;;;;;;;;;;;;;;;;;;;;;;;;;;;;;;;;;;;;;;;;;;;;;;;;;;;;;;;;;;;;;;;;;;;;;;;;;;;;;;;;;;;;;;;;;;;;;;;;;;;;;;;;;;;;;;;;;;;;;;;;;;;;;;;;;;;;;;;;;;;;;;;;;;;;;;;;;;;;;;;;;;;;;;;
25/02/2026;ECUADOR - IMPORT;FLORASINTESIS FRAGANCIAS Y AROMAS CIA. LTDA;ECUADOR;ERNESTO VENTOS;INDIA;2915130000 - SATURATED ACYCLIC MONOCARBOXYLIC ACIDS AND THEIR ANHYDRIDES, HALI(..) FORMIC ACID, ITS SALTS AND ESTERS:ESTERS OF FORMIC ACID;CITRONELLYL FORMATE;1,00;KILOGRAMS;178,23;IMPORT;AIR;DECLARATIONS;ERNESTO VENTOS S.A;;;;;;;;;;;;;;;;;;;;;;;;;;;;;;;;;;;;;;;;;;;;;;;;;;;;;;;;;;;;;;;;;;;;;;;;;;;;;;;;;;;;;;;;;;;;;;;;;;;;;;;;;;;;;;;;;;;;;;;;;;;;;;;;;;;;;;;;;;;;;;;;;;;;;;;;;;;;;;;;;;;;;;;;;;;;;;;;;;;;;;;;;;;;;;;;;;;;;;;;;;;;;;;;;;;;;;;;;;;;;;;;;;;;;;;;;;;;;;;;;;
25/02/2026;ECUADOR - IMPORT;FLORASINTESIS FRAGANCIAS Y AROMAS CIA. LTDA;ECUADOR;ERNESTO VENTOS;CHINA;2914390000 - KETONES AND QUINONES, WHETHER OR NOT WITH OTHER OXYGEN FUNCTION, AND(..) AROMATIC KETONES WITHOUT OTHER OXYGEN FUNCTION:OTHER;BENZYLIDENE ACETONE;1,00;KILOGRAMS;160,98;IMPORT;AIR;DECLARATIONS;ERNESTO VENTOS S.A;;;;;;;;;;;;;;;;;;;;;;;;;;;;;;;;;;;;;;;;;;;;;;;;;;;;;;;;;;;;;;;;;;;;;;;;;;;;;;;;;;;;;;;;;;;;;;;;;;;;;;;;;;;;;;;;;;;;;;;;;;;;;;;;;;;;;;;;;;;;;;;;;;;;;;;;;;;;;;;;;;;;;;;;;;;;;;;;;;;;;;;;;;;;;;;;;;;;;;;;;;;;;;;;;;;;;;;;;;;;;;;;;;;;;;;;;;;;;;;;;;
25/02/2026;ECUADOR - IMPORT;FLORASINTESIS FRAGANCIAS Y AROMAS CIA. LTDA;ECUADOR;ERNESTO VENTOS;BULGARIA;3301299090 - ESSENTIAL OILS (TERPENELESS OR NOT), INCLUDING CONCRETE(..) ESSENTIAL OILS OTHER THAN THOSE OF CITRUS FRUIT:OTHER OTHER: OTHER;ROSE OIL;0,25;KILOGRAMS;3.153,41;IMPORT;AIR;DECLARATIONS;ERNESTO VENTOS S.A;;;;;;;;;;;;;;;;;;;;;;;;;;;;;;;;;;;;;;;;;;;;;;;;;;;;;;;;;;;;;;;;;;;;;;;;;;;;;;;;;;;;;;;;;;;;;;;;;;;;;;;;;;;;;;;;;;;;;;;;;;;;;;;;;;;;;;;;;;;;;;;;;;;;;;;;;;;;;;;;;;;;;;;;;;;;;;;;;;;;;;;;;;;;;;;;;;;;;;;;;;;;;;;;;;;;;;;;;;;;;;;;;;;;;;;;;;;;;;;;;;
25/02/2026;ECUADOR - IMPORT;FLORASINTESIS FRAGANCIAS Y AROMAS CIA. LTDA;ECUADOR;ERNESTO VENTOS;CHINA;"3301130000 - ESSENTIAL OILS (TERPENELESS OR NOT), INCLUDING CONCRETES AND ABSOLUTES; RESINOIDS(..) ESSENTIAL OILS OF CITRUS FRUIT:OF LEMON";VIOLIFF;1,00;KILOGRAMS;218,47;IMPORT;AIR;DECLARATIONS;ERNESTO VENTOS S.A;;;;;;;;;;;;;;;;;;;;;;;;;;;;;;;;;;;;;;;;;;;;;;;;;;;;;;;;;;;;;;;;;;;;;;;;;;;;;;;;;;;;;;;;;;;;;;;;;;;;;;;;;;;;;;;;;;;;;;;;;;;;;;;;;;;;;;;;;;;;;;;;;;;;;;;;;;;;;;;;;;;;;;;;;;;;;;;;;;;;;;;;;;;;;;;;;;;;;;;;;;;;;;;;;;;;;;;;;;;;;;;;;;;;;;;;;;;;;;;;;;
25/02/2026;ECUADOR - IMPORT;FLORASINTESIS FRAGANCIAS Y AROMAS CIA. LTDA;ECUADOR;ERNESTO VENTOS;UNITED STATES OF AMERICA;3302900010 - MIXTURES OF ODORIFEROUS SUBSTANCES AND MIXTURES (INCLUDING ALCOHOLIC SOLUTIONS(..) OTHER MIXTURES OF ODOR-PRODUCING SUBSTANCES;TRIFERNAL;5,00;KILOGRAMS;661,16;IMPORT;AIR;DECLARATIONS;ERNESTO VENTOS S.A;;;;;;;;;;;;;;;;;;;;;;;;;;;;;;;;;;;;;;;;;;;;;;;;;;;;;;;;;;;;;;;;;;;;;;;;;;;;;;;;;;;;;;;;;;;;;;;;;;;;;;;;;;;;;;;;;;;;;;;;;;;;;;;;;;;;;;;;;;;;;;;;;;;;;;;;;;;;;;;;;;;;;;;;;;;;;;;;;;;;;;;;;;;;;;;;;;;;;;;;;;;;;;;;;;;;;;;;;;;;;;;;;;;;;;;;;;;;;;;;;;
25/02/2026;ECUADOR - IMPORT;FLORASINTESIS FRAGANCIAS Y AROMAS CIA. LTDA;ECUADOR;ERNESTO VENTOS;CHINA;3302900010 - MIXTURES OF ODORIFEROUS SUBSTANCES AND MIXTURES (INCLUDING ALCOHOLIC SOLUTIONS(..) OTHER MIXTURES OF ODOR-PRODUCING SUBSTANCES;MARITIMA;1,00;KILOGRAMS;862,38;IMPORT;AIR;DECLARATIONS;ERNESTO VENTOS S.A;;;;;;;;;;;;;;;;;;;;;;;;;;;;;;;;;;;;;;;;;;;;;;;;;;;;;;;;;;;;;;;;;;;;;;;;;;;;;;;;;;;;;;;;;;;;;;;;;;;;;;;;;;;;;;;;;;;;;;;;;;;;;;;;;;;;;;;;;;;;;;;;;;;;;;;;;;;;;;;;;;;;;;;;;;;;;;;;;;;;;;;;;;;;;;;;;;;;;;;;;;;;;;;;;;;;;;;;;;;;;;;;;;;;;;;;;;;;;;;;;;
25/02/2026;ECUADOR - IMPORT;FLORASINTESIS FRAGANCIAS Y AROMAS CIA. LTDA;ECUADOR;ERNESTO VENTOS;MOROCCO;"3301300000 - ESSENTIAL OILS (TERPENELESS OR NOT), INCLUDING CONCRETES AND ABSOLUTES; RESINOIDS; EXTRACTED OLEORESINS; CONCEN(..) RESINOIDS";LABDANUM R ESIN C PUR E;5,00;KILOGRAMS;655,41;IMPORT;AIR;DECLARATIONS;ERNESTO VENTOS S.A;;;;;;;;;;;;;;;;;;;;;;;;;;;;;;;;;;;;;;;;;;;;;;;;;;;;;;;;;;;;;;;;;;;;;;;;;;;;;;;;;;;;;;;;;;;;;;;;;;;;;;;;;;;;;;;;;;;;;;;;;;;;;;;;;;;;;;;;;;;;;;;;;;;;;;;;;;;;;;;;;;;;;;;;;;;;;;;;;;;;;;;;;;;;;;;;;;;;;;;;;;;;;;;;;;;;;;;;;;;;;;;;;;;;;;;;;;;;;;;;;;
25/02/2026;ECUADOR - IMPORT;FLORASINTESIS FRAGANCIAS Y AROMAS CIA. LTDA;ECUADOR;ERNESTO VENTOS;FRANCE;2906190000 - CYCLIC ALCOHOLS AND THEIR HALOGENATED, SULPHONATED, NITRATED OR NITROSATED DERI(..) CYCLANIC, CYCLENIC OR CYCLOTERPENIC:OTHER;ISO PULEGOL M EXTRA;5,00;KILOGRAMS;546,17;IMPORT;AIR;DECLARATIONS;ERNESTO VENTOS S.A;;;;;;;;;;;;;;;;;;;;;;;;;;;;;;;;;;;;;;;;;;;;;;;;;;;;;;;;;;;;;;;;;;;;;;;;;;;;;;;;;;;;;;;;;;;;;;;;;;;;;;;;;;;;;;;;;;;;;;;;;;;;;;;;;;;;;;;;;;;;;;;;;;;;;;;;;;;;;;;;;;;;;;;;;;;;;;;;;;;;;;;;;;;;;;;;;;;;;;;;;;;;;;;;;;;;;;;;;;;;;;;;;;;;;;;;;;;;;;;;;;
25/02/2026;ECUADOR - IMPORT;FLORASINTESIS FRAGANCIAS Y AROMAS CIA. LTDA;ECUADOR;ERNESTO VENTOS;INDIA;2915502200 - SATURATED ACYCLIC MONOCARBOXYLIC ACIDS AND THEIR ANHYDRIDES,(..) PROPIONIC ACID, ITS SALTS AND ESTERS SALTS AND ESTERS: ESTERS;BENZYL PROPIONATE;5,00;KILOGRAMS;201,21;IMPORT;AIR;DECLARATIONS;ERNESTO VENTOS S.A;;;;;;;;;;;;;;;;;;;;;;;;;;;;;;;;;;;;;;;;;;;;;;;;;;;;;;;;;;;;;;;;;;;;;;;;;;;;;;;;;;;;;;;;;;;;;;;;;;;;;;;;;;;;;;;;;;;;;;;;;;;;;;;;;;;;;;;;;;;;;;;;;;;;;;;;;;;;;;;;;;;;;;;;;;;;;;;;;;;;;;;;;;;;;;;;;;;;;;;;;;;;;;;;;;;;;;;;;;;;;;;;;;;;;;;;;;;;;;;;;;
25/02/2026;ECUADOR - IMPORT;FLORASINTESIS FRAGANCIAS Y AROMAS CIA. LTDA;ECUADOR;ERNESTO VENTOS;FRANCE;3302900010 - MIXTURES OF ODORIFEROUS SUBSTANCES AND MIXTURES (INCLUDING ALCOHOLIC SOLUTIONS(..) OTHER MIXTURES OF ODOR-PRODUCING SUBSTANCES;AMBRAROME ABS;0,10;KILOGRAMS;206,96;IMPORT;AIR;DECLARATIONS;ERNESTO VENTOS S.A;;;;;;;;;;;;;;;;;;;;;;;;;;;;;;;;;;;;;;;;;;;;;;;;;;;;;;;;;;;;;;;;;;;;;;;;;;;;;;;;;;;;;;;;;;;;;;;;;;;;;;;;;;;;;;;;;;;;;;;;;;;;;;;;;;;;;;;;;;;;;;;;;;;;;;;;;;;;;;;;;;;;;;;;;;;;;;;;;;;;;;;;;;;;;;;;;;;;;;;;;;;;;;;;;;;;;;;;;;;;;;;;;;;;;;;;;;;;;;;;;;
25/02/2026;ECUADOR - IMPORT;FLORASINTESIS FRAGANCIAS Y AROMAS CIA. LTDA;ECUADOR;ERNESTO VENTOS;CHINA;2901290000 - ACYCLIC HYDROCARBONS. UNSATURATED:OTHER;PHENYL ETHYL ALCOHOL NATURAL;1,00;KILOGRAMS;321,96;IMPORT;AIR;DECLARATIONS;ERNESTO VENTOS S.A;;;;;;;;;;;;;;;;;;;;;;;;;;;;;;;;;;;;;;;;;;;;;;;;;;;;;;;;;;;;;;;;;;;;;;;;;;;;;;;;;;;;;;;;;;;;;;;;;;;;;;;;;;;;;;;;;;;;;;;;;;;;;;;;;;;;;;;;;;;;;;;;;;;;;;;;;;;;;;;;;;;;;;;;;;;;;;;;;;;;;;;;;;;;;;;;;;;;;;;;;;;;;;;;;;;;;;;;;;;;;;;;;;;;;;;;;;;;;;;;;;
25/02/2026;ECUADOR - IMPORT;FLORASINTESIS FRAGANCIAS Y AROMAS CIA. LTDA;ECUADOR;ERNESTO VENTOS;BULGARIA;3301293000 - ESSENTIAL OILS (TERPENELESS OR NOT), INCL(..) ESSENTIAL OILS OTHER THAN THOSE OF CITRUS FRUIT:OTHER OF LAVENDER OR OF LAVANDIN;LAVENDER OIL SPIKE;1,00;KILOGRAMS;195,48;IMPORT;AIR;DECLARATIONS;ERNESTO VENTOS S.A;;;;;;;;;;;;;;;;;;;;;;;;;;;;;;;;;;;;;;;;;;;;;;;;;;;;;;;;;;;;;;;;;;;;;;;;;;;;;;;;;;;;;;;;;;;;;;;;;;;;;;;;;;;;;;;;;;;;;;;;;;;;;;;;;;;;;;;;;;;;;;;;;;;;;;;;;;;;;;;;;;;;;;;;;;;;;;;;;;;;;;;;;;;;;;;;;;;;;;;;;;;;;;;;;;;;;;;;;;;;;;;;;;;;;;;;;;;;;;;;;;
25/02/2026;ECUADOR - IMPORT;FLORASINTESIS FRAGANCIAS Y AROMAS CIA. LTDA;ECUADOR;ERNESTO VENTOS;INDIA;3301240000 - ESSENTIAL OILS (TERPENELESS OR NOT), INCL(..) ESSENTIAL OILS OTHER THAN THOSE OF CITRUS FRUIT:OF PEPPERMINT (MENTHA PIPERITA);PEPPERMINT OIL;25,00;KILOGRAMS;747,39;IMPORT;AIR;DECLARATIONS;ERNESTO VENTOS S.A;;;;;;;;;;;;;;;;;;;;;;;;;;;;;;;;;;;;;;;;;;;;;;;;;;;;;;;;;;;;;;;;;;;;;;;;;;;;;;;;;;;;;;;;;;;;;;;;;;;;;;;;;;;;;;;;;;;;;;;;;;;;;;;;;;;;;;;;;;;;;;;;;;;;;;;;;;;;;;;;;;;;;;;;;;;;;;;;;;;;;;;;;;;;;;;;;;;;;;;;;;;;;;;;;;;;;;;;;;;;;;;;;;;;;;;;;;;;;;;;;;
25/02/2026;ECUADOR - IMPORT;FLORASINTESIS FRAGANCIAS Y AROMAS CIA. LTDA;ECUADOR;ERNESTO VENTOS;INDONESIA;3301299090 - ESSENTIAL OILS (TERPENELESS OR NOT), INCLUDING CONCRETE(..) ESSENTIAL OILS OTHER THAN THOSE OF CITRUS FRUIT:OTHER OTHER: OTHER;CLOVE TERPENES;100,00;KILOGRAMS;689,90;IMPORT;AIR;DECLARATIONS;ERNESTO VENTOS S.A;;;;;;;;;;;;;;;;;;;;;;;;;;;;;;;;;;;;;;;;;;;;;;;;;;;;;;;;;;;;;;;;;;;;;;;;;;;;;;;;;;;;;;;;;;;;;;;;;;;;;;;;;;;;;;;;;;;;;;;;;;;;;;;;;;;;;;;;;;;;;;;;;;;;;;;;;;;;;;;;;;;;;;;;;;;;;;;;;;;;;;;;;;;;;;;;;;;;;;;;;;;;;;;;;;;;;;;;;;;;;;;;;;;;;;;;;;;;;;;;;;
25/02/2026;ECUADOR - IMPORT;FLORASINTESIS FRAGANCIAS Y AROMAS CIA. LTDA;ECUADOR;ERNESTO VENTOS;UNITED STATES OF AMERICA;2914299000 - KETONES AND QUINONES, WHETHER OR NOT(..) CYCLANIC, CYCLENIC OR CYCLOTERPENIC KETONES WITHOUT OTHER OXYGEN FUNCTION:OTHER OTHER;GLOBANONE;5,00;KILOGRAMS;385,19;IMPORT;AIR;DECLARATIONS;ERNESTO VENTOS S.A;;;;;;;;;;;;;;;;;;;;;;;;;;;;;;;;;;;;;;;;;;;;;;;;;;;;;;;;;;;;;;;;;;;;;;;;;;;;;;;;;;;;;;;;;;;;;;;;;;;;;;;;;;;;;;;;;;;;;;;;;;;;;;;;;;;;;;;;;;;;;;;;;;;;;;;;;;;;;;;;;;;;;;;;;;;;;;;;;;;;;;;;;;;;;;;;;;;;;;;;;;;;;;;;;;;;;;;;;;;;;;;;;;;;;;;;;;;;;;;;;;
25/02/2026;ECUADOR - IMPORT;FLORASINTESIS FRAGANCIAS Y AROMAS CIA. LTDA;ECUADOR;ERNESTO VENTOS;INDIA;2914299000 - KETONES AND QUINONES, WHETHER OR NOT(..) CYCLANIC, CYCLENIC OR CYCLOTERPENIC KETONES WITHOUT OTHER OXYGEN FUNCTION:OTHER OTHER;PICONIA;10,00;KILOGRAMS;298,96;IMPORT;AIR;DECLARATIONS;ERNESTO VENTOS S.A;;;;;;;;;;;;;;;;;;;;;;;;;;;;;;;;;;;;;;;;;;;;;;;;;;;;;;;;;;;;;;;;;;;;;;;;;;;;;;;;;;;;;;;;;;;;;;;;;;;;;;;;;;;;;;;;;;;;;;;;;;;;;;;;;;;;;;;;;;;;;;;;;;;;;;;;;;;;;;;;;;;;;;;;;;;;;;;;;;;;;;;;;;;;;;;;;;;;;;;;;;;;;;;;;;;;;;;;;;;;;;;;;;;;;;;;;;;;;;;;;;
25/02/2026;ECUADOR - IMPORT;FLORASINTESIS FRAGANCIAS Y AROMAS CIA. LTDA;ECUADOR;ERNESTO VENTOS;INDIA;"2912299000 - ALDEHYDES, WHETHER OR NOT WITH OTHER OXYGEN FUNCTION; CYCLIC PO(..) CYCLIC ALDEHYDES WITHOUT OTHER OXYGEN FUNCTION:OTHER OTHER";METHYL CINNAMIC ALDEHYDE ALPHA;5,00;KILOGRAMS;195,48;IMPORT;AIR;DECLARATIONS;ERNESTO VENTOS S.A;;;;;;;;;;;;;;;;;;;;;;;;;;;;;;;;;;;;;;;;;;;;;;;;;;;;;;;;;;;;;;;;;;;;;;;;;;;;;;;;;;;;;;;;;;;;;;;;;;;;;;;;;;;;;;;;;;;;;;;;;;;;;;;;;;;;;;;;;;;;;;;;;;;;;;;;;;;;;;;;;;;;;;;;;;;;;;;;;;;;;;;;;;;;;;;;;;;;;;;;;;;;;;;;;;;;;;;;;;;;;;;;;;;;;;;;;;;;;;;;;;
25/02/2026;ECUADOR - IMPORT;FLORASINTESIS FRAGANCIAS Y AROMAS CIA. LTDA;ECUADOR;ERNESTO VENTOS;PARAGUAY;3301299090 - ESSENTIAL OILS (TERPENELESS OR NOT), INCLUDING CONCRETE(..) ESSENTIAL OILS OTHER THAN THOSE OF CITRUS FRUIT:OTHER OTHER: OTHER;CABREUVA OIL;2,00;KILOGRAMS;252,96;IMPORT;AIR;DECLARATIONS;ERNESTO VENTOS S.A;;;;;;;;;;;;;;;;;;;;;;;;;;;;;;;;;;;;;;;;;;;;;;;;;;;;;;;;;;;;;;;;;;;;;;;;;;;;;;;;;;;;;;;;;;;;;;;;;;;;;;;;;;;;;;;;;;;;;;;;;;;;;;;;;;;;;;;;;;;;;;;;;;;;;;;;;;;;;;;;;;;;;;;;;;;;;;;;;;;;;;;;;;;;;;;;;;;;;;;;;;;;;;;;;;;;;;;;;;;;;;;;;;;;;;;;;;;;;;;;;;
25/02/2026;ECUADOR - IMPORT;FLORASINTESIS FRAGANCIAS Y AROMAS CIA. LTDA;ECUADOR;ERNESTO VENTOS;INDIA;2906190000 - CYCLIC ALCOHOLS AND THEIR HALOGENATED, SULPHONATED, NITRATED OR NITROSATED DERI(..) CYCLANIC, CYCLENIC OR CYCLOTERPENIC:OTHER;JAVANOL;5,00;KILOGRAMS;1.954,72;IMPORT;AIR;DECLARATIONS;ERNESTO VENTOS S.A;;;;;;;;;;;;;;;;;;;;;;;;;;;;;;;;;;;;;;;;;;;;;;;;;;;;;;;;;;;;;;;;;;;;;;;;;;;;;;;;;;;;;;;;;;;;;;;;;;;;;;;;;;;;;;;;;;;;;;;;;;;;;;;;;;;;;;;;;;;;;;;;;;;;;;;;;;;;;;;;;;;;;;;;;;;;;;;;;;;;;;;;;;;;;;;;;;;;;;;;;;;;;;;;;;;;;;;;;;;;;;;;;;;;;;;;;;;;;;;;;;
25/02/2026;ECUADOR - IMPORT;FLORASINTESIS FRAGANCIAS Y AROMAS CIA. LTDA;ECUADOR;ERNESTO VENTOS;INDONESIA;2915399090 - SATURATED ACYCLIC MONOCARBOXYLIC ACIDS AND THEIR ANHYDRID(..) ESTERS OF ACETIC ACID:OTHER OTHER: OTHER. PH ROTTERDAM AGREEMENT;CARYOPHYLENE ACETATE;1,00;KILOGRAMS;183,98;IMPORT;AIR;DECLARATIONS;ERNESTO VENTOS S.A;;;;;;;;;;;;;;;;;;;;;;;;;;;;;;;;;;;;;;;;;;;;;;;;;;;;;;;;;;;;;;;;;;;;;;;;;;;;;;;;;;;;;;;;;;;;;;;;;;;;;;;;;;;;;;;;;;;;;;;;;;;;;;;;;;;;;;;;;;;;;;;;;;;;;;;;;;;;;;;;;;;;;;;;;;;;;;;;;;;;;;;;;;;;;;;;;;;;;;;;;;;;;;;;;;;;;;;;;;;;;;;;;;;;;;;;;;;;;;;;;;
25/02/2026;ECUADOR - IMPORT;FLORASINTESIS FRAGANCIAS Y AROMAS CIA. LTDA;ECUADOR;ERNESTO VENTOS;ISRAEL;"2912299000 - ALDEHYDES, WHETHER OR NOT WITH OTHER OXYGEN FUNCTION; CYCLIC PO(..) CYCLIC ALDEHYDES WITHOUT OTHER OXYGEN FUNCTION:OTHER OTHER";MUSCONE;1,00;KILOGRAMS;799,14;IMPORT;AIR;DECLARATIONS;ERNESTO VENTOS S.A;;;;;;;;;;;;;;;;;;;;;;;;;;;;;;;;;;;;;;;;;;;;;;;;;;;;;;;;;;;;;;;;;;;;;;;;;;;;;;;;;;;;;;;;;;;;;;;;;;;;;;;;;;;;;;;;;;;;;;;;;;;;;;;;;;;;;;;;;;;;;;;;;;;;;;;;;;;;;;;;;;;;;;;;;;;;;;;;;;;;;;;;;;;;;;;;;;;;;;;;;;;;;;;;;;;;;;;;;;;;;;;;;;;;;;;;;;;;;;;;;;
25/02/2026;ECUADOR - IMPORT;FLORASINTESIS FRAGANCIAS Y AROMAS CIA. LTDA;ECUADOR;ERNESTO VENTOS;SPAIN;3301293000 - ESSENTIAL OILS (TERPENELESS OR NOT), INCL(..) ESSENTIAL OILS OTHER THAN THOSE OF CITRUS FRUIT:OTHER OF LAVENDER OR OF LAVANDIN;LAVANDA FINE PN BULGARIA;1,00;KILOGRAMS;247,21;IMPORT;AIR;DECLARATIONS;ERNESTO VENTOS S.A;;;;;;;;;;;;;;;;;;;;;;;;;;;;;;;;;;;;;;;;;;;;;;;;;;;;;;;;;;;;;;;;;;;;;;;;;;;;;;;;;;;;;;;;;;;;;;;;;;;;;;;;;;;;;;;;;;;;;;;;;;;;;;;;;;;;;;;;;;;;;;;;;;;;;;;;;;;;;;;;;;;;;;;;;;;;;;;;;;;;;;;;;;;;;;;;;;;;;;;;;;;;;;;;;;;;;;;;;;;;;;;;;;;;;;;;;;;;;;;;;;
25/02/2026;ECUADOR - IMPORT;FLORASINTESIS FRAGANCIAS Y AROMAS CIA. LTDA;ECUADOR;ERNESTO VENTOS;CHINA;"2912299000 - ALDEHYDES, WHETHER OR NOT WITH OTHER OXYGEN FUNCTION; CYCLIC PO(..) CYCLIC ALDEHYDES WITHOUT OTHER OXYGEN FUNCTION:OTHER OTHER";VERTOLIFF;5,00;KILOGRAMS;275,96;IMPORT;AIR;DECLARATIONS;ERNESTO VENTOS S.A;;;;;;;;;;;;;;;;;;;;;;;;;;;;;;;;;;;;;;;;;;;;;;;;;;;;;;;;;;;;;;;;;;;;;;;;;;;;;;;;;;;;;;;;;;;;;;;;;;;;;;;;;;;;;;;;;;;;;;;;;;;;;;;;;;;;;;;;;;;;;;;;;;;;;;;;;;;;;;;;;;;;;;;;;;;;;;;;;;;;;;;;;;;;;;;;;;;;;;;;;;;;;;;;;;;;;;;;;;;;;;;;;;;;;;;;;;;;;;;;;;
25/02/2026;ECUADOR - IMPORT;FLORASINTESIS FRAGANCIAS Y AROMAS CIA. LTDA;ECUADOR;ERNESTO VENTOS;SWITZERLAND;3302900010 - MIXTURES OF ODORIFEROUS SUBSTANCES AND MIXTURES (INCLUDING ALCOHOLIC SOLUTIONS(..) OTHER MIXTURES OF ODOR-PRODUCING SUBSTANCES;VELOUTONE;2,00;KILOGRAMS;540,43;IMPORT;AIR;DECLARATIONS;ERNESTO VENTOS S.A;;;;;;;;;;;;;;;;;;;;;;;;;;;;;;;;;;;;;;;;;;;;;;;;;;;;;;;;;;;;;;;;;;;;;;;;;;;;;;;;;;;;;;;;;;;;;;;;;;;;;;;;;;;;;;;;;;;;;;;;;;;;;;;;;;;;;;;;;;;;;;;;;;;;;;;;;;;;;;;;;;;;;;;;;;;;;;;;;;;;;;;;;;;;;;;;;;;;;;;;;;;;;;;;;;;;;;;;;;;;;;;;;;;;;;;;;;;;;;;;;;
25/02/2026;ECUADOR - IMPORT;FLORASINTESIS FRAGANCIAS Y AROMAS CIA. LTDA;ECUADOR;ERNESTO VENTOS;SPAIN;3301299090 - ESSENTIAL OILS (TERPENELESS OR NOT), INCLUDING CONCRETE(..) ESSENTIAL OILS OTHER THAN THOSE OF CITRUS FRUIT:OTHER OTHER: OTHER;PATCHOULY LIGHT BYP;5,00;KILOGRAMS;333,45;IMPORT;AIR;DECLARATIONS;ERNESTO VENTOS S.A;;;;;;;;;;;;;;;;;;;;;;;;;;;;;;;;;;;;;;;;;;;;;;;;;;;;;;;;;;;;;;;;;;;;;;;;;;;;;;;;;;;;;;;;;;;;;;;;;;;;;;;;;;;;;;;;;;;;;;;;;;;;;;;;;;;;;;;;;;;;;;;;;;;;;;;;;;;;;;;;;;;;;;;;;;;;;;;;;;;;;;;;;;;;;;;;;;;;;;;;;;;;;;;;;;;;;;;;;;;;;;;;;;;;;;;;;;;;;;;;;;
25/02/2026;ECUADOR - IMPORT;FLORASINTESIS FRAGANCIAS Y AROMAS CIA. LTDA;ECUADOR;ERNESTO VENTOS;INDONESIA;3301299090 - ESSENTIAL OILS (TERPENELESS OR NOT), INCLUDING CONCRETE(..) ESSENTIAL OILS OTHER THAN THOSE OF CITRUS FRUIT:OTHER OTHER: OTHER;PATCHOULY DECOLORIZED;50,00;KILOGRAMS;4.081,91;IMPORT;AIR;DECLARATIONS;ERNESTO VENTOS S.A;;;;;;;;;;;;;;;;;;;;;;;;;;;;;;;;;;;;;;;;;;;;;;;;;;;;;;;;;;;;;;;;;;;;;;;;;;;;;;;;;;;;;;;;;;;;;;;;;;;;;;;;;;;;;;;;;;;;;;;;;;;;;;;;;;;;;;;;;;;;;;;;;;;;;;;;;;;;;;;;;;;;;;;;;;;;;;;;;;;;;;;;;;;;;;;;;;;;;;;;;;;;;;;;;;;;;;;;;;;;;;;;;;;;;;;;;;;;;;;;;;
25/02/2026;ECUADOR - IMPORT;FLORASINTESIS FRAGANCIAS Y AROMAS CIA. LTDA;ECUADOR;ERNESTO VENTOS;CHINA;"2915299000 - SATURATED ACYCLIC MONOCARBOXYLIC ACIDS AND THEIR ANHYDRIDES, HALID(..) ACETIC ACID AND ITS SALTS; ACETIC ANHYDRIDE:OTHER OTHER";CONIFERAN;10,00;KILOGRAMS;425,44;IMPORT;AIR;DECLARATIONS;ERNESTO VENTOS S.A;;;;;;;;;;;;;;;;;;;;;;;;;;;;;;;;;;;;;;;;;;;;;;;;;;;;;;;;;;;;;;;;;;;;;;;;;;;;;;;;;;;;;;;;;;;;;;;;;;;;;;;;;;;;;;;;;;;;;;;;;;;;;;;;;;;;;;;;;;;;;;;;;;;;;;;;;;;;;;;;;;;;;;;;;;;;;;;;;;;;;;;;;;;;;;;;;;;;;;;;;;;;;;;;;;;;;;;;;;;;;;;;;;;;;;;;;;;;;;;;;;
25/02/2026;ECUADOR - IMPORT;FLORASINTESIS FRAGANCIAS Y AROMAS CIA. LTDA;ECUADOR;ERNESTO VENTOS;CHINA;2906290000 - CYCLIC ALCOHOLS AND THEIR HALOGENATED, SULPHONATED, NITRATED OR NITROSATED DERIVATIVES. AROMATIC:OTHER;CEDROL SPECIAL LIQUID 60;5,00;KILOGRAMS;247,21;IMPORT;AIR;DECLARATIONS;ERNESTO VENTOS S.A;;;;;;;;;;;;;;;;;;;;;;;;;;;;;;;;;;;;;;;;;;;;;;;;;;;;;;;;;;;;;;;;;;;;;;;;;;;;;;;;;;;;;;;;;;;;;;;;;;;;;;;;;;;;;;;;;;;;;;;;;;;;;;;;;;;;;;;;;;;;;;;;;;;;;;;;;;;;;;;;;;;;;;;;;;;;;;;;;;;;;;;;;;;;;;;;;;;;;;;;;;;;;;;;;;;;;;;;;;;;;;;;;;;;;;;;;;;;;;;;;;
25/02/2026;ECUADOR - IMPORT;FLORASINTESIS FRAGANCIAS Y AROMAS CIA. LTDA;ECUADOR;ERNESTO VENTOS;CHINA;2933999090 - HETEROCYCLIC COMPOUNDS WITH NITROGEN HETERO-ATOM(S) ONLY. OTHER:OTHER OTHER: OTHER;2ETHYL3 5 6 DIMETHYLPYRAZINE;2,00;KILOGRAMS;512,83;IMPORT;AIR;DECLARATIONS;ERNESTO VENTOS S.A;;;;;;;;;;;;;;;;;;;;;;;;;;;;;;;;;;;;;;;;;;;;;;;;;;;;;;;;;;;;;;;;;;;;;;;;;;;;;;;;;;;;;;;;;;;;;;;;;;;;;;;;;;;;;;;;;;;;;;;;;;;;;;;;;;;;;;;;;;;;;;;;;;;;;;;;;;;;;;;;;;;;;;;;;;;;;;;;;;;;;;;;;;;;;;;;;;;;;;;;;;;;;;;;;;;;;;;;;;;;;;;;;;;;;;;;;;;;;;;;;;
25/02/2026;ECUADOR - IMPORT;FLORASINTESIS FRAGANCIAS Y AROMAS CIA. LTDA;ECUADOR;ERNESTO VENTOS;CHINA;2933999090 - HETEROCYCLIC COMPOUNDS WITH NITROGEN HETERO-ATOM(S) ONLY. OTHER:OTHER OTHER: OTHER;2 ISO BUTYL 3 METHOXY P;0,10;KILOGRAMS;251,25;IMPORT;AIR;DECLARATIONS;ERNESTO VENTOS S.A;;;;;;;;;;;;;;;;;;;;;;;;;;;;;;;;;;;;;;;;;;;;;;;;;;;;;;;;;;;;;;;;;;;;;;;;;;;;;;;;;;;;;;;;;;;;;;;;;;;;;;;;;;;;;;;;;;;;;;;;;;;;;;;;;;;;;;;;;;;;;;;;;;;;;;;;;;;;;;;;;;;;;;;;;;;;;;;;;;;;;;;;;;;;;;;;;;;;;;;;;;;;;;;;;;;;;;;;;;;;;;;;;;;;;;;;;;;;;;;;;;
25/02/2026;ECUADOR - IMPORT;FLORASINTESIS FRAGANCIAS Y AROMAS CIA. LTDA;ECUADOR;ERNESTO VENTOS;NOT AVAILABLE;2914190000 - KETONES AND QUINONES, WHETHER OR NOT WITH OTHER OXYGEN FUNCTION, AND (..) ACYCLIC KETONES WITHOUT OTHER OXYGEN FUNCTION:OTHER;KOAVONE;5,00;KILOGRAMS;224,22;IMPORT;AIR;DECLARATIONS;ERNESTO VENTOS S.A;;;;;;;;;;;;;;;;;;;;;;;;;;;;;;;;;;;;;;;;;;;;;;;;;;;;;;;;;;;;;;;;;;;;;;;;;;;;;;;;;;;;;;;;;;;;;;;;;;;;;;;;;;;;;;;;;;;;;;;;;;;;;;;;;;;;;;;;;;;;;;;;;;;;;;;;;;;;;;;;;;;;;;;;;;;;;;;;;;;;;;;;;;;;;;;;;;;;;;;;;;;;;;;;;;;;;;;;;;;;;;;;;;;;;;;;;;;;;;;;;;
25/02/2026;ECUADOR - IMPORT;FLORASINTESIS FRAGANCIAS Y AROMAS CIA. LTDA;ECUADOR;ERNESTO VENTOS;CHINA;3301299010 - ESSENTIAL OILS (TERPENELESS OR NOT), INCLUDING CO(..) ESSENTIAL OILS OTHER THAN THOSE OF CITRUS FRUIT:OTHER OTHER: OF GERANIUM;GERANIUM OIL CHINA;2,00;KILOGRAMS;496,72;IMPORT;AIR;DECLARATIONS;ERNESTO VENTOS S.A;;;;;;;;;;;;;;;;;;;;;;;;;;;;;;;;;;;;;;;;;;;;;;;;;;;;;;;;;;;;;;;;;;;;;;;;;;;;;;;;;;;;;;;;;;;;;;;;;;;;;;;;;;;;;;;;;;;;;;;;;;;;;;;;;;;;;;;;;;;;;;;;;;;;;;;;;;;;;;;;;;;;;;;;;;;;;;;;;;;;;;;;;;;;;;;;;;;;;;;;;;;;;;;;;;;;;;;;;;;;;;;;;;;;;;;;;;;;;;;;;;
25/02/2026;ECUADOR - IMPORT;FLORASINTESIS FRAGANCIAS Y AROMAS CIA. LTDA;ECUADOR;ERNESTO VENTOS;CHINA;2906190000 - CYCLIC ALCOHOLS AND THEIR HALOGENATED, SULPHONATED, NITRATED OR NITROSATED DERI(..) CYCLANIC, CYCLENIC OR CYCLOTERPENIC:OTHER;CORANOL;5,00;KILOGRAMS;339,19;IMPORT;AIR;DECLARATIONS;ERNESTO VENTOS S.A;;;;;;;;;;;;;;;;;;;;;;;;;;;;;;;;;;;;;;;;;;;;;;;;;;;;;;;;;;;;;;;;;;;;;;;;;;;;;;;;;;;;;;;;;;;;;;;;;;;;;;;;;;;;;;;;;;;;;;;;;;;;;;;;;;;;;;;;;;;;;;;;;;;;;;;;;;;;;;;;;;;;;;;;;;;;;;;;;;;;;;;;;;;;;;;;;;;;;;;;;;;;;;;;;;;;;;;;;;;;;;;;;;;;;;;;;;;;;;;;;;
25/02/2026;ECUADOR - IMPORT;FLORASINTESIS FRAGANCIAS Y AROMAS CIA. LTDA;ECUADOR;ERNESTO VENTOS;SPAIN;"2912199000 - ALDEHYDES, WHETHER OR NOT WITH OTHER OXYGEN FUNCTION; CYCLIC P(..) ACYCLIC ALDEHYDES WITHOUT OTHER OXYGEN FUNCTION:OTHER OTHER";FLORAL SUPER;5,00;KILOGRAMS;2.845,85;IMPORT;AIR;DECLARATIONS;ERNESTO VENTOS S.A;;;;;;;;;;;;;;;;;;;;;;;;;;;;;;;;;;;;;;;;;;;;;;;;;;;;;;;;;;;;;;;;;;;;;;;;;;;;;;;;;;;;;;;;;;;;;;;;;;;;;;;;;;;;;;;;;;;;;;;;;;;;;;;;;;;;;;;;;;;;;;;;;;;;;;;;;;;;;;;;;;;;;;;;;;;;;;;;;;;;;;;;;;;;;;;;;;;;;;;;;;;;;;;;;;;;;;;;;;;;;;;;;;;;;;;;;;;;;;;;;;
25/02/2026;ECUADOR - IMPORT;FLORASINTESIS FRAGANCIAS Y AROMAS CIA. LTDA;ECUADOR;ERNESTO VENTOS;CHINA;2914390000 - KETONES AND QUINONES, WHETHER OR NOT WITH OTHER OXYGEN FUNCTION, AND(..) AROMATIC KETONES WITHOUT OTHER OXYGEN FUNCTION:OTHER;KOHINOOL AMBER CARBINOL;5,00;KILOGRAMS;488,68;IMPORT;AIR;DECLARATIONS;ERNESTO VENTOS S.A;;;;;;;;;;;;;;;;;;;;;;;;;;;;;;;;;;;;;;;;;;;;;;;;;;;;;;;;;;;;;;;;;;;;;;;;;;;;;;;;;;;;;;;;;;;;;;;;;;;;;;;;;;;;;;;;;;;;;;;;;;;;;;;;;;;;;;;;;;;;;;;;;;;;;;;;;;;;;;;;;;;;;;;;;;;;;;;;;;;;;;;;;;;;;;;;;;;;;;;;;;;;;;;;;;;;;;;;;;;;;;;;;;;;;;;;;;;;;;;;;;
25/02/2026;ECUADOR - IMPORT;FLORASINTESIS FRAGANCIAS Y AROMAS CIA. LTDA;ECUADOR;ERNESTO VENTOS;MEXICO;2914230000 - KETONES AND QUINONES,(..) CYCLANIC, CYCLENIC OR CYCLOTERPENIC KETONES WITHOUT OTHER OXYGEN FUNCTION:IONONES AND METHYLIONONES;ALPHA IRONE;1,00;KILOGRAMS;2.472,14;IMPORT;AIR;DECLARATIONS;ERNESTO VENTOS S.A;;;;;;;;;;;;;;;;;;;;;;;;;;;;;;;;;;;;;;;;;;;;;;;;;;;;;;;;;;;;;;;;;;;;;;;;;;;;;;;;;;;;;;;;;;;;;;;;;;;;;;;;;;;;;;;;;;;;;;;;;;;;;;;;;;;;;;;;;;;;;;;;;;;;;;;;;;;;;;;;;;;;;;;;;;;;;;;;;;;;;;;;;;;;;;;;;;;;;;;;;;;;;;;;;;;;;;;;;;;;;;;;;;;;;;;;;;;;;;;;;;
25/02/2026;ECUADOR - IMPORT;FLORASINTESIS FRAGANCIAS Y AROMAS CIA. LTDA;ECUADOR;ERNESTO VENTOS;CHINA;2930909200 - ORGANO-SULPHUR COMPOUNDS. OTHER OTHER: SALTS, ESTERS AND DERIVATIVES OF METHIONINE;ALLYL DISULFIDE;1,00;KILOGRAMS;160,97;IMPORT;AIR;DECLARATIONS;ERNESTO VENTOS S.A;;;;;;;;;;;;;;;;;;;;;;;;;;;;;;;;;;;;;;;;;;;;;;;;;;;;;;;;;;;;;;;;;;;;;;;;;;;;;;;;;;;;;;;;;;;;;;;;;;;;;;;;;;;;;;;;;;;;;;;;;;;;;;;;;;;;;;;;;;;;;;;;;;;;;;;;;;;;;;;;;;;;;;;;;;;;;;;;;;;;;;;;;;;;;;;;;;;;;;;;;;;;;;;;;;;;;;;;;;;;;;;;;;;;;;;;;;;;;;;;;;
24/02/2026;PAKISTAN - IMPORT;INTERNATIONAL FRAGRANCE FACTORY;PAKISTAN;ERNESTO VENTOS S.A;SPAIN;33029090 - MIXTURES OF ODORIFEROUS SUBSTANCES AND MIXTURES (INCLUDING ALCOHOLIC SOLUTIONS) WITH A BASIS OF ONE OR (..) OTHER OTHER: OTHER;(MIXTURE OF ODORIFEROUS)CONSISTING OF BASE. NO.PYR117 OXN113 ETD108 MBA111 FUR116PRN106 ETF118 SUD102 XTR103 MCG105 CLG104 AND ETC ...QTY:315.75 KGS NET WEIGHT;315,75;KILOGRAMS;6.066,25;IMPORT;NOT DECLARED;DECLARATIONS;ERNESTO VENTOS S.A;;;;;;;;;;;;;;;;;;;;;;;;;;;;;;;;;;;;;;;;;;;;;;;;;;;;;;;;;;;;;;;;;;;;;;;;;;;;;;;;;;;;;;;;;;;;;;;;;;;;;;;;;;;;;;;;;;;;;;;;;;;;;;;;;;;;;;;;;;;;;;;;;;;;;;;;;;;;;;;;;;;;;;;;;;;;;;;;;;;;;;;;;;;;;;;;;;;;;;;;;;;;;;;;;;;;;;;;;;;;;;;;;;;;;;;;;;;;;;;;;;
24/02/2026;KAZAKHSTAN - IMPORT;LLC RAFF KOZMETIK;KAZAKHSTAN;ERNESTO VENTOS SA;SPAIN;2914390000 - KETONES AND QUINONES, WHETHER OR NOT WITH OTHER OXYGEN FUNCTION, AND(..) AROMATIC KETONES WITHOUT OTHER OXYGEN FUNCTION:OTHER;1. ??????????? ??? ???????????? ????? BENZOPHENONE,;1,62;KILOGRAMS;8,00;IMPORT;NOT CLASSIFIED;DECLARATIONS;ERNESTO VENTOS SA;;;;;;;;;;;;;;;;;;;;;;;;;;;;;;;;;;;;;;;;;;;;;;;;;;;;;;;;;;;;;;;;;;;;;;;;;;;;;;;;;;;;;;;;;;;;;;;;;;;;;;;;;;;;;;;;;;;;;;;;;;;;;;;;;;;;;;;;;;;;;;;;;;;;;;;;;;;;;;;;;;;;;;;;;;;;;;;;;;;;;;;;;;;;;;;;;;;;;;;;;;;;;;;;;;;;;;;;;;;;;;;;;;;;;;;;;;;;;;;;;;
23/02/2026;INDIA - DECLARATIONS EXPORTS;ERNESTO VENTOS;SPAIN;VENTOS INDIA PRIVATE LIMITED;INDIA;29224990 - OXYGEN-FUNCTION AMIN(..) AMINO-ACIDS, OTHER THAN THOSE CONTAINING MORE THAN ONE KIND OF OXYGEN FUNCTION, AND THEIR ESTER(..) OTHER;METHYL ANTHRANILATE;8.000,00;KILOGRAMS;30.755,39;EXPORT;MARITIME;DECLARATIONS;VENTOS INDIA PRIVATE LIMITED;;;;;;;;;;;;;;;;;;;;;;;;;;;;;;;;;;;;;;;;;;;;;;;;;;;;;;;;;;;;;;;;;;;;;;;;;;;;;;;;;;;;;;;;;;;;;;;;;;;;;;;;;;;;;;;;;;;;;;;;;;;;;;;;;;;;;;;;;;;;;;;;;;;;;;;;;;;;;;;;;;;;;;;;;;;;;;;;;;;;;;;;;;;;;;;;;;;;;;;;;;;;;;;;;;;;;;;;;;;;;;;;;;;;;;;;;;;;;;;;;;
23/02/2026;INDIA - DECLARATIONS EXPORTS;ERNESTO VENTOS;SPAIN;PRIVI SPECIALITY CHEMICALS LIMITED;INDIA;29153960 - SATURATED ACYCLIC MONOCARBOXYLIC ACIDS AND THEIR ANHYDRIDES, HALIDES, PEROXID(..) ESTERS OF ACETIC ACID:OTHER TERPINYL ACETATE;AROMA CHEMICALS TERPINYL ACETATE;14.400,00;KILOGRAMS;87.998,55;EXPORT;MARITIME;DECLARATIONS;PRIVI SPECIALITY CHEMICALS LIMITED;;;;;;;;;;;;;;;;;;;;;;;;;;;;;;;;;;;;;;;;;;;;;;;;;;;;;;;;;;;;;;;;;;;;;;;;;;;;;;;;;;;;;;;;;;;;;;;;;;;;;;;;;;;;;;;;;;;;;;;;;;;;;;;;;;;;;;;;;;;;;;;;;;;;;;;;;;;;;;;;;;;;;;;;;;;;;;;;;;;;;;;;;;;;;;;;;;;;;;;;;;;;;;;;;;;;;;;;;;;;;;;;;;;;;;;;;;;;;;;;;;
23/02/2026;INDIA - DECLARATIONS EXPORTS;ERNESTO VENTOS;SPAIN;VENTOS INDIA PRIVATE LIMITED;INDIA;29224990 - OXYGEN-FUNCTION AMIN(..) AMINO-ACIDS, OTHER THAN THOSE CONTAINING MORE THAN ONE KIND OF OXYGEN FUNCTION, AND THEIR ESTER(..) OTHER;METHYL ANTHRANILATE;8.000,00;KILOGRAMS;30.755,39;EXPORT;MARITIME;DECLARATIONS;VENTOS INDIA PRIVATE LIMITED;;;;;;;;;;;;;;;;;;;;;;;;;;;;;;;;;;;;;;;;;;;;;;;;;;;;;;;;;;;;;;;;;;;;;;;;;;;;;;;;;;;;;;;;;;;;;;;;;;;;;;;;;;;;;;;;;;;;;;;;;;;;;;;;;;;;;;;;;;;;;;;;;;;;;;;;;;;;;;;;;;;;;;;;;;;;;;;;;;;;;;;;;;;;;;;;;;;;;;;;;;;;;;;;;;;;;;;;;;;;;;;;;;;;;;;;;;;;;;;;;;
21/02/2026;ECUADOR - IMPORT;FLORASINTESIS FRAGANCIAS Y AROMAS CIA. LTDA;ECUADOR;ERNESTO VENTOS DHL EXPRESS MIA;SPAIN;9807204000 -   SAMPLES WITHOUT COMMERCIAL VALUE;MUESTRAS DE MATERIA PRIMA;0,50;KILOGRAMS;4,30;IMPORT;AIR;DECLARATIONS;ERNESTO VENTOS S.A.-DHL EXPRESS USA (MIA);;;;;;;;;;;;;;;;;;;;;;;;;;;;;;;;;;;;;;;;;;;;;;;;;;;;;;;;;;;;;;;;;;;;;;;;;;;;;;;;;;;;;;;;;;;;;;;;;;;;;;;;;;;;;;;;;;;;;;;;;;;;;;;;;;;;;;;;;;;;;;;;;;;;;;;;;;;;;;;;;;;;;;;;;;;;;;;;;;;;;;;;;;;;;;;;;;;;;;;;;;;;;;;;;;;;;;;;;;;;;;;;;;;;;;;;;;;;;;;;;;
20/02/2026;INDIA - DECLARATIONS IMPORTS;VENTOS INDIA PRIVATE LIMITED;INDIA;ERNESTO VENTOS;SPAIN;29061910 - CYCLIC ALCOHOLS AND THEIR HALOGENATED, SULPHONATED, NITRATED OR NITROSAT(..) CYCLANIC, CYCLENIC OR CYCLOTERPENIC:OTHER BORNEOL;BORNEOL 100% (FOR MANUFACTURING FRAGRANCE COMPOUNDS) BORNEOL 100% BORNEOL 100% (FOR MANUFACTURING FRAGRANCE COMPO;50,00;KILOGRAMS;3.821,47;IMPORT;AIR;DECLARATIONS;ERNESTO VENTOS, S.A.;;;;;;;;;;;;;;;;;;;;;;;;;;;;;;;;;;;;;;;;;;;;;;;;;;;;;;;;;;;;;;;;;;;;;;;;;;;;;;;;;;;;;;;;;;;;;;;;;;;;;;;;;;;;;;;;;;;;;;;;;;;;;;;;;;;;;;;;;;;;;;;;;;;;;;;;;;;;;;;;;;;;;;;;;;;;;;;;;;;;;;;;;;;;;;;;;;;;;;;;;;;;;;;;;;;;;;;;;;;;;;;;;;;;;;;;;;;;;;;;;;
20/02/2026;INDIA - DECLARATIONS IMPORTS;VENTOS INDIA PRIVATE LIMITED;INDIA;ERNESTO VENTOS;FRANCE;33029090 - MIXTURES OF ODORIFEROUS SUBSTANCES AND MIXTURES (INCLUDING ALCOHOLIC SOLUTIONS) WITH A BASIS OF ONE OR MORE OF(..) OTHER OTHER;ANIMALIS 1745-3 SYNAROME (FOR MANUFACTURING FRAGRANCE COMPOUNDS)ANIMALIS 1745-3 SYNAROME (FOR MANUFACTURING FRAGRANCE COMPOU;5,00;KILOGRAMS;568,71;IMPORT;AIR;DECLARATIONS;ERNESTO VENTOS, S.A.;;;;;;;;;;;;;;;;;;;;;;;;;;;;;;;;;;;;;;;;;;;;;;;;;;;;;;;;;;;;;;;;;;;;;;;;;;;;;;;;;;;;;;;;;;;;;;;;;;;;;;;;;;;;;;;;;;;;;;;;;;;;;;;;;;;;;;;;;;;;;;;;;;;;;;;;;;;;;;;;;;;;;;;;;;;;;;;;;;;;;;;;;;;;;;;;;;;;;;;;;;;;;;;;;;;;;;;;;;;;;;;;;;;;;;;;;;;;;;;;;;
20/02/2026;INDIA - DECLARATIONS IMPORTS;VENTOS INDIA PRIVATE LIMITED;INDIA;ERNESTO VENTOS;FRANCE;33029090 - MIXTURES OF ODORIFEROUS SUBSTANCES AND MIXTURES (INCLUDING ALCOHOLIC SOLUTIONS) WITH A BASIS OF ONE OR MORE OF(..) OTHER OTHER;ANIMALIS 1745-3 SYNAROME (FOR MANUFACTURING FRAGRANCE COMPOUNDS)ANIMALIS 1745-3 SYNAROME (FOR MANUFACTURING FRAGRANCE COMPOU;20,00;KILOGRAMS;2.274,83;IMPORT;AIR;DECLARATIONS;ERNESTO VENTOS, S.A.;;;;;;;;;;;;;;;;;;;;;;;;;;;;;;;;;;;;;;;;;;;;;;;;;;;;;;;;;;;;;;;;;;;;;;;;;;;;;;;;;;;;;;;;;;;;;;;;;;;;;;;;;;;;;;;;;;;;;;;;;;;;;;;;;;;;;;;;;;;;;;;;;;;;;;;;;;;;;;;;;;;;;;;;;;;;;;;;;;;;;;;;;;;;;;;;;;;;;;;;;;;;;;;;;;;;;;;;;;;;;;;;;;;;;;;;;;;;;;;;;;
20/02/2026;INDIA - DECLARATIONS IMPORTS;VENTOS INDIA PRIVATE LIMITED;INDIA;ERNESTO VENTOS;CHINA;29061990 - CYCLIC ALCOHOLS AND THEIR HALOGENATED, SULPHONATED, NITRATED OR NITROSATED(..) CYCLANIC, CYCLENIC OR CYCLOTERPENIC:OTHER OTHER;SCLAREOL NATURAL (FOR MANUFACTURING FRAGRANCE COMPOUNDS) SCLAREOL NATURAL (FOR MANUFACTURING FRAGRANCE COMPOUNDS);0,23;KILOGRAMS;134,26;IMPORT;AIR;DECLARATIONS;ERNESTO VENTOS, S.A.;;;;;;;;;;;;;;;;;;;;;;;;;;;;;;;;;;;;;;;;;;;;;;;;;;;;;;;;;;;;;;;;;;;;;;;;;;;;;;;;;;;;;;;;;;;;;;;;;;;;;;;;;;;;;;;;;;;;;;;;;;;;;;;;;;;;;;;;;;;;;;;;;;;;;;;;;;;;;;;;;;;;;;;;;;;;;;;;;;;;;;;;;;;;;;;;;;;;;;;;;;;;;;;;;;;;;;;;;;;;;;;;;;;;;;;;;;;;;;;;;;
20/02/2026;COLOMBIA - IMPORT;VENTOS COLOMBIA S.A.S.;COLOMBIA;ERNESTO VENTOS;SPAIN;8413200000 - PUMPS FOR LIQUIDS, WHETHER OR NOT FITTED WITH A MEASURING D(..) HAND PUMPS, OTHER THAN THOSE OF SUBHEADING 8413.11 OR 8413.19;DO: 02260092, PEDIDO EMB 84, DECLARACION 52 DE 52, // FACTURA: P30251, FECHA: 13-01-2026, NO REQUIERE REGISTRO DE IMPORTACION, NOS ACOGEMOS AL DECRETO 0925/2013, NOS ACOGEMOS AL DECRETO 272 DE 2018 GRAVAMEN 0% MERCANCIA NUEVA. PRODUCTO: BOMBAS DE REENVASE GRANDES, MARCA: TP /MIYAHE, MODELO: NO TIENE, REFERENCIA: SIN FERENCIA, SERIAL: NO TIENE, USO O DESTINO: INDUSTRIAL PARA REENVASE MANUAL DE PRODUCTOS QUIMICOS, TIPO DE BOMBA: MANUAL, DISPOSITIVO MEDIDOR: NO TIENE, L¿QUIDO A BOMBEAR: PRODUCTOS QUIMICOS, TIPO DE MOTOR: NO APLICA, POTENCIA DEL MOTOR: NO APLICA, MONOCELULAR O MULTICELULAR: NO APLICA POR NO SER UNA BOMBA CENTRIFUGA PAIS DE ORIGEN: ESPA¿A(245) 48 UNIDAD (ITEM7), PRODUCTO: BOMBAS DE REENVASE PEQUE¿AS, MARCA: TP /MIYAHE, MODELO: NO TIENE, REFERENCIA: SIN FERENCIA, SERIAL: NO TIENE, USO O DESTINO: INDUSTRIAL PARA REENVASE MANUAL DE PRODUCTOS QUIMICOS, TIPO DE BOMBA: MANUAL, DISPOSITIVO MEDIDOR: NO TIENE, L¿QUIDO A BOMBEAR: PRODUCTOS QUIMICOS, TIPO DE MOTOR: NO APLICA, POTENCIA DEL MOTOR: NOAPLICA, MONOCELULAR O MULTICELULAR: NO APLICA POR NO SER UNA BOMBA CENTRIFUGA PAIS DE ORIGEN: ESPA¿A(245) 288 UNIDAD (ITEM 8);8,18;KILOGRAMS;6.895,29;IMPORT;MARITIME;DECLARATIONS;ERNESTO VENTOS S.A.;;;;;;;;;;;;;;;;;;;;;;;;;;;;;;;;;;;;;;;;;;;;;;;;;;;;;;;;;;;;;;;;;;;;;;;;;;;;;;;;;;;;;;;;;;;;;;;;;;;;;;;;;;;;;;;;;;;;;;;;;;;;;;;;;;;;;;;;;;;;;;;;;;;;;;;;;;;;;;;;;;;;;;;;;;;;;;;;;;;;;;;;;;;;;;;;;;;;;;;;;;;;;;;;;;;;;;;;;;;;;;;;;;;;;;;;;;;;;;;;;;
20/02/2026;COLOMBIA - IMPORT;VENTOS COLOMBIA S.A.S.;COLOMBIA;ERNESTO VENTOS;SPAIN;8481809900 - TAPS, COCKS, VALVES AND SIMILAR APPLIANCES FOR PIPES, BOILER SHELLS, TANKS, VATS OR THE LIKE(..) OTHER APPLIANCES OTHER: OTHER;DO: 02260092, PEDIDO EMB 84, DECLARACION 51 DE 52, // FACTURA: P30251, FECHA: 13-01-2026, NO REQUIERE REGISTRO DE IMPORTACION, NOS ACOGEMOS AL DECRETO 0925/2013 NOS ACOGEMOS AL DECRETO 272 DE 2018 GRAVAMEN 0%, MERCANCIA NUEVA. PRODUCTO: GRIFOS AIX01, MARCA: PLASTIROB, MODELO: NO TIENE, REFERENCIA: SIN FERENCIA, SERIAL: NO TIENE, USO ODESTINO: INDUSTRIAL PARA EL LLENADO R¿PIDO Y F¿CIL DE BOTELLAS, INDUSTRIA QUIMICA, TIPO DE V¿LVULA: DE PASO SIMPLE O VALVULA DE ESPIGA, PRESI¿N DE TRABAJO (PSI): NO APLICA, SISTEMA DE ACCIONAMIENTO: MANUAL PAIS DE ORIGEN: ESPA¿A(245) 1,000 UNIDAD (ITEM 6);24,27;KILOGRAMS;1.043,33;IMPORT;MARITIME;DECLARATIONS;ERNESTO VENTOS S.A.;;;;;;;;;;;;;;;;;;;;;;;;;;;;;;;;;;;;;;;;;;;;;;;;;;;;;;;;;;;;;;;;;;;;;;;;;;;;;;;;;;;;;;;;;;;;;;;;;;;;;;;;;;;;;;;;;;;;;;;;;;;;;;;;;;;;;;;;;;;;;;;;;;;;;;;;;;;;;;;;;;;;;;;;;;;;;;;;;;;;;;;;;;;;;;;;;;;;;;;;;;;;;;;;;;;;;;;;;;;;;;;;;;;;;;;;;;;;;;;;;;
20/02/2026;COLOMBIA - IMPORT;VENTOS COLOMBIA S.A.S.;COLOMBIA;ERNESTO VENTOS;SPAIN;7612909000 - ALUMINIUM CASKS, DRUMS, CANS, BOXES AND SIMILAR CONTAINERS (INCLUDING RIGID OR COLLAPSIBLE TUBULAR CONTAINERS)(..) OTHER OTHER;DO: 02260092, PEDIDO EMB 84, DECLARACION 50 DE 52, // FACTURA: P30251, FECHA: 13-01-2026, NO REQUIERE REGISTRO DE IMPORTACION, NOS ACOGEMOS AL DECRETO 0925/2013 MERCANCIA NUEVA . PRODUCTO: BOTES ALUMINIO PARA MUESTRAS, MATERIA CONSTITUTIVA: 100% ALUMINIO, USO: PARA ENVASAR MUESTRAS DE PRODUCTOS QUIMICOS PARA LOS CLIENTES, MARCA: VENTOS, REFERENCIA: SIN FERENCIA PAIS DE ORIGEN: ESPA¿A(245) 1,000 UNIDAD (ITEM 5);24,27;KILOGRAMS;1.422,73;IMPORT;MARITIME;DECLARATIONS;ERNESTO VENTOS S.A.;;;;;;;;;;;;;;;;;;;;;;;;;;;;;;;;;;;;;;;;;;;;;;;;;;;;;;;;;;;;;;;;;;;;;;;;;;;;;;;;;;;;;;;;;;;;;;;;;;;;;;;;;;;;;;;;;;;;;;;;;;;;;;;;;;;;;;;;;;;;;;;;;;;;;;;;;;;;;;;;;;;;;;;;;;;;;;;;;;;;;;;;;;;;;;;;;;;;;;;;;;;;;;;;;;;;;;;;;;;;;;;;;;;;;;;;;;;;;;;;;;
20/02/2026;COLOMBIA - IMPORT;VENTOS COLOMBIA S.A.S.;COLOMBIA;ERNESTO VENTOS;SPAIN;3919100000 - SELF-ADHESIVE PLATES, SHEETS, FILM, FOIL, TAPE, STRIP AND OTHER FLAT SHAPES, OF P(..) IN ROLLS OF A WIDTH NOT EXCEEDING 20 CM;DO: 02260092, PEDIDO EMB 84, DECLARACION 49 DE 52, // FACTURA: P30251, FECHA: 13-01-2026, NO REQUIERE REGISTRO DE IMPORTACION, NOS ACOGEMOS AL DECRETO 0925/2013 MERCANCIA NUEVA. PRODUCTO: CINTA ADHESIVA CON LOGO DE VENTOS, COMPOSICI¿N: 100% POLIETILENO,PRESENTACI¿N: EN ROLLOS, DIMENSIONES EN LARGO, ANCHO Y/O ESPESOR, DEPENDIENDO DEL TIPO DE PRODUCTO): 48MM X 50METROS, CARACTER¿STICAS: AUTOADHESIVAS, CON LOGO DE VENTOS, USO: PARA SELLAR CAJAS DE CARTON, MARCA: VENTOS, REFERENCIA: SIN FERENCIA CATIDAD: 36 UNIDADES PAIS DE ORIGEN: ESPA¿A(245) 17.42 KILOGRAMO, CANT. 36 UNIDADES (ITEM 4);17,42;KILOGRAMS;209,55;IMPORT;MARITIME;DECLARATIONS;ERNESTO VENTOS S.A.;;;;;;;;;;;;;;;;;;;;;;;;;;;;;;;;;;;;;;;;;;;;;;;;;;;;;;;;;;;;;;;;;;;;;;;;;;;;;;;;;;;;;;;;;;;;;;;;;;;;;;;;;;;;;;;;;;;;;;;;;;;;;;;;;;;;;;;;;;;;;;;;;;;;;;;;;;;;;;;;;;;;;;;;;;;;;;;;;;;;;;;;;;;;;;;;;;;;;;;;;;;;;;;;;;;;;;;;;;;;;;;;;;;;;;;;;;;;;;;;;;
20/02/2026;COLOMBIA - IMPORT;VENTOS COLOMBIA S.A.S.;COLOMBIA;ERNESTO VENTOS;SPAIN;4819400000 - CARTONS, BOXES, CASES, BAGS AND OTHER PACKING CONTAINERS, OF PAPER, PAPERBOARD, CEL(..) OTHER SACKS AND BAGS, INCLUDING CONES;DO: 02260092, PEDIDO EMB 84, DECLARACION 48 DE 52, // FACTURA: P30251, FECHA: 13-01-2026, NO REQUIERE REGISTRO DE IMPORTACION, NOS ACOGEMOS AL DECRETO 0925/2013 MERCANCIA NUEVA. PRODUCTO: BOLSAS DE MUESTRAS (800 UNIDADES), COMPOSICI¿N: PAPEL, MARCA: VENTOS, REFERENCIA: SIN FERENCIA PAIS DE ORIGEN: ESPA¿A(245) 800 UNIDAD (ITEM 3);2,88;KILOGRAMS;426,83;IMPORT;MARITIME;DECLARATIONS;ERNESTO VENTOS S.A.;;;;;;;;;;;;;;;;;;;;;;;;;;;;;;;;;;;;;;;;;;;;;;;;;;;;;;;;;;;;;;;;;;;;;;;;;;;;;;;;;;;;;;;;;;;;;;;;;;;;;;;;;;;;;;;;;;;;;;;;;;;;;;;;;;;;;;;;;;;;;;;;;;;;;;;;;;;;;;;;;;;;;;;;;;;;;;;;;;;;;;;;;;;;;;;;;;;;;;;;;;;;;;;;;;;;;;;;;;;;;;;;;;;;;;;;;;;;;;;;;;
20/02/2026;COLOMBIA - IMPORT;VENTOS COLOMBIA S.A.S.;COLOMBIA;ERNESTO VENTOS;SPAIN;8309900000 - STOPPERS, CAPS AND LIDS (INCLUDING CROWN CORKS, SCREW CAPS AND POURING STOPPERS), CAPSULES FOR BOTTLES, THREADED BU(..) OTHER;DO: 02260092, PEDIDO EMB 84, DECLARACION 47 DE 52, // FACTURA: P30251, FECHA: 13-01-2026 NO REQUIERE REGISTRO DE IMPORTACION, NOS ACOGEMOS AL DECRETO 0925/2013 MERCANCIA NUEVA. PRODUCTO: CAPSULAS METALICAS CON LOGO DE VENTOS 2, USO: PARA TAPAR CANECAS DE PRODUCTOS QUIMICOS, MARCA: VENTOS, REFERENCIA: SIN FERENCIA,PAIS DE ORIGEN: ESPA¿A(245) 36.41 KILOGRAMO . 1500 UNIDADES. (ITEM 1), PRODUCTO: CAPSULAS METALICAS CON LOGO VENTOS 3/4, USO: PARA EL CIERRE DE FRASCOS, MARCA: VENTOS, REFERENCIA: SIN FERENCIA . PAIS DE ORIGEN: ESPA¿A(245) 60.69 KILOGRAMO, 2500 UNIDADES (ITEM 2);97,10;KILOGRAMS;734,96;IMPORT;MARITIME;DECLARATIONS;ERNESTO VENTOS S.A.;;;;;;;;;;;;;;;;;;;;;;;;;;;;;;;;;;;;;;;;;;;;;;;;;;;;;;;;;;;;;;;;;;;;;;;;;;;;;;;;;;;;;;;;;;;;;;;;;;;;;;;;;;;;;;;;;;;;;;;;;;;;;;;;;;;;;;;;;;;;;;;;;;;;;;;;;;;;;;;;;;;;;;;;;;;;;;;;;;;;;;;;;;;;;;;;;;;;;;;;;;;;;;;;;;;;;;;;;;;;;;;;;;;;;;;;;;;;;;;;;;
20/02/2026;COLOMBIA - IMPORT;VENTOS COLOMBIA S.A.S.;COLOMBIA;ERNESTO VENTOS;CHINA;2914190000 - KETONES AND QUINONES, WHETHER OR NOT WITH OTHER OXYGEN FUNCTION, AND (..) ACYCLIC KETONES WITHOUT OTHER OXYGEN FUNCTION:OTHER;DO: 02260092, PEDIDO EMB 84, DECLARACION 46 DE 52, // FACTURA: P30247, FECHA: 13-01-2026 NO REQUIERE REGISTRO DE IMPORTACION, NOS ACOGEMOS AL DECRETO 0925/2013, NOS ACOGEMOS AL DECRETO 272 DE 2018 GRAVAMEN 0%, MERCANCIA NUEVA. PRODUCTO: METIL TRIDECIL CETONA, NOMBRE COMERCIAL: 2-PENTADECANONE BESTALLY, NO. CAS (N¿MERO DE REGISTRO DEL CHEMICAL ABSTRACTS SERVICE): 2345-28-0, CALIDAD: FD&C AL 100%, ASPECTO F¿SICO: MASA PASTOSA / SOLIDO CRISTALINO, CONCENTRACI¿N: AL 100%, TIPO DE EMPAQUE: 1 BIDON DE 1KG., USO: MATERIA PRIMA USADA EN LA FABRICACION DE FRAGANCIAS PARA AROMATIZAR JABONERIA, DESODORANTES, AMBIENTADORES Y PRODUCTOS DE ASEO DOMESTICO. SECTOR AL CUAL VA DIRIGIDO: INDUSTRIA INTERMEDIA DE FRAGANCIAS, MARCA: VENTOS LOTE: L4679940. PAIS DE ORIGEN: CHINA(215) 1 KILOGRAMO (ITEM 76);1,01;KILOGRAMS;252,86;IMPORT;MARITIME;DECLARATIONS;ERNESTO VENTOS S.A.;;;;;;;;;;;;;;;;;;;;;;;;;;;;;;;;;;;;;;;;;;;;;;;;;;;;;;;;;;;;;;;;;;;;;;;;;;;;;;;;;;;;;;;;;;;;;;;;;;;;;;;;;;;;;;;;;;;;;;;;;;;;;;;;;;;;;;;;;;;;;;;;;;;;;;;;;;;;;;;;;;;;;;;;;;;;;;;;;;;;;;;;;;;;;;;;;;;;;;;;;;;;;;;;;;;;;;;;;;;;;;;;;;;;;;;;;;;;;;;;;;
20/02/2026;COLOMBIA - IMPORT;VENTOS COLOMBIA S.A.S.;COLOMBIA;ERNESTO VENTOS;SPAIN;3302900000 - MIXTURES OF ODORIFEROUS SUBSTANCES AND MIXTURES (INCLUDING ALCOHOLIC SOLUTIONS) WITH A BASIS OF ONE OR MORE OF THES(..) OTHER;DO: 02260092, PEDIDO EMB 84, DECLARACION 45 DE 52, // FACTURA: P30247, FECHA: 13-01-2026 NOS ACOGEMOS AL DECRETO 2247 DE 2014 ACUERDO CON LA UNION EUROPEA, NOTA DE ORIGEN EN FACTURA COMERCIAL NO. DE AUTORIZACION ESEAOR19000171, REG-50022049-20260204N FECHA DE 04-02-2026, VINVIMA-26-0015876 FECHA DE 04-02-2026. MERCANCIA NUEVA, PRODUCTO: SANDELA, COMPOSICI¿N: (5,5,6-TRIMETILBICICLO(2.2.1)HEPT-2-IL)CICLOHEXAN-1-OL, ORIGEN: ARTIFICIAL, ASPECTO F¿SICO: LIQUIDO VISCOSO TRANPARENTE, FORMA DE PRESENTACI¿N YEMPAQUE: 2 TAMBORES DE 200KG. CADA UNO, USO: MATERIA PRIMA USADA EN LA FABRICACION DE FRAGANCIAS PARA AROMATIZAR JABONERIA, DESODORANTES, AMBIENTADORES Y PRODUCTOS DE ASEO DOMESTICO. SECTOR AL CUAL VA DIRIGIDO: INDUSTRIA INTERMEDIA DE FRAGANCIAS, MARCA: VENTOS, REFERENCIA: SIN FERENCIA LOTE: L4687341. MERCANCIA PELIGROSA UN3082 9 III PAIS DE ORIGEN: ESPA¿A(245) 400 KILOGRAMO (ITEM 74);400,00;KILOGRAMS;4.253,84;IMPORT;MARITIME;DECLARATIONS;ERNESTO VENTOS S.A.;;;;;;;;;;;;;;;;;;;;;;;;;;;;;;;;;;;;;;;;;;;;;;;;;;;;;;;;;;;;;;;;;;;;;;;;;;;;;;;;;;;;;;;;;;;;;;;;;;;;;;;;;;;;;;;;;;;;;;;;;;;;;;;;;;;;;;;;;;;;;;;;;;;;;;;;;;;;;;;;;;;;;;;;;;;;;;;;;;;;;;;;;;;;;;;;;;;;;;;;;;;;;;;;;;;;;;;;;;;;;;;;;;;;;;;;;;;;;;;;;;
20/02/2026;COLOMBIA - IMPORT;VENTOS COLOMBIA S.A.S.;COLOMBIA;ERNESTO VENTOS;SPAIN;2901290000 - ACYCLIC HYDROCARBONS. UNSATURATED:OTHER;DO: 02260092, PEDIDO EMB 84, DECLARACION 44 DE 52, // FACTURA: P30247, FECHA: 13-01-2026, NOS ACOGEMOS AL DECRETO 2247 DE 2014 ACUERDO CON LA UNION EUROPEA, NOTA DE ORIGEN EN FACTURA COMERCIAL NO. DE AUTORIZACION ESEAOR19000171 MERCANCIA NUEVA. PRODUCTO: 7-METIL-3-METILEN-1,6-OCTADIENO, NOMBRE COMERCIAL: MYRCENE W I T H ANTIOXIDANT, 7-METIL-3-METILEN-1,6-OCTADIENO, NO. CAS (N¿MERO DE REGISTRO DEL CHEMICAL ABSTRACTS SERVICE): 123-35-3, CALIDAD: FD&C AL 100%, ASPECTO F¿SICO: LIQUIDO FLUIDO TRANSPARENTE, CONCENTRACI¿N: AL 100%, TIPO DE EMPAQUE: 3 TAMBORES METALICOS DE 20KG. CADA UNO, USO: INGREDIENTE SECUNDARIO DE USO INDUSTRIAL USADO POR PARTE DE LA INDUSTRIA INTERMEDIA EN LA FABRICACION DE FRAGANCIAS Y NO ES DE CONSUMO DIRECTO., MARCA: VENTOS LOTE: L4684071. MERCANCIA PELIGROSA UN2319 3 III PAIS DE ORIGEN: ESPA¿A(245) 60 KILOGRAMO (ITEM 73);60,00;KILOGRAMS;3.004,14;IMPORT;MARITIME;DECLARATIONS;ERNESTO VENTOS S.A.;;;;;;;;;;;;;;;;;;;;;;;;;;;;;;;;;;;;;;;;;;;;;;;;;;;;;;;;;;;;;;;;;;;;;;;;;;;;;;;;;;;;;;;;;;;;;;;;;;;;;;;;;;;;;;;;;;;;;;;;;;;;;;;;;;;;;;;;;;;;;;;;;;;;;;;;;;;;;;;;;;;;;;;;;;;;;;;;;;;;;;;;;;;;;;;;;;;;;;;;;;;;;;;;;;;;;;;;;;;;;;;;;;;;;;;;;;;;;;;;;;
20/02/2026;COLOMBIA - IMPORT;VENTOS COLOMBIA S.A.S.;COLOMBIA;ERNESTO VENTOS;SPAIN;2915399090 - SATURATED ACYCLIC MONOCARBOXYLIC ACIDS AND THEIR ANHYDRIDES, HALIDES, PEROXIDES A(..) ESTERS OF ACETIC ACID:OTHER OTHER: OTHER;DO: 02260092, PEDIDO EMB 84, DECLARACION 43 DE 52, // FACTURA: P30247, FECHA: 13-01-2026, NOS ACOGEMOS AL DECRETO 2247 DE 2014 ACUERDO CON LA UNION EUROPEA, NOTA DE ORIGEN EN FACTURA COMERCIAL NO. DE AUTORIZACION ESEAOR19000171 MERCANCIA NUEVA. PRODUCTO: ACETATO DE VETIVERILO, NOMBRE COMERCIAL: VETIVERYL ACETATE EXTRA, NO. CAS (N¿MERO DE REGISTRO DEL CHEMICAL ABSTRACTS SERVICE): 84082-84-8, CALIDAD: FD&C AL 100%, ASPECTO F¿SICO: LIQUIDO VISCOSO TRANSPARENTE, CONCENTRACI¿N: AL 100%, TIPO DE EMPAQUE: 1 BIDON DE ALUMINIO DE 4.39KG, USO: MATERIA PRIMA USADA EN LA FABRICACION DE FRAGANCIAS PARA AROMATIZAR JABONERIA, DESODORANTES, AMBIENTADORES Y PRODUCTOS DE ASEO DOMESTICO. SECTOR ALCUAL VA DIRIGIDO: INDUSTRIA INTERMEDIA DE FRAGANCIAS, MARCA: VENTOS LOTE: L4687640. MERCANCIA PELIGROSA UN3082 9 III PAIS DE ORIGEN: ESPA¿A(245) 4.39 KILOGRAMO (ITEM 72);4,39;KILOGRAMS;2.912,85;IMPORT;MARITIME;DECLARATIONS;ERNESTO VENTOS S.A.;;;;;;;;;;;;;;;;;;;;;;;;;;;;;;;;;;;;;;;;;;;;;;;;;;;;;;;;;;;;;;;;;;;;;;;;;;;;;;;;;;;;;;;;;;;;;;;;;;;;;;;;;;;;;;;;;;;;;;;;;;;;;;;;;;;;;;;;;;;;;;;;;;;;;;;;;;;;;;;;;;;;;;;;;;;;;;;;;;;;;;;;;;;;;;;;;;;;;;;;;;;;;;;;;;;;;;;;;;;;;;;;;;;;;;;;;;;;;;;;;;
20/02/2026;COLOMBIA - IMPORT;VENTOS COLOMBIA S.A.S.;COLOMBIA;ERNESTO VENTOS;SPAIN;"3301199000 - ESSENTIAL OILS (TERPENELESS OR NOT), INCLUDING CONCRETES AND ABSOLUTES; RESINOI(..) ESSENTIAL OILS OF CITRUS FRUIT:OTHER OTHER";DO: 02260092, PEDIDO EMB 84, DECLARACION 42 DE 52, // FACTURA: P30247, FECHA: 13-01-2026, NOS ACOGEMOS AL DECRETO 2247 DE 2014 ACUERDO CON LA UNION EUROPEA, NOTA DE ORIGEN EN FACTURA COMERCIAL NO. DE AUTORIZACION ESEAOR19000171 MERCANCIA NUEVA. PRODUCTO: GRAPEFRUIT OIL 5X, VENTOS, ORIGEN: EL ACEITE ESENCIAL DE POMELO SE EXTRAE PRINCIPALMENTE MEDIANTE EL M¿TODO DE PRENSADO EN FR¿O DE LA C¿SCARA (CORTEZA) DEL POMELO, CITRUS PARADISI, ASPECTO F¿SICO: LIQUIDO, FORMA DE PRESENTACI¿N Y EMPAQUE: 1 BIDON DE 1KG., USO: INGREDIENTE SECUNDARIO DE USO INDUSTRIAL PARA LA ELABORACION DE SABORES POR PARTE DE LA INDUSATRIA INTERMEDIA Y NO ES DE CONSUMO DIRECTO., MARCA: VENTOS, REFERENCIA: SIN FERENCIA LOTE: 4686852. MERCANCIA PELIGROSA UN1197 3 III PAIS DE ORIGEN: ESPA¿A(245) 1 KILOGRAMO (ITEM 71);1,01;KILOGRAMS;618,00;IMPORT;MARITIME;DECLARATIONS;ERNESTO VENTOS S.A.;;;;;;;;;;;;;;;;;;;;;;;;;;;;;;;;;;;;;;;;;;;;;;;;;;;;;;;;;;;;;;;;;;;;;;;;;;;;;;;;;;;;;;;;;;;;;;;;;;;;;;;;;;;;;;;;;;;;;;;;;;;;;;;;;;;;;;;;;;;;;;;;;;;;;;;;;;;;;;;;;;;;;;;;;;;;;;;;;;;;;;;;;;;;;;;;;;;;;;;;;;;;;;;;;;;;;;;;;;;;;;;;;;;;;;;;;;;;;;;;;;
20/02/2026;COLOMBIA - IMPORT;VENTOS COLOMBIA S.A.S.;COLOMBIA;ERNESTO VENTOS;INDIA;2915130000 - SATURATED ACYCLIC MONOCARBOXYLIC ACIDS AND THEIR ANHYDRIDES, HALI(..) FORMIC ACID, ITS SALTS AND ESTERS:ESTERS OF FORMIC ACID;DO: 02260092, PEDIDO EMB 84, DECLARACION 41 DE 52, // FACTURA: P30247, FECHA: 13-01-2026, NO REQUIERE REGISTRO DE IMPORTACION, NOS ACOGEMOS AL DECRETO 0925/2013, NOS ACOGEMOS AL DECRETO 272 DE 2018 GRAVAMEN 0%, MERCANCIA NUEVA. PRODUCTO: 2-PHENETHYL METHANOATE, NOMBRE COMERCIAL: PHENYL ETHYL FORMATE, NO. CAS (N¿MERO DE REGISTRO DEL CHEMICAL ABSTRACTS SERVICE): 104-62-1, CALIDAD: FD&C AL 100%, ASPECTO F¿SICO: LIQUIDO FLUIDO TRANSPARENTE, CONCENTRACI¿N: AL 100%, TIPO DE EMPAQUE: 1 BIDON DE ALUMINIO DE 5KG., USO: INGREDIENTE SECUNDARIO DE USO INDUSTRIAL USADO POR PARTE DE LA INDUSTRIA INTERMEDIA EN LA FABRICACION DE FRAGANCIAS Y NO ES DE CONSUMO DIRECTO, MARCA: VENTOS LOTE: L4662608. PAIS DE ORIGEN: INDIA(361) 5 KILOGRAMO (ITEM 69);5,00;KILOGRAMS;166,87;IMPORT;MARITIME;DECLARATIONS;ERNESTO VENTOS S.A.;;;;;;;;;;;;;;;;;;;;;;;;;;;;;;;;;;;;;;;;;;;;;;;;;;;;;;;;;;;;;;;;;;;;;;;;;;;;;;;;;;;;;;;;;;;;;;;;;;;;;;;;;;;;;;;;;;;;;;;;;;;;;;;;;;;;;;;;;;;;;;;;;;;;;;;;;;;;;;;;;;;;;;;;;;;;;;;;;;;;;;;;;;;;;;;;;;;;;;;;;;;;;;;;;;;;;;;;;;;;;;;;;;;;;;;;;;;;;;;;;;
20/02/2026;COLOMBIA - IMPORT;VENTOS COLOMBIA S.A.S.;COLOMBIA;ERNESTO VENTOS;SPAIN;"2925299000 - CARBOXYIMIDE -FUNCTION COMPOUNDS (INCLUDING SACCHARIN AND ITS SALT(..) IMINES AND THEIR DERIVATIVES; SALTS THEREOF:OTHER OTHER";DO: 02260092, PEDIDO EMB 84, DECLARACION 40 DE 52, // FACTURA: P30247, FECHA: 13-01-2026, NOS ACOGEMOS AL DECRETO 2247 DE 2014 ACUERDO CON LA UNION EUROPEA, NOTA DE ORIGEN EN FACTURA COMERCIAL NO. DE AUTORIZACION ESEAOR19000171, MERCANCIA NUEVA, PRODUCTO: ANTRANILATO DE METILO, NOMBRE COMERCIAL: SCHIFF BASE HELIONAL, NO. CAS (N¿MERO DE REGISTRO DEL CHEMICAL ABSTRACTS SERVICE): 111753-60-7, CALIDAD: FD&C AL 100%, ASPECTO F¿SICO: SOLIDO, CONCENTRACI¿N: AL 100%, TIPO DE EMPAQUE: 1 TAMBOR DE FIBRA DE 1KG., USO: INGREDIENTE SECUNDARIO DE USO INDUSTRIAL USADO POR PARTE DE LA INDUSTRIA INTERMEDIA EN LA FABRICACION DE FRAGANCIAS Y NO ES DE CONSUMO DIRECTO., MARCA: VENTOS LOTE: L4679306. PAIS DE ORIGEN: ESPA¿A(245) 1 KILOGRAMO (ITEM 67);1,01;KILOGRAMS;96,16;IMPORT;MARITIME;DECLARATIONS;ERNESTO VENTOS S.A.;;;;;;;;;;;;;;;;;;;;;;;;;;;;;;;;;;;;;;;;;;;;;;;;;;;;;;;;;;;;;;;;;;;;;;;;;;;;;;;;;;;;;;;;;;;;;;;;;;;;;;;;;;;;;;;;;;;;;;;;;;;;;;;;;;;;;;;;;;;;;;;;;;;;;;;;;;;;;;;;;;;;;;;;;;;;;;;;;;;;;;;;;;;;;;;;;;;;;;;;;;;;;;;;;;;;;;;;;;;;;;;;;;;;;;;;;;;;;;;;;;
20/02/2026;COLOMBIA - IMPORT;VENTOS COLOMBIA S.A.S.;COLOMBIA;ERNESTO VENTOS;HONDURAS;"3301130000 - ESSENTIAL OILS (TERPENELESS OR NOT), INCLUDING CONCRETES AND ABSOLUTES; RESINOIDS(..) ESSENTIAL OILS OF CITRUS FRUIT:OF LEMON";DO: 02260092, PEDIDO EMB 84, DECLARACION 39 DE 52, // FACTURA: P30247, FECHA: 13-01-2026, NO REQUIERE REGISTRO DE IMPORTACION, NOS ACOGEMOS AL DECRETO 0925/2013, MERCANCIA NUEVA . PRODUCTO: RESINOIDE STYRAX, ORIGEN: EL RESINOIDE STYRAX (O BENJU¿) SE OBTIENE MEDIANTE LA EXTRACCI¿N CON DISOLVENTES ORG¿NICOS (COMO EL ETANOL) A PARTIR DE LA RESINA S¿LIDA O GOMORRESINA EXUDADA POR CORTES EN LA CORTEZA DE ¿RBOLES DEL G¿NERO STYRAX, ASPECTO F¿SICO: SOLIDO, FORMA DE PRESENTACI¿N Y EMPAQUE: 1 TAMBOR DE 5KG., USO: INGREDIENTE SECUNDARIO DE USO INDUSTRIAL USADO POR PARTE DE LA INDUSTRIA INTERMEDIA EN LA FABRICACION DE FRAGANCIAS Y NO ES DE CONSUMO DIRECTO., MARCA: VENTOS, REFERENCIA: SIN FERENCIA LOTE: L4683922. PAIS DE ORIGEN: HONDURAS(345) 5 KILOGRAMO (ITEM 66);5,00;KILOGRAMS;597,26;IMPORT;MARITIME;DECLARATIONS;ERNESTO VENTOS S.A.;;;;;;;;;;;;;;;;;;;;;;;;;;;;;;;;;;;;;;;;;;;;;;;;;;;;;;;;;;;;;;;;;;;;;;;;;;;;;;;;;;;;;;;;;;;;;;;;;;;;;;;;;;;;;;;;;;;;;;;;;;;;;;;;;;;;;;;;;;;;;;;;;;;;;;;;;;;;;;;;;;;;;;;;;;;;;;;;;;;;;;;;;;;;;;;;;;;;;;;;;;;;;;;;;;;;;;;;;;;;;;;;;;;;;;;;;;;;;;;;;;
20/02/2026;COLOMBIA - IMPORT;VENTOS COLOMBIA S.A.S.;COLOMBIA;ERNESTO VENTOS;CHINA;2916311000 - UNSATURATED       AC(..) AROMATIC MONOCARBOXYLIC ACIDS, THEIR ANHYDRIDES, HALIDES, PEROXIDES, PEROXYACIDS AND THE(..) BENZOIC ACID;DO: 02260092, PEDIDO EMB 84, DECLARACION 38 DE 52, // FACTURA: P30247, FECHA: 13-01-2026, NO REQUIERE REGISTRO DE IMPORTACION, NOS ACOGEMOS AL DECRETO 0925/2013, NOS ACOGEMOS AL DECRETO 272 DE 2018 GRAVAMEN 0%, MERCANCIA NUEVA . PRODUCTO: ALDEHIDO BENZOICO, NOMBRE COMERCIAL: BENZOIC ACID, NATURAL BESTALLY, NO. CAS (N¿MERO DE REGISTRO DELCHEMICAL ABSTRACTS SERVICE): 65-85-0, CALIDAD: FD&C AL 100%, ASPECTO F¿SICO: S¿LIDO CRISTALINO, CONCENTRACI¿N: AL 100%, TIPO DE EMPAQUE: 1 TAMBOR DE FIBRA DE 1KG., USO: INGREDIENTE SECUNDARIO DE USO INDUSTRIAL USADO POR PARTE DE LA INDUSTRIA INTERMEDIA EN LA FABRICACION DE FRAGANCIAS Y NO ES DE CONSUMO DIRECTO, MARCA: VENTOS LOTE: L46939362. PAIS DE ORIGEN: CHINA(215) 1 KILOGRAMO (ITEM 65);1,01;KILOGRAMS;206,76;IMPORT;MARITIME;DECLARATIONS;ERNESTO VENTOS S.A.;;;;;;;;;;;;;;;;;;;;;;;;;;;;;;;;;;;;;;;;;;;;;;;;;;;;;;;;;;;;;;;;;;;;;;;;;;;;;;;;;;;;;;;;;;;;;;;;;;;;;;;;;;;;;;;;;;;;;;;;;;;;;;;;;;;;;;;;;;;;;;;;;;;;;;;;;;;;;;;;;;;;;;;;;;;;;;;;;;;;;;;;;;;;;;;;;;;;;;;;;;;;;;;;;;;;;;;;;;;;;;;;;;;;;;;;;;;;;;;;;;
20/02/2026;COLOMBIA - IMPORT;VENTOS COLOMBIA S.A.S.;COLOMBIA;ERNESTO VENTOS;CHINA;"2920909000 - ESTERS OF OTHER INORGANIC ACIDS OF NON-METALS (EXCLUDING ESTERS OF HYDROGEN HALIDES) AND THEIR SALTS; THEIR HA(..) OTHER OTHER";DO: 02260092, PEDIDO EMB 84, DECLARACION 37 DE 52, // FACTURA: P30247, FECHA: 13-01-2026, NO REQUIERE REGISTRO DE IMPORTACION, NOS ACOGEMOS AL DECRETO 0925/2013, NOS ACOGEMOS AL DECRETO 1881 DE 2021 GRAVAMEN 0%, MERCANCIA NUEVA . PRODUCTO: CICLO-4-OCTEN-5-IL METIL CARBONATO, NOMBRE COMERCIAL: VIOLIFF IFF, NO. CAS (N¿MERO DE REGISTRO DELCHEMICAL ABSTRACTS SERVICE): 87731-18-8, CALIDAD: FD&C AL 100%, ASPECTO F¿SICO: LIQUIDO FLUIDO TRANSPARENTE, CONCENTRACI¿N: AL 100%, TIPO DE EMPAQUE: 1 BIDON DE ALUMINIO DE 1KG., USO: INGREDIENTE SECUNDARIO DE USO INDUSTRIAL USADO POR PARTE DE LA INDUSTRIA INTERMEDIA EN LA FABRICACION DE FRAGANCIAS Y NO ES DE CONSUMO DIRECTO., MARCA: VENTOSLOTE: L4679482. PAIS DE ORIGEN: CHINA(215) 1 KILOGRAMO (ITEM 64);1,01;KILOGRAMS;172,10;IMPORT;MARITIME;DECLARATIONS;ERNESTO VENTOS S.A.;;;;;;;;;;;;;;;;;;;;;;;;;;;;;;;;;;;;;;;;;;;;;;;;;;;;;;;;;;;;;;;;;;;;;;;;;;;;;;;;;;;;;;;;;;;;;;;;;;;;;;;;;;;;;;;;;;;;;;;;;;;;;;;;;;;;;;;;;;;;;;;;;;;;;;;;;;;;;;;;;;;;;;;;;;;;;;;;;;;;;;;;;;;;;;;;;;;;;;;;;;;;;;;;;;;;;;;;;;;;;;;;;;;;;;;;;;;;;;;;;;
20/02/2026;COLOMBIA - IMPORT;VENTOS COLOMBIA S.A.S.;COLOMBIA;ERNESTO VENTOS;SPAIN;"3301130000 - ESSENTIAL OILS (TERPENELESS OR NOT), INCLUDING CONCRETES AND ABSOLUTES; RESINOIDS(..) ESSENTIAL OILS OF CITRUS FRUIT:OF LEMON";DO: 02260092, PEDIDO EMB 84, DECLARACION 36 DE 52, // FACTURA: P30247, FECHA: 13-01-2026, NOS ACOGEMOS AL DECRETO 2247 DE 2014 ACUERDO CON LA UNION EUROPEA, NOTA DE ORIGEN EN FACTURA COMERCIAL NO. DE AUTORIZACION ESEAOR19000171, MERCANCIA NUEVA. PRODUCTO: LEMON OIL, SPAIN N.I., ORIGEN: EL ACEITE ESENCIAL DE LIM¿N SE EXTRAE PRINCIPALMENTE MEDIANTE PRENSADO EN FR¿O DE LA C¿SCARA DEL LIM¿N, UN M¿TODO QUE NO USA SOLVENTES Y CONSERVA SU AROMA C¿TRICO, ASPECTO F¿SICO: LIQUIDO FLUIDO TRANSPARENTE, FORMA DE PRESENTACI¿N Y EMPAQUE: 4 TAMBORES METALICOS DE 180KG. CADA UNO., USO: MATERIA PRIMA PARA LA ELABORACION DE SABORES O FRAGANCIAS POR PARTE DE LA INDUSTRIA INTERMEDIA POR LO TANTO NO SON PRODUCTOS DE CONSUMO DIRECTO., MARCA: VENTOS, REFERENCIA: SIN FERENCIALOTE: L468636. MERCANCIA PELIGORSA UN1197 3 III. PAIS DE ORIGEN: ESPA¿A(245) 720 KILOGRAMO (ITEM 62);720,00;KILOGRAMS;8.749,60;IMPORT;MARITIME;DECLARATIONS;ERNESTO VENTOS S.A.;;;;;;;;;;;;;;;;;;;;;;;;;;;;;;;;;;;;;;;;;;;;;;;;;;;;;;;;;;;;;;;;;;;;;;;;;;;;;;;;;;;;;;;;;;;;;;;;;;;;;;;;;;;;;;;;;;;;;;;;;;;;;;;;;;;;;;;;;;;;;;;;;;;;;;;;;;;;;;;;;;;;;;;;;;;;;;;;;;;;;;;;;;;;;;;;;;;;;;;;;;;;;;;;;;;;;;;;;;;;;;;;;;;;;;;;;;;;;;;;;;
20/02/2026;COLOMBIA - IMPORT;VENTOS COLOMBIA S.A.S.;COLOMBIA;ERNESTO VENTOS;CHINA;2918300000 - CARBOXYLIC ACIDS WIT(..) CARBOXYLIC ACIDS WITH ALDEHYDE OR KETONE FUNCTION BUT WITHOUT OTHER OXYGEN FUNCTION, THEIR ANHYDRIDE(..);DO: 02260092, PEDIDO EMB 84, DECLARACION 35 DE 52, // FACTURA: P30247, FECHA: 13-01-2026, NO REQUIERE REGISTRO DE IMPORTACION, NOS ACOGEMOS AL DECRETO 0925/2013, NOS ACOGEMOS AL DECRETO 272 DE 2018 GRAVAMEN 0%, MERCANCIA NUEVA. PRODUCTO: 4-OXOPENTANOATO DE ETILO, NOMBRE COMERCIAL: ETHYL LEVULINATE, NO. CAS (N¿MERO DE REGISTRO DEL CHEMICAL ABSTRACTS SERVICE): 539-88-8, CALIDAD: FD&C AL 100%, ASPECTO F¿SICO: LIQUIDO FLUIDO, CONCENTRACI¿N: AL 100%, TIPO DE EMPAQUE: 1 TAMBOR DE ALUMINIO DE 10KG., USO: INGREDIENTE SECUNDARIO DE USO INDUSTRIAL USADO POR PARTE DE LA INDUSTRIA INTERMEDIA EN LA FABRICACION DE FRAGANCIAS Y NO ES DE CONSUMO DIRECTO., MARCA: VENTOS LOTE: L4681634. PAIS DE ORIGEN: CHINA(215) 10 KILOGRAMO (ITEM 56);10,00;KILOGRAMS;273,05;IMPORT;MARITIME;DECLARATIONS;ERNESTO VENTOS S.A.;;;;;;;;;;;;;;;;;;;;;;;;;;;;;;;;;;;;;;;;;;;;;;;;;;;;;;;;;;;;;;;;;;;;;;;;;;;;;;;;;;;;;;;;;;;;;;;;;;;;;;;;;;;;;;;;;;;;;;;;;;;;;;;;;;;;;;;;;;;;;;;;;;;;;;;;;;;;;;;;;;;;;;;;;;;;;;;;;;;;;;;;;;;;;;;;;;;;;;;;;;;;;;;;;;;;;;;;;;;;;;;;;;;;;;;;;;;;;;;;;;
20/02/2026;COLOMBIA - IMPORT;VENTOS COLOMBIA S.A.S.;COLOMBIA;ERNESTO VENTOS;SPAIN;3302900000 - MIXTURES OF ODORIFEROUS SUBSTANCES AND MIXTURES (INCLUDING ALCOHOLIC SOLUTIONS) WITH A BASIS OF ONE OR MORE OF THES(..) OTHER;"DO: 02260092, PEDIDO EMB 84, DECLARACION 34 DE 52, // FACTURA: P30247, FECHA: 13-01-2026, REG-50026643-20260210N FECHA DE 10-02-2026, VINVIMA-26-0018820 FECHA DE 10-02-2026. NOS ACOGEMOS AL DECRETO 2247 DE 2014 ACUERDO CON LA UNION EUROPEA, NOTA DE ORIGEN EN FACTURA COMERCIAL NO. DE AUTORIZACION ESEAOR19000171, MERCANCIA NUEVA. PRODUCTO: CIS-3-HEXENOL SUBSTITUTE, COMPOSICI¿N: 1-HEXANOL CAS: 111-27-3; CIS-3-HEXENOL CAS: 928-96-1., ORIGEN: ARTIFICIAL, ASPECTO F¿SICO: LIQUIDO, FORMA DE PRESENTACI¿N Y EMPAQUE: 1 TAMBOR DE 25KG., USO: MATERIA PRIMA USADA EN LA FABRICACION DE FRAGANCIAS PARA AROMATIZAR JABONERIA, DESODORANTES, AMBIENTADORES Y PRODUCTOS DE ASEO DOMESTICO. SECTOR ALCUAL VA DIRIGIDO: INDUSTRIA INTERMEDIA DE FRAGANCIAS, MARCA: VENTOS, REFERENCIA: SIN FERENCIA LOTE: L4679929. MERCANCIA PELIGROSA UN1993 3 III PAIS DE ORIGEN: ESPA¿A(245) 25 KILOGRAMO (ITEM 55)";25,00;KILOGRAMS;733,30;IMPORT;MARITIME;DECLARATIONS;ERNESTO VENTOS S.A.;;;;;;;;;;;;;;;;;;;;;;;;;;;;;;;;;;;;;;;;;;;;;;;;;;;;;;;;;;;;;;;;;;;;;;;;;;;;;;;;;;;;;;;;;;;;;;;;;;;;;;;;;;;;;;;;;;;;;;;;;;;;;;;;;;;;;;;;;;;;;;;;;;;;;;;;;;;;;;;;;;;;;;;;;;;;;;;;;;;;;;;;;;;;;;;;;;;;;;;;;;;;;;;;;;;;;;;;;;;;;;;;;;;;;;;;;;;;;;;;;;
20/02/2026;COLOMBIA - IMPORT;VENTOS COLOMBIA S.A.S.;COLOMBIA;ERNESTO VENTOS;CHINA;"2912210000 - ALDEHYDES, WHETHER OR NOT WITH OTHER OXYGEN FUNCTION; CYCLIC (..) CYCLIC ALDEHYDES WITHOUT OTHER OXYGEN FUNCTION:BENZALDEHYDE";DO: 02260092, PEDIDO EMB 84, DECLARACION 33 DE 52, // FACTURA: P30247, FECHA: 13-01-2026, NO REQUIERE REGISTRO DE IMPORTACION, NOS ACOGEMOS AL DECRETO 0925/2013, NOS ACOGEMOS AL DECRETO 272 DE 2018 GRAVAMEN 0%, MERCANCIA NUEVA. PRODUCTO: ALDEHIDO BENZOICO, NOMBRE COMERCIAL: BENZALDEHYDE NATURAL BESTALLY, NO. CAS (N¿MERO DE REGISTRO DEL CHEMICAL ABSTRACTS SERVICE): 100-52-7, CALIDAD: FD&C AL 100%, ASPECTO F¿SICO: LIQUIDO FLUIDO TRANSPARENTE, CONCENTRACI¿N: AL 100%, TIPO DE EMPAQUE: 1 TAMBOR DE ALUMINIO DE 10KG., USO: INGREDIENTE SECUNDARIO DE USO INDUSTRIAL PARA LA ELABORACION DE FRAGANCIAS POR PARTE DE LA INDUSTRIA INTERMEDIA Y NO SON PRODUCTOS DE USO DIRECTO., MARCA: VENTOS LOTE: L4657177. PAIS DE ORIGEN: CHINA(215) 10 KILOGRAMO (ITEM 52);10,00;KILOGRAMS;748,48;IMPORT;MARITIME;DECLARATIONS;ERNESTO VENTOS S.A.;;;;;;;;;;;;;;;;;;;;;;;;;;;;;;;;;;;;;;;;;;;;;;;;;;;;;;;;;;;;;;;;;;;;;;;;;;;;;;;;;;;;;;;;;;;;;;;;;;;;;;;;;;;;;;;;;;;;;;;;;;;;;;;;;;;;;;;;;;;;;;;;;;;;;;;;;;;;;;;;;;;;;;;;;;;;;;;;;;;;;;;;;;;;;;;;;;;;;;;;;;;;;;;;;;;;;;;;;;;;;;;;;;;;;;;;;;;;;;;;;;
20/02/2026;COLOMBIA - IMPORT;VENTOS COLOMBIA S.A.S.;COLOMBIA;ERNESTO VENTOS;CHINA;"2907190000 - PHENOLS; PHENOL-ALCOHOLS. MONOPHENOLS:OTHER";DO: 02260092, PEDIDO EMB 84, DECLARACION 32 DE 52, // FACTURA: P30247, FECHA: 13-01-2026, NO REQUIERE REGISTRO DE IMPORTACION, NOS ACOGEMOS AL DECRETO 0925/2013, NOS ACOGEMOS AL DECRETO 272 DE 2018 GRAVAMEN 0% MERCANCIA NUEVA. PRODUCTO: 2-METIL-5-ISO-PROPILFENOL, NOMBRE COMERCIAL: CARVACROL, NO. CAS (N¿MERO DE REGISTRO DEL CHEMICAL ABSTRACTS SERVICE): 499-75-2, CALIDAD: FD&C AL 100%, ASPECTO F¿SICO: LIQUIDO FLUIDO TRANSPARENTE, CONCENTRACI¿N: AL 100%, TIPO DE EMPAQUE: 1 TAMBOR PLASTICO DE 25KG, USO: MATERIA PRIMA PARA LA ELABORACION DE FRAGANCIAS POR PARTE DE LA INDUSTRIA INTERMEDIA POR LO TANTO NO SON PRODUCTOS DE CONSUMO DIRECTO, MARCA: VENTOS LOTE: L4678495. MERCANCIA PELIGORA UN 3077 9 III. PAIS DE ORIGEN: CHINA(215) 25 KILOGRAMO (ITEM 51);25,00;KILOGRAMS;563,76;IMPORT;MARITIME;DECLARATIONS;ERNESTO VENTOS S.A.;;;;;;;;;;;;;;;;;;;;;;;;;;;;;;;;;;;;;;;;;;;;;;;;;;;;;;;;;;;;;;;;;;;;;;;;;;;;;;;;;;;;;;;;;;;;;;;;;;;;;;;;;;;;;;;;;;;;;;;;;;;;;;;;;;;;;;;;;;;;;;;;;;;;;;;;;;;;;;;;;;;;;;;;;;;;;;;;;;;;;;;;;;;;;;;;;;;;;;;;;;;;;;;;;;;;;;;;;;;;;;;;;;;;;;;;;;;;;;;;;;
20/02/2026;COLOMBIA - IMPORT;VENTOS COLOMBIA S.A.S.;COLOMBIA;ERNESTO VENTOS;CHINA;2932190000 - HETEROCYCLIC COMPOUNDS WI(..) COMPOUNDS CONTAINING AN UNFUSED FURAN RING (WHETHER OR NOT HYDROGENATED) IN THE STRUCTURE:OTHER;DO: 02260092, PEDIDO EMB 84, DECLARACION 31 DE 52, // FACTURA: P30247, FECHA: 13-01-2026, NO REQUIERE REGISTRO DE IMPORTACION, NOS ACOGEMOS AL DECRETO 0925/2013, NOS ACOGEMOS AL DECRETO 272 DE 2018 GRAVAMEN 0%, MERCANCIA NUEVA. PRODUCTO: 2-N-AMILFURANO, NOMBRE COMERCIAL: 2-PENTYLFURANE, NO. CAS (N¿MERO DE REGISTRO DEL CHEMICAL ABSTRACTS SERVICE): 3777-69-3, CALIDAD: FD&C AL 100%, ASPECTO F¿SICO: LIQUIDO FLUIDO TRANSPARENTE, CONCENTRACI¿N: AL 100%, TIPO DE EMPAQUE: 1 BIDON DE ALUMINIO DE 0.25KG, USO: INGREDIENTE SECUNDARIO DE USO INDUSTRIAL USADO POR PARTE DE LA INDUSTRIA INTERMEDIA EN LA FABRICACION DE FRAGANCIAS Y NO ES DE CONSUMO DIRECTO., MARCA: VENTOS LOTE: L4682098.MERCANCIA PELIGROSA UN1993 3 III. PAIS DE ORIGEN: CHINA(215) 0.25 KILOGRAMO (ITEM 49);0,26;KILOGRAMS;493,09;IMPORT;MARITIME;DECLARATIONS;ERNESTO VENTOS S.A.;;;;;;;;;;;;;;;;;;;;;;;;;;;;;;;;;;;;;;;;;;;;;;;;;;;;;;;;;;;;;;;;;;;;;;;;;;;;;;;;;;;;;;;;;;;;;;;;;;;;;;;;;;;;;;;;;;;;;;;;;;;;;;;;;;;;;;;;;;;;;;;;;;;;;;;;;;;;;;;;;;;;;;;;;;;;;;;;;;;;;;;;;;;;;;;;;;;;;;;;;;;;;;;;;;;;;;;;;;;;;;;;;;;;;;;;;;;;;;;;;;
20/02/2026;COLOMBIA - IMPORT;VENTOS COLOMBIA S.A.S.;COLOMBIA;ERNESTO VENTOS;INDIA;2916199000 - UNSATURATED       AC(..) UNSATURATED ACYCLIC MONOCARBOXYLIC ACIDS, THEIR ANHYDRIDES, HALIDES, PEROXIDES, PEROXYACIDS AND(..) OTHER;DO: 02260092, PEDIDO EMB 84, DECLARACION 30 DE 52, // FACTURA: P30247, FECHA: 13-01-2026, NO REQUIERE REGISTRO DE IMPORTACION, NOS ACOGEMOS AL DECRETO 0925/2013, NOS ACOGEMOS AL DECRETO 272 DE 2018 GRAVAMEN 0%, MERCANCIA NUEVA. PRODUCTO: 2-OCTINOATODE METILO, NOMBRE COMERCIAL: METHYL HEPTINE CARBONATE, NO. CAS (N¿MERO DE REGISTRO DEL CHEMICAL ABSTRACTS SERVICE): 111-12-6, CALIDAD: FD&C AL 100%, ASPECTO F¿SICO: LIQUIDO, CONCENTRACI¿N: AL 100%, TIPO DE EMPAQUE: 1 TAMBOR DE ALUMINIO DE 10KG., USO: INGREDIENTE SECUNDARIO DE USO INDUSTRIAL USADO POR PARTE DE LA INDUSTRIA INTERMEDIA EN LA FABRICACION DE FRAGANCIAS Y NO ES DE CONSUMO DIRECTO., MARCA: VENTOS LOTE: L4678600. MERCANCIA PELIGROSA UN3082 9 III. PAIS DE ORIGEN: INDIA(361) 10 KILOGRAMO (ITEM 47);10,00;KILOGRAMS;1.345,22;IMPORT;MARITIME;DECLARATIONS;ERNESTO VENTOS S.A.;;;;;;;;;;;;;;;;;;;;;;;;;;;;;;;;;;;;;;;;;;;;;;;;;;;;;;;;;;;;;;;;;;;;;;;;;;;;;;;;;;;;;;;;;;;;;;;;;;;;;;;;;;;;;;;;;;;;;;;;;;;;;;;;;;;;;;;;;;;;;;;;;;;;;;;;;;;;;;;;;;;;;;;;;;;;;;;;;;;;;;;;;;;;;;;;;;;;;;;;;;;;;;;;;;;;;;;;;;;;;;;;;;;;;;;;;;;;;;;;;;
20/02/2026;COLOMBIA - IMPORT;VENTOS COLOMBIA S.A.S.;COLOMBIA;ERNESTO VENTOS;INDIA;3301250000 - ESSENTIAL OILS (TERPENELESS OR NOT), INCLUDING CONCRETES A(..) ESSENTIAL OILS OTHER THAN THOSE OF CITRUS FRUIT:OF OTHER MINTS;DO: 02260092, PEDIDO EMB 84, DECLARACION 29 DE 52, // FACTURA: P30247, FECHA: 13-01-2026, NO REQUIERE REGISTRO DE IMPORTACION, NOS ACOGEMOS AL DECRETO 0925/2013, MERCANCIA NUEVA. PRODUCTO: SPEARMINT 80, SOLUBLE, ORIGEN: EL ACEITE ESENCIAL DE MENTA SE OBTIENE PRINCIPALMENTE MEDIANTE LA DESTILACI¿N POR ARRASTRE DE VAPOR DE LAS HOJAS FRESCAS OSECAS DE MENTHA PIPERITA., ASPECTO F¿SICO: LIQUIDO FLUIDO TRANSPARENTE, FORMA DE PRESENTACI¿N Y EMPAQUE: 4 TAMBORES DE 25KG. CADA UNO, USO: INGREDIENTE SECUNDARIO DEUSO INDUSTRIAL USADO POR PARTE DE LA INDUSTRIA INTERMEDIA EN LA FABRICACION DE FRAGANCIAS Y NO ES DE CONSUMO DIRECTO., MARCA: VENTOS, REFERENCIA: SIN FERENCIA LOTE: L4683670. MERCANCIA PELIGROSA UN3082 9 III PAIS DE ORIGEN: INDIA(361) 100 KILOGRAMO (ITEM45);100,00;KILOGRAMS;3.721,67;IMPORT;MARITIME;DECLARATIONS;ERNESTO VENTOS S.A.;;;;;;;;;;;;;;;;;;;;;;;;;;;;;;;;;;;;;;;;;;;;;;;;;;;;;;;;;;;;;;;;;;;;;;;;;;;;;;;;;;;;;;;;;;;;;;;;;;;;;;;;;;;;;;;;;;;;;;;;;;;;;;;;;;;;;;;;;;;;;;;;;;;;;;;;;;;;;;;;;;;;;;;;;;;;;;;;;;;;;;;;;;;;;;;;;;;;;;;;;;;;;;;;;;;;;;;;;;;;;;;;;;;;;;;;;;;;;;;;;;
20/02/2026;COLOMBIA - IMPORT;VENTOS COLOMBIA S.A.S.;COLOMBIA;ERNESTO VENTOS;SPAIN;3302109000 - MIXTURES OF ODORIFEROUS SUBSTANCES AND MIXTURES (INCLUDING ALCOHOLIC (..) OF A KIND USED IN THE FOOD OR DRINK INDUSTRIES OTHER;"DO: 02260092, PEDIDO EMB 84, DECLARACION 28 DE 52, // FACTURA: P30247, FECHA: 13-01-2026, REG-50015895-20260127N FECHA DE 27-01-2026, VINVIMA-26-0011396 FECHA DE 27-01-2026, MERCANCIA NUEVA. PRODUCTO: V-COCOA FTNF, COMPOSICI¿N: VAINILLINA CAS: 121-33-5;ETHYL VANILLIN CAS: 121-32-4; PROPILEN GLICOL CAS: 57-55-6, ORIGEN: ARTIFICIAL, GRADOALCOH¿LICO VOLUM¿TRICO: 0.0%VOL, ASPECTO F¿SICO: LIQUIDO VISCOSO/SOLIDO, FORMA DE PRESENTACI¿N Y EMPAQUE: 1 TAMBOR METALICO DE 50KG., USO: INGREDIENTE SECUNDARIO DE USOINDUSTRIAL PARA SABORIZAR ALIMENTOS Y BEBIDAS DE USO HUMANO. SECTOR AL CUAL VA DIRIGIDO: INDUSTRIA ALIMENTARIA Y DE BEBIDAS., MARCA: VENTOS, REFERENCIA: SIN FERENCIA LOTE: L4682148. PAIS DE ORIGEN: ESPA¿A(245) 50 KILOGRAMO (ITEM 42)";50,00;KILOGRAMS;2.427,57;IMPORT;MARITIME;DECLARATIONS;ERNESTO VENTOS S.A.;;;;;;;;;;;;;;;;;;;;;;;;;;;;;;;;;;;;;;;;;;;;;;;;;;;;;;;;;;;;;;;;;;;;;;;;;;;;;;;;;;;;;;;;;;;;;;;;;;;;;;;;;;;;;;;;;;;;;;;;;;;;;;;;;;;;;;;;;;;;;;;;;;;;;;;;;;;;;;;;;;;;;;;;;;;;;;;;;;;;;;;;;;;;;;;;;;;;;;;;;;;;;;;;;;;;;;;;;;;;;;;;;;;;;;;;;;;;;;;;;;
20/02/2026;COLOMBIA - IMPORT;VENTOS COLOMBIA S.A.S.;COLOMBIA;ERNESTO VENTOS;CHINA;2915399090 - SATURATED ACYCLIC MONOCARBOXYLIC ACIDS AND THEIR ANHYDRIDES, HALIDES, PEROXIDES A(..) ESTERS OF ACETIC ACID:OTHER OTHER: OTHER;DO: 02260092, PEDIDO EMB 84, DECLARACION 27 DE 52, // FACTURA: P30247, FECHA: 13-01-2026 NO REQUIERE REGISTRO DE IMPORTACION, NOS ACOGEMOS AL DECRETO 0925/2013, NOS ACOGEMOS AL DECRETO 272 DE 2018 GRAVAMEN 0%, MERCANCIA NUEVA. PRODUCTO: ACETATO DE 2-METILBUTILO, NOMBRE COMERCIAL: 2-METHYLBUTYL ACETATE, CHINA, NO. CAS (N¿MERO DE REGISTRO DEL CHEMICAL ABSTRACTS SERVICE): 624-41-9, CALIDAD: FD&C AL 100%, ASPECTO F¿SICO: LIQUIDO FLUIDO TRANSPARENTE, CONCENTRACI¿N: AL 100%, TIPO DE EMPAQUE: 1 TAMBOR PLASTICO DE 50KG., USO: INGREDIENTE SECUNDARIO DE USO INDUSTRIAL USADO POR PARTE DE LA INDUSTRIA INTERMEDIA EN LA FABRICACION DE FRAGANCIAS Y NO ES DE CONSUMO DIRECTO., MARCA: VENTOS LOTE: L4676019. MERCANCIA PELIGROSA UN1123 3 III PAIS DE ORIGEN: CHINA(215) 50KILOGRAMO (ITEM 40);50,00;KILOGRAMS;758,78;IMPORT;MARITIME;DECLARATIONS;ERNESTO VENTOS S.A.;;;;;;;;;;;;;;;;;;;;;;;;;;;;;;;;;;;;;;;;;;;;;;;;;;;;;;;;;;;;;;;;;;;;;;;;;;;;;;;;;;;;;;;;;;;;;;;;;;;;;;;;;;;;;;;;;;;;;;;;;;;;;;;;;;;;;;;;;;;;;;;;;;;;;;;;;;;;;;;;;;;;;;;;;;;;;;;;;;;;;;;;;;;;;;;;;;;;;;;;;;;;;;;;;;;;;;;;;;;;;;;;;;;;;;;;;;;;;;;;;;
20/02/2026;COLOMBIA - IMPORT;VENTOS COLOMBIA S.A.S.;COLOMBIA;ERNESTO VENTOS;FRANCE;2926909000 - NITRILE -FUNCTION COMPOUNDS. OTHER OTHER;DO: 02260092, PEDIDO EMB 84, DECLARACION 26 DE 52, // FACTURA: P30247, FECHA: 13-01-2026, NOS ACOGEMOS AL DECRETO 2247 DE 2014 ACUERDO CON LA UNION EUROPEA, NOTA DE ORIGEN EN FACTURA COMERCIAL NO. DE AUTORIZACION ESEAOR19000171, MERCANCIA NUEVA. PRODUCTO: NITRILO CUMINICO, NOMBRE COMERCIAL: SPICENYLE (CUMINIC NITRILE) SYNAROME, NO. CAS (N¿MERO DE REGISTRO DEL CHEMICAL ABSTRACTS SERVICE): 13816-33-6, CALIDAD: FD&C AL 100%, ASPECTO F¿SICO: LIQUIDO FLUIDO TRANSPARENTE, CONCENTRACI¿N: AL 100%, TIPO DE EMPAQUE: 1 TAMBOR DE ALUMINIO DE 10KG., USO: MATERIA PRIMA USADA EN LA FABRICACION DE FRAGANCIAS PARA AROMATIZAR JABONERIA, DESODORANTES, AMBIENTADORES Y PRODUCTOS DE ASEO DOMESTICO.SECTOR AL CUAL VA DIRIGIDO: INDUSTRIA INTERMEDIA DE FRAGANCIAS, MARCA: VENTOSLOTE: L4677929. MERCANCIA PELIGROSA UN3082 9 III. PAIS DE ORIGEN: FRANCIA(275) 10 KILOGRAMO (ITEM 39);10,00;KILOGRAMS;3.995,24;IMPORT;MARITIME;DECLARATIONS;ERNESTO VENTOS S.A.;;;;;;;;;;;;;;;;;;;;;;;;;;;;;;;;;;;;;;;;;;;;;;;;;;;;;;;;;;;;;;;;;;;;;;;;;;;;;;;;;;;;;;;;;;;;;;;;;;;;;;;;;;;;;;;;;;;;;;;;;;;;;;;;;;;;;;;;;;;;;;;;;;;;;;;;;;;;;;;;;;;;;;;;;;;;;;;;;;;;;;;;;;;;;;;;;;;;;;;;;;;;;;;;;;;;;;;;;;;;;;;;;;;;;;;;;;;;;;;;;;
20/02/2026;COLOMBIA - IMPORT;VENTOS COLOMBIA S.A.S.;COLOMBIA;ERNESTO VENTOS;GERMANY;2905199000 - ACYCLIC ALCOHOLS AND THEIR HALOGENATED, SULPHONATED, NITRATED OR NITROSATED DERI(..) SATURATED MONOHYDRIC ALCOHOLS:OTHER OTHER;DO: 02260092, PEDIDO EMB 84, DECLARACION 25 DE 52, // FACTURA: P30247, FECHA: 13-01-2026, NOS ACOGEMOS AL DECRETO 2247 DE 2014 ACUERDO CON LA UNION EUROPEA, NOTA DE ORIGEN EN FACTURA COMERCIAL NO. DE AUTORIZACION ESEAOR19000171, MERCANCIA NUEVA. PRODUCTO: 2-CICLODODECIL-1-PROPANOL, NOMBRE COMERCIAL: HYDROXYAMBRAN, NO. CAS (N¿MERO DE REGISTRO DEL CHEMICAL ABSTRACTS SERVICE): 118562-73-5, CALIDAD: FD&C AL 100%, ASPECTO F¿SICO: LIQUIDO / SOLIDO, CONCENTRACI¿N: AL 100%, TIPO DE EMPAQUE: 5 BIDONES DE 5KG. CADA UNO., USO: INGREDIENTE SECUNDARIO DE USO INDUSTRIAL USADO POR PARTE DE LA INDUSTRIA INTERMEDIA EN LA FABRICACION DE FRAGANCIAS Y NO ES DE CONSUMO DIRECTO., MARCA: VENTOS LOTE: L4679751. MERCANCIA PELIGROSA UN3077 9 III PAIS DE ORIGEN: ALEMANIA(023) 25KILOGRAMO (ITEM 37);25,00;KILOGRAMS;5.108,02;IMPORT;MARITIME;DECLARATIONS;ERNESTO VENTOS S.A.;;;;;;;;;;;;;;;;;;;;;;;;;;;;;;;;;;;;;;;;;;;;;;;;;;;;;;;;;;;;;;;;;;;;;;;;;;;;;;;;;;;;;;;;;;;;;;;;;;;;;;;;;;;;;;;;;;;;;;;;;;;;;;;;;;;;;;;;;;;;;;;;;;;;;;;;;;;;;;;;;;;;;;;;;;;;;;;;;;;;;;;;;;;;;;;;;;;;;;;;;;;;;;;;;;;;;;;;;;;;;;;;;;;;;;;;;;;;;;;;;;
20/02/2026;COLOMBIA - IMPORT;VENTOS COLOMBIA S.A.S.;COLOMBIA;ERNESTO VENTOS;CHINA;2918119000 - CARBOXYLIC ACIDS WIT(..) CARBOXYLIC ACIDS WITH ALCOHOL FUNCTION BUT WITHOUT OTHER OXYGEN FUNCTION, THEIR ANHYDRIDES, HAL(..) OTHER;DO: 02260092, PEDIDO EMB 84, DECLARACION 24 DE 52, // FACTURA: P30247, FECHA: 13-01-2026 NO REQUIERE REGISTRO DE IMPORTACION, NOS ACOGEMOS AL DECRETO 0925/2013, NOS ACOGEMOS AL DECRETO 272 DE 2018 GRAVAMEN 0%, MERCANCIA NUEVA, PRODUCTO: FRESCOLAT ML, NOMBRE COMERCIAL: L-MENTHYL LACTATE, NO. CAS (N¿MERO DE REGISTRO DEL CHEMICAL ABSTRACTSSERVICE): 59259-38-0, CALIDAD: FD&C AL 100%, ASPECTO F¿SICO: CRISTALES, CONCENTRACI¿N: AL 100%, TIPO DE EMPAQUE: 1 TAMBOR DE FIBRA DE 25KG., USO: INGREDIENTE SECUNDARIO DE USO INDUSTRIAL USADO POR PARTE DE LA INDUSTRIA INTERMEDIA EN LA FABRICACION DE FRAGANCIAS Y NO ES DE CONSUMO DIRECTO., MARCA: VENTOS LOTE: L4667527. PAIS DE ORIGEN: CHINA(215) 25 KILOGRAMO (ITEM 33);25,00;KILOGRAMS;1.030,30;IMPORT;MARITIME;DECLARATIONS;ERNESTO VENTOS S.A.;;;;;;;;;;;;;;;;;;;;;;;;;;;;;;;;;;;;;;;;;;;;;;;;;;;;;;;;;;;;;;;;;;;;;;;;;;;;;;;;;;;;;;;;;;;;;;;;;;;;;;;;;;;;;;;;;;;;;;;;;;;;;;;;;;;;;;;;;;;;;;;;;;;;;;;;;;;;;;;;;;;;;;;;;;;;;;;;;;;;;;;;;;;;;;;;;;;;;;;;;;;;;;;;;;;;;;;;;;;;;;;;;;;;;;;;;;;;;;;;;;
20/02/2026;COLOMBIA - IMPORT;VENTOS COLOMBIA S.A.S.;COLOMBIA;ERNESTO VENTOS;INDIA;2918230000 - CARBOXYLIC ACIDS WIT(..) CARBOXYLIC ACIDS WITH PHENOL FUNCTION BUT WITHOUT OTHER OXYGEN FUNCTION, THEIR ANHYDRIDES, HALIDES, (..);DO: 02260092, PEDIDO EMB 84, DECLARACION 23 DE 52, // FACTURA: P30247, FECHA: 13-01-2026, NO REQUIERE REGISTRO DE IMPORTACION, NOS ACOGEMOS AL DECRETO 0925/2013, NOS ACOGEMOS AL DECRETO 272 DE 2018 GRAVAMEN 0%, MERCANCIA NUEVA. PRODUCTO: ORTO-HIDROXIBENZOATO DE 2-FENILETILO, NOMBRE COMERCIAL: PHENYL ETHYL SALICYLATE, NO. CAS (N¿MERO DE REGISTRO DEL CHEMICAL ABSTRACTS SERVICE): 87-22-9, CALIDAD: FD&C AL 100%, ASPECTO F¿SICO: SOLIDO CRISTALINO, CONCENTRACI¿N: AL 100%, TIPO DE EMPAQUE: 1 TAMBOR PLASTICO DE 25KG., USO: INGREDIENTE SECUNDARIO DE USO INDUSTRIAL USADO POR PARTE DE LA INDUSTRIA INTERMEDIA EN LA FABRICACION DE FRAGANCIAS Y NO ES DE CONSUMO DIRECTO., MARCA: VENTOS LOTE: L4656657. MERCANCIA PELIGROSA UN3077 9 III PAIS DE ORIGEN: INDIA(361) 25KILOGRAMO (ITEM 32);25,00;KILOGRAMS;587,76;IMPORT;MARITIME;DECLARATIONS;ERNESTO VENTOS S.A.;;;;;;;;;;;;;;;;;;;;;;;;;;;;;;;;;;;;;;;;;;;;;;;;;;;;;;;;;;;;;;;;;;;;;;;;;;;;;;;;;;;;;;;;;;;;;;;;;;;;;;;;;;;;;;;;;;;;;;;;;;;;;;;;;;;;;;;;;;;;;;;;;;;;;;;;;;;;;;;;;;;;;;;;;;;;;;;;;;;;;;;;;;;;;;;;;;;;;;;;;;;;;;;;;;;;;;;;;;;;;;;;;;;;;;;;;;;;;;;;;;
20/02/2026;COLOMBIA - IMPORT;VENTOS COLOMBIA S.A.S.;COLOMBIA;ERNESTO VENTOS;INDIA;2909509000 - ETHERS, ETHER-ALCOHO(..) ETHER-PHENOLS, ETHER-ALCOHOL-PHENOLS AND THEIR HALOGENATED, SULPHONATED, NITRATED OR NITROSATED(..) OTHER;DO: 02260092, PEDIDO EMB 84, DECLARACION 22 DE 52, // FACTURA: P30247, FECHA: 13-01-2026, NO REQUIERE REGISTRO DE IMPORTACION, NOS ACOGEMOS AL DECRETO 0925/2013, NOS ACOGEMOS AL DECRETO 1881 DE 2021 GRAVAMEN 0%, MERCANCIA NUEVA. PRODUCTO: 2-METOXIFENOL, NOMBRE COMERCIAL: GUAIACOL, NO. CAS (N¿MERO DE REGISTRO DEL CHEMICAL ABSTRACTS SERVICE): 90-05-1, CALIDAD: FD&C AL 100%, ASPECTO F¿SICO: LIQUIDO FLUIDO TRANSPARENTE / SOLIDO, CONCENTRACI¿N: AL 100%, TIPO DE EMPAQUE: 1 TAMBOR PLASTICO DE 25KG., USO: INGREDIENTE SECUNDARIO DE USO INDUSTRIAL USADO POR PARTE DE LA INDUSTRIA INTERMEDIA EN LA FABRICACION DE FRAGANCIAS Y NO ES DE CONSUMO DIRECTO, MARCA: VENTOS LOTE: L4657090. PAISDE ORIGEN: INDIA(361) 25 KILOGRAMO (ITEM 31);25,00;KILOGRAMS;290,77;IMPORT;MARITIME;DECLARATIONS;ERNESTO VENTOS S.A.;;;;;;;;;;;;;;;;;;;;;;;;;;;;;;;;;;;;;;;;;;;;;;;;;;;;;;;;;;;;;;;;;;;;;;;;;;;;;;;;;;;;;;;;;;;;;;;;;;;;;;;;;;;;;;;;;;;;;;;;;;;;;;;;;;;;;;;;;;;;;;;;;;;;;;;;;;;;;;;;;;;;;;;;;;;;;;;;;;;;;;;;;;;;;;;;;;;;;;;;;;;;;;;;;;;;;;;;;;;;;;;;;;;;;;;;;;;;;;;;;;
20/02/2026;COLOMBIA - IMPORT;VENTOS COLOMBIA S.A.S.;COLOMBIA;ERNESTO VENTOS;HAITI;3301299000 - ESSENTIAL OILS (TERPENELESS OR NOT), INCLUDING CONCRETES AND A(..) ESSENTIAL OILS OTHER THAN THOSE OF CITRUS FRUIT:OTHER OTHER;DO: 02260092, PEDIDO EMB 84, DECLARACION 21 DE 52, // FACTURA: P30247, FECHA: 13-01-2026, NO REQUIERE REGISTRO DE IMPORTACION, NOS ACOGEMOS AL DECRETO 0925/2013, MERCANCIA NUEVA, PRODUCTO: VETIVER OIL, HAITI, ORIGEN: EL ACEITE ESENCIAL DE VETIVER SE OBTIENE PRINCIPALMENTE MEDIANTE LA DESTILACI¿N AL VAPOR (O HIDRODESTILACI¿N) DE LAS RA¿CESY RAICILLAS DE LA PLANTA CHRYSOPOGON ZIZANIOIDES, ASPECTO F¿SICO: LIQUIDO VISCOSO, FORMA DE PRESENTACI¿N Y EMPAQUE: 1 TAMBOR PLASTICO DE 25KG., USO: INGREDIENTE SECUNDARIO DE USO INDUSTRIAL USADO POR PARTE DE LA INDUSTRIA INTERMEDIA EN LA FABRICACION DE FRAGANCIAS Y NO ES DE CONSUMO DIRECTO., MARCA: VENTOS, REFERENCIA: SIN FERENCIA LOTE: L4687096. MERCANCIA PELIGROSA UN3082 9 III PAIS DE ORIGEN: HAIT¿(341) 25 KILOGRAMO (ITEM 29), PRODUCTO: GINGER OIL, ORIGEN: EL ACEITE ESENCIAL DE JENGIBRE (ZINGIBER OFFICINALE) SE OBTIENE PRINCIPALMENTE MEDIANTE LA DESTILACI¿N POR ARRASTRE DE VAPOR DE LOS RIZOMAS FRESCOS O SECOS, ASPECTO F¿SICO: LIQUIDO FLUIDO TRANSPARENTE, FORMA DE PRESENTACI¿N YEMPAQUE: 1 TAMBOR METALICO DE 50KG., USO: INGREDIENTE SECUNDARIO DE USO INDUSTRIAL PARA LA ELABORACION DE SABORES POR PARTE DE LA INDUSATRIA INTERMEDIA Y NO ES DE CONSUMO DIRECTO., MARCA: GIVAUDAN, REFERENCIA: SIN FERENCIA LOTE: L4681423, MERCANCIA PELIGROSA UN3082 9 III. PAIS DE ORIGEN: CHINA(215) 50 KILOGRAMO (ITEM 30), PRODUCTO: CEDARWOODOIL ASIA, ORIGEN: EL ACEITE ESENCIAL DE CEDRO SE OBTIENE PRINCIPALMENTE MEDIANTE LA DESTILACI¿N POR ARRASTRE DE VAPOR DE LA MADERA, CORTEZA, RA¿CES Y, A VECES, HOJAS DE DIVERSAS ESPECIES DE ¿RBOLES DE CEDRO (COMO CEDRUS ATLANTICA O JUNIPERUS VIRGINIANA)., ASPECTO F¿SICO: LIQUIDO ALGO VISCOSO TRANSPARENTE, FORMA DE PRESENTACI¿N Y EMPAQUE: 1 TAMBOR PLASTICO DE 25KG., USO: INGREDIENTE SECUNDARIO DE USO INDUSTRIAL USADO POR PARTE DE LA INDUSTRIA INTERMEDIA EN LA FABRICACION DE FRAGANCIAS Y NO ES DE CONSUMO DIRECTO, MARCA: VENTOS, REFERENCIA: SIN FERENCIA LOTE: L4550761. MERCANCIA PELIGROSA UN1760 8 III PAIS DE ORIGEN: CHINA(215) 25 KILOGRAMO (ITEM 38), PRODUCTO: GERANIUM OIL, BOURBON,ORIGEN: EL ACEITE ESENCIAL DE GERANIO SE EXTRAE MEDIANTE DESTILACI¿N POR ARRASTRE DE VAPOR DE LAS HOJAS, TALLOS Y A VECES FLORES DE LA PLANTA DE GERANIO (PELARGONIUM GRAVEOLENS)., ASPECTO F¿SICO: LIQUIDO FLUIDO TRANSPARENTE, FORMADE PRESENTACI¿N Y EMPAQUE: 1 TAMBOR POR 25KG., USO: INGREDIENTE SECUNDARIO DE USO INDUSTRIAL USADO POR PARTE DE LAINDUSTRIA INTERMEDIA EN LA FABRICACION DE FRAGANCIAS Y NO ES DE CONSUMO DIRECTO., MARCA: VENTOS, REFERENCIA: SIN FERENCIA LOTE: L4687097. MERCANCIA PELIGROSA UN3082 9 III. PAIS DE ORIGEN: MADAGASCAR(450) 25 KILOGRAMO (ITEM 44), PRODUCTO: FENUGREEK ABSOLUTE, ORIGEN: EL ABSOLUTO DE FENOGRECO SE OBTIENE PRINCIPALMENTE MEDIANTE EXTRACCI¿N POR DISOLVENTES (COMO HEXANO O ETANOL), ASPECTO F¿SICO: LIQUIDO VISCOSO, FORMA DE PRESENTACI¿N Y EMPAQUE: 1 BIDON DE ALUMINIO DE 5KG., USO: INGREDIENTE SECUNDARIO DE USO INDUSTRIAL USADO POR PARTE DE LA INDUSTRIA INTERMEDIA EN LA FABRICACION DE FRAGANCIAS Y NO ES DE CONSUMO DIRECTO., MARCA: VENTOS, REFERENCIA: SIN FERENCIA LOTE: L4667072. PAIS DE ORIGEN: MARRUECOS(474) 5 KILOGRAMO (ITEM 48);130,00;KILOGRAMS;19.900,47;IMPORT;MARITIME;DECLARATIONS;ERNESTO VENTOS S.A.;;;;;;;;;;;;;;;;;;;;;;;;;;;;;;;;;;;;;;;;;;;;;;;;;;;;;;;;;;;;;;;;;;;;;;;;;;;;;;;;;;;;;;;;;;;;;;;;;;;;;;;;;;;;;;;;;;;;;;;;;;;;;;;;;;;;;;;;;;;;;;;;;;;;;;;;;;;;;;;;;;;;;;;;;;;;;;;;;;;;;;;;;;;;;;;;;;;;;;;;;;;;;;;;;;;;;;;;;;;;;;;;;;;;;;;;;;;;;;;;;;
20/02/2026;COLOMBIA - IMPORT;VENTOS COLOMBIA S.A.S.;COLOMBIA;ERNESTO VENTOS;INDIA;2916390000 - UNSATURATED       AC(..) AROMATIC MONOCARBOXYLIC ACIDS, THEIR ANHYDRIDES, HALIDES, PEROXIDES, PEROXYACIDS AND THEIR DERIVATIV(..);DO: 02260092, PEDIDO EMB 84, DECLARACION 20 DE 52, // FACTURA: P30247, FECHA: 13-01-2026, NO REQUIERE REGISTRO DE IMPORTACION, NOS ACOGEMOS AL DECRETO 0925/2013, NOS ACOGEMOS AL DECRETO 272 DE 2018 GRAVAMEN 0%, MERCANCIA NUEVA. PRODUCTO: ETHYL 2-PHENYLACETATE, NOMBRE COMERCIAL: METHYL PHENYLACETATE, NO. CAS (N¿MERO DE REGISTRO DEL CHEMICAL ABSTRACTS SERVICE): 101-41-7, CALIDAD: FD&C AL 100%, ASPECTO F¿SICO: LIQUIDO FLUIDO TRANSPARENTE, CONCENTRACI¿N: AL 100%, TIPO DE EMPAQUE: 1 TAMBOR METALICO DE 215KG., USO: MATERIA PRIMA USADA EN LA FABRICACION DE FRAGANCIAS PARA AROMATIZAR JABONERIA, DESODORANTES, AMBIENTADORES Y PRODUCTOS DE ASEO DOMESTICO. SECTOR AL CUAL VA DIRIGIDO: INDUSTRIA INTERMEDIA DE FRAGANCIAS, MARCA: VENTOS LOTE: L4671841. PAIS DE ORIGEN: INDIA(361) 215 KILOGRAMO (ITEM 27);215,00;KILOGRAMS;1.707,79;IMPORT;MARITIME;DECLARATIONS;ERNESTO VENTOS S.A.;;;;;;;;;;;;;;;;;;;;;;;;;;;;;;;;;;;;;;;;;;;;;;;;;;;;;;;;;;;;;;;;;;;;;;;;;;;;;;;;;;;;;;;;;;;;;;;;;;;;;;;;;;;;;;;;;;;;;;;;;;;;;;;;;;;;;;;;;;;;;;;;;;;;;;;;;;;;;;;;;;;;;;;;;;;;;;;;;;;;;;;;;;;;;;;;;;;;;;;;;;;;;;;;;;;;;;;;;;;;;;;;;;;;;;;;;;;;;;;;;;
20/02/2026;COLOMBIA - IMPORT;VENTOS COLOMBIA S.A.S.;COLOMBIA;ERNESTO VENTOS;BRAZIL;"3301120000 - ESSENTIAL OILS (TERPENELESS OR NOT), INCLUDING CONCRETES AND ABSOLUTES; RESINOID(..) ESSENTIAL OILS OF CITRUS FRUIT:OF ORANGE";DO: 02260092, PEDIDO EMB 84, DECLARACION 19 DE 52, // FACTURA: P30247, FECHA: 13-01-2026, NO REQUIERE REGISTRO DE IMPORTACION, NOS ACOGEMOS AL DECRETO 0925/2013, MERCANCIA NUEVA, PRODUCTO: ACEITE ESENCIAL DE NARANJA, NOMBRE COMERCIAL: SINESAL NATURAL(EX ORANGE), ORIGEN: EL ACEITE ESENCIAL DE NARANJA SE OBTIENE PRINCIPALMENTE DE LA C¿SCARA (PERICARPIO) DEL FRUTO CITRUS SINENSIS MEDIANTE EL M¿TODO DE PRENSADO EN FR¿O, ASPECTO F¿SICO: LIQUIDO FLUIDO TRANSPARENTE, FORMA DE PRESENTACI¿N Y EMPAQUE: 2BIDONES DE ALUMINIO DE 1KG. CADA UNO., USO: INGREDIENTE SECUNDARIO DE USO INDUSTRIAL USADO POR PARTE DE LA INDUSTRIA INTERMEDIA EN LA FABRICACION DE FRAGANCIAS Y NO ES DE CONSUMO DIRECTO., MARCA: VENTOS, REFERENCIA: SIN FERENCIA LOTE: L4683691. MERCANCIA PELIGROSA UN1993 3 III PAIS DE ORIGEN: REINO UNIDO(628) 2 KILOGRAMO (ITEM 25), PRODUCTO: ORANGE OIL 5X, ORIGEN: EL ACEITE ESENCIAL DE NARANJA SE OBTIENE PRINCIPALMENTE MEDIANTE PRESI¿N EN FR¿O DE LA C¿SCARA DE LA FRUTA., ASPECTO F¿SICO: LIQUIDO FLUIDO TRANSPARENTE, FORMA DEPRESENTACI¿N Y EMPAQUE: 1 TAMBOR METALICO DE 180KG. Y 1 TAMBOR PLASTICO DE 50KG., USO: MATERIA PRIMA PARA LA ELABORACION DE SABORES POR PARTE DE LA INDUSTRIA INTERMEDIA POR LO TANTO NO SON PRODUCTOS DE CONSUMO DIRECTO., MARCA: VENTOS, REFERENCIA: SIN FERENCIA LOTE: L4687098 180KG. Y LOTE: L4687099. 50KG. MERCANCIA PELIGROSA UN1197 3 III. PAISDE ORIGEN: BRASIL(105) 230 KILOGRAMO (ITEM 70);232,01;KILOGRAMS;17.114,88;IMPORT;MARITIME;DECLARATIONS;ERNESTO VENTOS S.A.;;;;;;;;;;;;;;;;;;;;;;;;;;;;;;;;;;;;;;;;;;;;;;;;;;;;;;;;;;;;;;;;;;;;;;;;;;;;;;;;;;;;;;;;;;;;;;;;;;;;;;;;;;;;;;;;;;;;;;;;;;;;;;;;;;;;;;;;;;;;;;;;;;;;;;;;;;;;;;;;;;;;;;;;;;;;;;;;;;;;;;;;;;;;;;;;;;;;;;;;;;;;;;;;;;;;;;;;;;;;;;;;;;;;;;;;;;;;;;;;;;
20/02/2026;COLOMBIA - IMPORT;VENTOS COLOMBIA S.A.S.;COLOMBIA;ERNESTO VENTOS;SPAIN;3301293000 - ESSENTIAL OILS (TERPENELESS OR NOT), INCL(..) ESSENTIAL OILS OTHER THAN THOSE OF CITRUS FRUIT:OTHER OF LAVENDER OR OF LAVANDIN;DO: 02260092, PEDIDO EMB 84, DECLARACION 18 DE 52, // FACTURA: P30247, FECHA: 13-01-2026, NOS ACOGEMOS AL DECRETO 2247 DE 2014 ACUERDO CON LA UNION EUROPEA, NOTA DE ORIGEN EN FACTURA COMERCIAL NO. DE AUTORIZACION ESEAOR19000171, MERCANCIA NUEVA, PRODUCTO: LAVANDIN OIL, ABRIALIS, ORIGEN: EL ACEITE ESENCIAL DE LAVANDA SE OBTIENE POR ARRASTREDE VAPOR DE LA PLANTA DE LAV¿NDULA ANGUSTIFOLIA., ASPECTO F¿SICO: LIQUIDO, FORMA DE PRESENTACI¿N Y EMPAQUE: 1 TAMBOR METALICO DE 100KG., USO: INGREDIENTE SECUNDARIO DE USO INDUSTRIAL USADO POR PARTE DE LA INDUSTRIA INTERMEDIA EN LA FABRICACION DE FRAGANCIAS Y NO ES DE CONSUMO DIRECTO, MARCA: VENTOS, REFERENCIA: SIN FERENCIA LOTE: L4684157. PAIS DE ORIGEN: ESPA¿A(245) 100 KILOGRAMO (ITEM 22);100,00;KILOGRAMS;3.236,73;IMPORT;MARITIME;DECLARATIONS;ERNESTO VENTOS S.A.;;;;;;;;;;;;;;;;;;;;;;;;;;;;;;;;;;;;;;;;;;;;;;;;;;;;;;;;;;;;;;;;;;;;;;;;;;;;;;;;;;;;;;;;;;;;;;;;;;;;;;;;;;;;;;;;;;;;;;;;;;;;;;;;;;;;;;;;;;;;;;;;;;;;;;;;;;;;;;;;;;;;;;;;;;;;;;;;;;;;;;;;;;;;;;;;;;;;;;;;;;;;;;;;;;;;;;;;;;;;;;;;;;;;;;;;;;;;;;;;;;
20/02/2026;COLOMBIA - IMPORT;VENTOS COLOMBIA S.A.S.;COLOMBIA;ERNESTO VENTOS;SWITZERLAND;3302900000 - MIXTURES OF ODORIFEROUS SUBSTANCES AND MIXTURES (INCLUDING ALCOHOLIC SOLUTIONS) WITH A BASIS OF ONE OR MORE OF THES(..) OTHER;"DO: 02260092, PEDIDO EMB 84, DECLARACION 17 DE 52, // FACTURA: P30247, FECHA: 13-01-2026, REG-50015895-20260127N FECHA DE 27-01-2026, VINVIMA-26-0011396 FECHA DE 27-01-2026, MERCANCIA NUEVA, PRODUCTO: ROSE WARDIA 184113, COMPOSICI¿N: CITRONELOL CAS: 106-22-9; GERANIOL CAS: 106-24-1; NEROL CAS: 106-25-2; ETANOL CAS: 64-17-5; LINALOL CAS: 78-70-6; METIL ISOEUGENOL CAS: 93-16-3; ACETATO DE 2-FENILETILO CAS: 103-45-7; ACETATO DE GERANILO CAS: 105-87-3; EUGENOL CAS: 97-93-0; ALFA-PINENO CAS: 80-56-8; OXIDODE ROSA CAS: 939-429-1; CITRAL CAS: 5392-405; BETA-DAMASCONA CAS: 23726-91-2; NEROLIDOL CAS: 7212-44-4, ORIGEN: ARTIFICIAL, ASPECTO F¿SICO: LIQUIDO, FORMA DE PRESENTACI¿N Y EMPAQUE: 1 BIDON DE 4KG., USO: MATERIA PRIMA USADA EN LA FABRICACION DE FRAGANCIASPARA AROMATIZAR JABONERIA, DESODORANTES, AMBIENTADORES Y PRODUCTOS DE ASEO DOMESTICO. SECTOR AL CUAL VA DIRIGIDO: INDUSTRIA INTERMEDIA DE FRAGANCIAS, MARCA: VENTOS, REFERENCIA: SIN FERENCIA LOTE: L4686677. PAIS DE ORIGEN: SUIZA(767) 4 KILOGRAMO (ITEM 20)";4,01;KILOGRAMS;1.590,03;IMPORT;MARITIME;DECLARATIONS;ERNESTO VENTOS S.A.;;;;;;;;;;;;;;;;;;;;;;;;;;;;;;;;;;;;;;;;;;;;;;;;;;;;;;;;;;;;;;;;;;;;;;;;;;;;;;;;;;;;;;;;;;;;;;;;;;;;;;;;;;;;;;;;;;;;;;;;;;;;;;;;;;;;;;;;;;;;;;;;;;;;;;;;;;;;;;;;;;;;;;;;;;;;;;;;;;;;;;;;;;;;;;;;;;;;;;;;;;;;;;;;;;;;;;;;;;;;;;;;;;;;;;;;;;;;;;;;;;
20/02/2026;COLOMBIA - IMPORT;VENTOS COLOMBIA S.A.S.;COLOMBIA;ERNESTO VENTOS;CHINA;2911000000 - ACETALS AND HEMIACET(..) ACETALS AND HEMIACETALS, WHETHER OR NOT WITH OTHER OXYGEN FUNCTION, AND THEIR HALOGENATED, SULPHONAT(..);DO: 02260092, PEDIDO EMB 84, DECLARACION 16 DE 52, // FACTURA: P30247, FECHA: 13-01-2026, NO REQUIERE REGISTRO DE IMPORTACION, NOS ACOGEMOS AL DECRETO 0925/2013, NOS ACOGEMOS AL DECRETO 272 DE 2018 GRAVAMEN 0%, MERCANCIA NUEVA, PRODUCTO: 1,1-DIMETOXI-2-FENIL PROPANO, NOMBRE COMERCIAL: HYDRATROPIC ALDEHYDE DMA IFF, NO. CAS (N¿MERO DE REGISTRO DEL CHEMICAL ABSTRACTS SERVICE): 90-87-9, CALIDAD: FD&C AL 100%, ASPECTO F¿SICO: LIQUIDO FLUIDO TRANSPARENTE, CONCENTRACI¿N: AL 100%, TIPO DE EMPAQUE: 1 BIDON DEALUMINIO DE 5KG., USO: INGREDIENTE SECUNDARIO DE USO INDUSTRIAL USADO POR PARTE DE LA INDUSTRIA INTERMEDIA EN LA FABRICACION DE FRAGANCIAS Y NO ES DE CONSUMO DIRECTO, MARCA: VENTOS LOTE: L4681379. PAIS DE ORIGEN: CHINA(215) 5 KILOGRAMO (ITEM 19);5,00;KILOGRAMS;450,12;IMPORT;MARITIME;DECLARATIONS;ERNESTO VENTOS S.A.;;;;;;;;;;;;;;;;;;;;;;;;;;;;;;;;;;;;;;;;;;;;;;;;;;;;;;;;;;;;;;;;;;;;;;;;;;;;;;;;;;;;;;;;;;;;;;;;;;;;;;;;;;;;;;;;;;;;;;;;;;;;;;;;;;;;;;;;;;;;;;;;;;;;;;;;;;;;;;;;;;;;;;;;;;;;;;;;;;;;;;;;;;;;;;;;;;;;;;;;;;;;;;;;;;;;;;;;;;;;;;;;;;;;;;;;;;;;;;;;;;
20/02/2026;COLOMBIA - IMPORT;VENTOS COLOMBIA S.A.S.;COLOMBIA;ERNESTO VENTOS;SWITZERLAND;2914299000 - KETONES AND QUINONES, WHETHER OR NOT(..) CYCLANIC, CYCLENIC OR CYCLOTERPENIC KETONES WITHOUT OTHER OXYGEN FUNCTION:OTHER OTHER;DO: 02260092, PEDIDO EMB 84, DECLARACION 15 DE 52, // FACTURA: P30247, FECHA: 13-01-2026, NO REQUIERE REGISTRO DE IMPORTACION, NOS ACOGEMOS AL DECRETO 0925/2013, NOS ACOGEMOS AL DECRETO 272 DE 2018 GRAVAMEN 0%, MERCANCIA NUEVA. PRODUCTO: L-1-METIL-4-ISOPROPENIL-6-CICLOHEXEN-2-ONA, NOMBRE COMERCIAL: CARVONE-L, NO. CAS (N¿MERO DE REGISTRO DEL CHEMICAL ABSTRACTS SERVICE): 6485-40-1, CALIDAD: FD&C AL 100%, ASPECTO F¿SICO: LIQUIDO FLUIDO TRANSPARENTE, CONCENTRACI¿N: AL 100%, TIPO DE EMPAQUE: 1 TAMBOR METALICO DE 50KG., USO: INGREDIENTE SECUNDARIO DE USO INDUSTRIAL USADO POR PARTE DE LA INDUSTRIA INTERMEDIA EN LA FABRICACION DE FRAGANCIAS. SECTOR AL CUAL VA DIRIGIDO: INDUSTRIA INTERMEDIA DE FRAGANCIAS, MARCA: VENTOS LOTE: L4667795. PAIS DE ORIGEN: INDIA(361) 50 KILOGRAMO (ITEM 18), PRODUCTO: 2,2,5-TRIMETIL-5-PENTILCICLOPENTANONA, NOMBRE COMERCIAL: VELOUTONE FIRMENICH 990257, NO. CAS (N¿MERO DE REGISTRO DEL CHEMICAL ABSTRACTS SERVICE): 65443-14-3, CALIDAD: FD&C AL 10%, ASPECTO F¿SICO: LIQUIDO FLUIDO TRANSPARENTE, CONCENTRACI¿N: AL 100%, TIPO DE EMPAQUE: TAMBOR DE ALUMINIO DE 10KG., USO: INGREDIENTE SECUNDARIO DE USO INDUSTRIAL USADO POR PARTE DE LA INDUSTRIA INTERMEDIA EN LA FABRICACION DE FRAGANCIAS Y NO ES DE CONSUMO DIRECTO, MARCA: VENTOS LOTE: L4675730PAIS DE ORIGEN: SUIZA(767) 10 KILOGRAMO (ITEM 34), PRODUCTO: 3-METIL-2-(2-PENTENIL)-2-CICLOPENTEN-1-ONA, NOMBRE COMERCIAL: CIS-JASMONE ASIA, NO. CAS (N¿MERO DE REGISTRO DEL CHEMICAL ABSTRACTS SERVICE): 488-10-8, CALIDAD: FD&C AL 100%, ASPECTO F¿SICO: LIQUIDO FLUIDO TRANSPARENTE, CONCENTRACI¿N: AL 100%, TIPO DE EMPAQUE: 1 BIDON DE 10KG., USO: INGREDIENTE SECUNDARIO DE USO INDUSTRIAL USADO POR PARTE DE LA INDUSTRIA INTERMEDIA EN LA FABRICACION DE FRAGANCIAS Y NO ES DE CONSUMO DIRECTO, MARCA: VENTOS LOTE: L4670588. PAIS DE ORIGEN: CHINA(215) 10 KILOGRAMO (ITEM 75);70,00;KILOGRAMS;5.874,09;IMPORT;MARITIME;DECLARATIONS;ERNESTO VENTOS S.A.;;;;;;;;;;;;;;;;;;;;;;;;;;;;;;;;;;;;;;;;;;;;;;;;;;;;;;;;;;;;;;;;;;;;;;;;;;;;;;;;;;;;;;;;;;;;;;;;;;;;;;;;;;;;;;;;;;;;;;;;;;;;;;;;;;;;;;;;;;;;;;;;;;;;;;;;;;;;;;;;;;;;;;;;;;;;;;;;;;;;;;;;;;;;;;;;;;;;;;;;;;;;;;;;;;;;;;;;;;;;;;;;;;;;;;;;;;;;;;;;;;
20/02/2026;COLOMBIA - IMPORT;VENTOS COLOMBIA S.A.S.;COLOMBIA;ERNESTO VENTOS;SPAIN;2914299000 - KETONES AND QUINONES, WHETHER OR NOT(..) CYCLANIC, CYCLENIC OR CYCLOTERPENIC KETONES WITHOUT OTHER OXYGEN FUNCTION:OTHER OTHER;DO: 02260092, PEDIDO EMB 84, DECLARACION 14 DE 52, // FACTURA: P30247, FECHA: 13-01-2026, NO REQUIERE REGISTRO DE IMPORTACION, NOS ACOGEMOS AL DECRETO 0925/2013, NOS ACOGEMOS AL DECRETO 2247 DE 2014 ACUERDO CON LA UNION EUROPEA, NOTA DE ORIGEN EN FACTURA COMERCIAL NO. DE AUTORIZACION ESEAOR19000171 MERCANCIA NUEVA, PRODUCTO: CICLOHEXADECANONA, NOMBRE COMERCIAL: ISOMUSCONE (CYCLOHEXADECANONE), NO. CAS (N¿MERO DE REGISTRO DEL CHEMICAL ABSTRACTS SERVICE): 2550-52-9, CALIDAD: FD&C AL 100%, ASPECTO F¿SICO: POLVO, ESCAMAS O GRANULADO, CONCENTRACI¿N: AL 100%, TIPO DE EMPAQUE: 1 CAJA DE CARTON DE 15KG., USO: INGREDIENTE SECUNDARIO DE USO INDUSTRIAL PARA LA ELABORACION DE SABORES PORPARTE DE LA INDUSATRIA INTERMEDIA Y NO ES DE CONSUMO DIRECTO., MARCA: VENTOSLOTE: L4683208. PAIS DE ORIGEN: ALEMANIA(023) 15 KILOGRAMO (ITEM 17), PRODUCTO: ALIL ALFA-IONONA, NOMBRE COMERCIAL: HEXALON IFF/ALLYL ALPHA-IONONE, NO. CAS (N¿MERO DE REGISTRO DEL CHEMICAL ABSTRACTS SERVICE): 79-78-7, CALIDAD: FD&C AL 100%, ASPECTO F¿SICO: LIQUIDOFLUIDO TRANSPARENTE, CONCENTRACI¿N: AL 100%, TIPO DE EMPAQUE: 1 TAMBOR METALICO DE 25KG., USO: INGREDIENTE SECUNDARIO DE USO INDUSTRIAL USADO POR PARTE DE LA INDUSTRIA INTERMEDIA EN LA FABRICACION DE FRAGANCIAS Y NO ES DE CONSUMO DIRECTO, MARCA: VENTOS LOTE: L4672555. MERCANCIA PELIGROSA UN3082 9 III. PAIS DE ORIGEN: ESPA¿A(245) 25 KILOGRAMO(ITEM 35);40,00;KILOGRAMS;5.396,06;IMPORT;MARITIME;DECLARATIONS;ERNESTO VENTOS S.A.;;;;;;;;;;;;;;;;;;;;;;;;;;;;;;;;;;;;;;;;;;;;;;;;;;;;;;;;;;;;;;;;;;;;;;;;;;;;;;;;;;;;;;;;;;;;;;;;;;;;;;;;;;;;;;;;;;;;;;;;;;;;;;;;;;;;;;;;;;;;;;;;;;;;;;;;;;;;;;;;;;;;;;;;;;;;;;;;;;;;;;;;;;;;;;;;;;;;;;;;;;;;;;;;;;;;;;;;;;;;;;;;;;;;;;;;;;;;;;;;;;
20/02/2026;COLOMBIA - IMPORT;VENTOS COLOMBIA S.A.S.;COLOMBIA;ERNESTO VENTOS;MALAYSIA;1516200000 - ANIMAL, VEGETABLE OR MICROBIAL FATS AND OILS AND THEIR FRACTIONS, PARTLY OR W(..) VEGETABLE FATS AND OILS AND THEIR FRACTIONS;DO: 02260092, PEDIDO EMB 84, DECLARACION 13 DE 52, // FACTURA: P30247, FECHA: 13-01-2026, REG-50015895-20260127N FECHA DE 27-01-2026, VINVIMA-26-0011396 FECHA DE 27-01-2026, CERTIFICADO INVIMA NO. CR-2026003700 DE 17-02-2026, ARANCEL VARIABLE DEL 20% CIRCULAR NO. 12757000005948 FECHA DESDE 16-02-2026 HASTA 28-02-2026, MERCANCIA NUEVA, PRODUCTO: ESTER 610 (MYGLIOL), NOMBRE T¿CNICO: MCT (TRIGLICERIDO CAPRICO-CAPRILICO)(BASE PALMA), GRADO DE ELABORACI¿N: ACITE REFFINADO, PROCESO QUIMICO O FISICO A QUE HA SIDO SOMETIDO: MODIFICADO QUIMICAMENTE, USO: INGREDIENTE SECINDARIO DE USO INDUSTRIAL PARA LA ELABORACION DE SABORES Y NO ES DE COSUMO DIRECTO. SECTOR AL CUAL VA DIRIGIDO: INDUSTRIA DE SABORES, MARCA: VENTOS LOTE: L4684002. FORMA DE PRESENTACION Y EMPAQUE: 2 TAMBORES METALICOS DE 200KG. CADA UNO. PAIS DE ORIGEN: MALASIA(455) 400 KILOGRAMO (ITEM 16), PRODUCTO: ESTER 610 (MYGLIOL), NOMBRE T¿CNICO: MCT (TRIGLICERIDO CAPRICO-CAPRILICO)(BASE PALMA), GRADO DE ELABORACI¿N: ACITE REFFINADO, PROCESO QUIMICO O FISICO A QUE HASIDO SOMETIDO: MODIFICADO QUIMICAMENTE, USO: INGREDIENTE SECINDARIO DE USO INDUSTRIAL PARA LA ELABORACION DE SABORES Y NO ES DE COSUMO DIRECTO. SECTOR AL CUAL VA DIRIGIDO: INDUSTRIA DE SABORES, MARCA: VENTOS LOTE: L4684002 PAIS DE ORIGEN: MALASIA(455) 200 KILOGRAMO (ITEM 21);600,00;KILOGRAMS;5.067,08;IMPORT;MARITIME;DECLARATIONS;ERNESTO VENTOS S.A.;;;;;;;;;;;;;;;;;;;;;;;;;;;;;;;;;;;;;;;;;;;;;;;;;;;;;;;;;;;;;;;;;;;;;;;;;;;;;;;;;;;;;;;;;;;;;;;;;;;;;;;;;;;;;;;;;;;;;;;;;;;;;;;;;;;;;;;;;;;;;;;;;;;;;;;;;;;;;;;;;;;;;;;;;;;;;;;;;;;;;;;;;;;;;;;;;;;;;;;;;;;;;;;;;;;;;;;;;;;;;;;;;;;;;;;;;;;;;;;;;;
20/02/2026;COLOMBIA - IMPORT;VENTOS COLOMBIA S.A.S.;COLOMBIA;ERNESTO VENTOS;BRAZIL;"3301909000 - ESSENTIAL OILS (TERPENELESS OR NOT), INCLUDING CONCRETES AND ABSOLUTES; RESINOIDS; EXTRACTED OLEORESINS; CONCE(..) OTHER OTHER";DO: 02260092, PEDIDO EMB 84, DECLARACION 12 DE 52, // FACTURA: P30247, FECHA: 13-01-2026, NO REQUIERE REGISTRO DE IMPORTACION, NOS ACOGEMOS AL DECRETO 0925/2013, MERCANCIA NUEVA, PRODUCTO: LEMON TERPENES, ORIGEN: SE EXTRAE DE LA CORTEZA DEL LIOM, ASPECTO F¿SICO: LIQUIDO, FORMA DE PRESENTACI¿N Y EMPAQUE: 3 TAMBORES METALICOS DE 173KG. CADAUNO., USO: MATERIA PRIMA USADA EN LA FABRICACION DE FRAGANCIAS PARA AROMATIZAR JABONERIA, DESODORANTES, AMBIENTADORES Y PRODUCTOS DE ASEO DOMESTICO. SECTOR AL CUAL VADIRIGIDO: INDUSTRIA INTERMEDIA DE FRAGANCIAS, MARCA: VENTOS, REFERENCIA: SIN REFERENCIA, LOTES: L4673357. L4673358, Y L4687100 CADA UNO POR 173KG. MERCANCIA PELIGROSA: UN 23193 III PAIS DE ORIGEN: BRASIL(105) 519 KILOGRAMO (ITEM 13), PRODUCTO: TERPENOS NARANJA, ORIGEN: LOS TERPENOS DE NARANJA SE OBTIENEN PRINCIPALMENTE A TRAV¿S DEL PRENSADO EN FR¿O DE LA C¿SCARA DE NARANJA, ASPECTO F¿SICO: LIQUIDO, FORMA DE PRESENTACI¿N Y EMPAQUE: 2 TAMBORES METALICOS DE 173KG C/U, USO: INGREDIENTE SECUNDARIO DE USO INDUSTRIAL USADO POR PARTE DE LA INDUSTRIA INTERMEDIA EN LA FABRICACION DE FRAGANCIAS Y NO ES DE CONSUMO DIRECTO., MARCA: VENTOS, REFERENCIA: SIN FERENCIA LOTES: L4671312. Y L4671170. MERCANCIA PELIGROSA UN1993 3 III PAIS DE ORIGEN: BRASIL(105) 346 KILOGRAMO(ITEM 46), PRODUCTO: LIME TERPENES, ORIGEN: LOS TERPENOS DE LIMA SE OBTIENEN MAYORITARIAMENTE A TRAV¿S DE M¿TODOS DE EXTRACCI¿N DE LA C¿SCARA C¿TRICA, SIENDO EL PRENSADO EN FR¿O Y LA DESTILACI¿N POR VAPOR LOS M¿S COMUNES, ASPECTO F¿SICO: LIQUIDO, FORMA DEPRESENTACI¿N Y EMPAQUE: 1 TAMBOR METALICO DE25KG., USO: INGREDIENTE SECUNDARIO DE USO INDUSTRIAL USADO POR PARTE DE LA INDUSTRIA INTERMEDIA EN LA FABRICACION DE FRAGANCIAS Y NO ES DE CONSUMO DIRECTO, MARCA: VENTOS, REFERENCIA: SIN FERENCIA LOTE: L4677455. MERCANCIA PELIGROSA UN1197 3 III PAIS DE ORIGEN: M¿XICO(493) 25 KILOGRAMO (ITEM 57);890,00;KILOGRAMS;11.343,90;IMPORT;MARITIME;DECLARATIONS;ERNESTO VENTOS S.A.;;;;;;;;;;;;;;;;;;;;;;;;;;;;;;;;;;;;;;;;;;;;;;;;;;;;;;;;;;;;;;;;;;;;;;;;;;;;;;;;;;;;;;;;;;;;;;;;;;;;;;;;;;;;;;;;;;;;;;;;;;;;;;;;;;;;;;;;;;;;;;;;;;;;;;;;;;;;;;;;;;;;;;;;;;;;;;;;;;;;;;;;;;;;;;;;;;;;;;;;;;;;;;;;;;;;;;;;;;;;;;;;;;;;;;;;;;;;;;;;;;
20/02/2026;COLOMBIA - IMPORT;VENTOS COLOMBIA S.A.S.;COLOMBIA;ERNESTO VENTOS;MALAYSIA;"2915909000 - SATURATED ACYCLIC MONOCARBOXYLIC ACIDS AND THEIR ANHYDRIDES, HALIDES, PEROXIDES AND PEROXYACIDS; THEIR HALOGEN(..) OTHER OTHER";DO: 02260092, PEDIDO EMB 84, DECLARACION 11 DE 52, // FACTURA: P30247, FECHA: 13-01-2026, NO REQUIERE REGISTRO DE IMPORTACION, NOS ACOGEMOS AL DECRETO 0925/2013, NOS ACOGEMOS AL DECRETO 272 DE 2018 GRAVAMEN 0%, MERCANCIA NUEVA. PRODUCTO: ACIDO HEXANOICO, NOMBRE COMERCIAL: ACIDO CAPROICO, NO. CAS (N¿MERO DE REGISTRO DEL CHEMICAL ABSTRACTS SERVICE): 142-62-1, CALIDAD: FD&C AL 100%, ASPECTO F¿SICO: LIQUIDO FLUIDO TRANSPARENTE, CONCENTRACI¿N: AL 100%, TIPO DE EMPAQUE: 3 TAMBORES PLASTICOS DE 180KG. CADA UNO., USO: INGREDIENTE SECUNDARIO DE USO INDUSTRIAL USADO POR PARTE DE LA INDUSTRIA INTERMEDIA EN LA FABRICACION DE FRAGANCIAS Y NO ES DE CONSUMO DIRECTO., MARCA: VENTOS LOTE: L4680113.MERCANCIA PELIGROSA 8 III PAIS DE ORIGEN: MALASIA(455) 540 KILOGRAMO (ITEM 12), PRODUCTO: TETRADECANOATO DE ISOPROPILO, NOMBRE COMERCIAL: ISOPROPYL MYRISTATE, NO. CAS (N¿MERO DE REGISTRO DEL CHEMICAL ABSTRACTS SERVICE): 110-27-0, CALIDAD: FD&C AL 100%, ASPECTO F¿SICO: LIQUIDO FLUIDO TRANSPARENTE / SOLIDO, CONCENTRACI¿N: AL 100%, TIPODE EMPAQUE: 4 TAMBORES DE 175KG. CADA UNO, USO: INGREDIENTE SECUNDARIO DE USO INDUSTRIAL PARA LA ELABORACION DE FRAGANCIAS POR PARTE DE LA INDUSTRIA INTERMEDIA. Y NO SON PRODUCTOS DE USO DIRECTO., MARCA: VENTOS LOTE: L4684371. PAIS DE ORIGEN: MALASIA(455) 700 KILOGRAMO (ITEM 23), PRODUCTO: CAPROATO DE METILO, NOMBRE COMERCIAL: METHYL HEXANOATE, NO. CAS (N¿MERO DE REGISTRO DEL CHEMICAL ABSTRACTS SERVICE): 106-70-7, CALIDAD: FD&C AL 100%, ASPECTO F¿SICO: LIQUIDO FLUIDO TRANSPARENTE, CONCENTRACI¿N: AL 100%, TIPO DE EMPAQUE: 1 TAMBOR PLASTICO DE 25KG., USO: INGREDIENTE SECUNDARIO DE USO INDUSTRIAL USADO POR PARTE DE LA INDUSTRIA INTERMEDIA EN LA FABRICACION DE FRAGANCIAS Y NO ES DECONSUMO DIRECTO., MARCA: VENTOS LOTE: 4667637. MERCANCIA PELIGROSA UN3272 3 III PAIS DE ORIGEN: CHINA(215) 25 KILOGRAMO (ITEM 53), PRODUCTO: NATURAL CAPRIC, NOMBRE COMERCIAL: DECANOIC ACID NATURAL, NO. CAS (N¿MERO DE REGISTRO DEL CHEMICAL ABSTRACTS SERVICE): 334-48-5, CALIDAD: FD&C AL 100%, ASPECTO F¿SICO: SOLIDO CRISTALINO, CONCENTRACI¿N: AL 100%, TIPO DE EMPAQUE: 4 TAMBORES PLASTICOS DE 180KG. CADA UNO., USO: INGREDIENTE SECUNDARIO DE USO INDUSTRIAL USADO POR PARTE DE LA INDUSTRIA INTERMEDIA EN LA FABRICACION DE FRAGANCIAS Y NO ES DE CONSUMO DIRECTO., MARCA: VENTOS LOTE: L4678647. PAIS DE ORIGEN: MALASIA(455) 720 KILOGRAMO (ITEM 63);1.985,00;KILOGRAMS;10.572,91;IMPORT;MARITIME;DECLARATIONS;ERNESTO VENTOS S.A.;;;;;;;;;;;;;;;;;;;;;;;;;;;;;;;;;;;;;;;;;;;;;;;;;;;;;;;;;;;;;;;;;;;;;;;;;;;;;;;;;;;;;;;;;;;;;;;;;;;;;;;;;;;;;;;;;;;;;;;;;;;;;;;;;;;;;;;;;;;;;;;;;;;;;;;;;;;;;;;;;;;;;;;;;;;;;;;;;;;;;;;;;;;;;;;;;;;;;;;;;;;;;;;;;;;;;;;;;;;;;;;;;;;;;;;;;;;;;;;;;;
20/02/2026;COLOMBIA - IMPORT;VENTOS COLOMBIA S.A.S.;COLOMBIA;ERNESTO VENTOS;CHINA;"2912199000 - ALDEHYDES, WHETHER OR NOT WITH OTHER OXYGEN FUNCTION; CYCLIC P(..) ACYCLIC ALDEHYDES WITHOUT OTHER OXYGEN FUNCTION:OTHER OTHER";DO: 02260092, PEDIDO EMB 84, DECLARACION 10 DE 52, // FACTURA: P30247, FECHA: 13-01-2026, NO REQUIERE REGISTRO DE IMPORTACION, NOS ACOGEMOS AL DECRETO 0925/2013, NOS ACOGEMOS AL DECRETO 272 DE 2018 GRAVAMEN 0%, MERCANCIA NUEVA. PRODUCTO: PROPANAL, NOMBRE COMERCIAL: PROPIONALDEHYDE, NO. CAS (N¿MERO DE REGISTRO DEL CHEMICAL ABSTRACTS SERVICE): 123-38-6, CALIDAD: FD&C AL 100%, ASPECTO F¿SICO: LIQUIDO FLUIDO TRANSPARENTE, CONCENTRACI¿N: AL 100%, TIPO DE EMPAQUE: 2 BIDONES DE ALUMINIO DE 5KG. CADA UNO., USO: INGREDIENTE SECUNDARIO DE USO INDUSTRIAL USADO POR PARTE DE LA INDUSTRIA INTERMEDIA EN LA FABRICACION DE FRAGANCIAS Y NO ES DE CONSUMO DIRECTO., MARCA: VENTOS LOTE: L4680477. MERCANCIA ¿PELIGROSA UN1275 3 II. PAIS DE ORIGEN: CHINA(215) 10 KILOGRAMO (ITEM 11), PRODUCTO: 3-METILBUTANAL, NOMBRE COMERCIAL: ISOVALERALDEHYDE, NO. CAS (N¿MERO DE REGISTRO DEL CHEMICAL ABSTRACTS SERVICE): 590-86-3, CALIDAD: FD&C AL 100%, ASPECTO F¿SICO: LIQUIDO FLUIDO TRANSPARENTE, CONCENTRACI¿N: AL 100%, TIPO DE EMPAQUE: 2 TAMBORES PLASTICOS DE 50KG. CADA UNO, USO: INGREDIENTE SECUNDARIO DE USO INDUSTRIAL USADO POR PARTE DE LA INDUSTRIA INTERMEDIA EN LA FABRICACION DE FRAGANCIAS Y NO ES DE CONSUMO DIRECTO., MARCA: VENTOS LOTE: L4681288. MERCANCIA PELIGROSA UN2058 3 II. PAIS DE ORIGEN: CHINA(215) 100 KILOGRAMO (ITEM 15);110,00;KILOGRAMS;1.385,96;IMPORT;MARITIME;DECLARATIONS;ERNESTO VENTOS S.A.;;;;;;;;;;;;;;;;;;;;;;;;;;;;;;;;;;;;;;;;;;;;;;;;;;;;;;;;;;;;;;;;;;;;;;;;;;;;;;;;;;;;;;;;;;;;;;;;;;;;;;;;;;;;;;;;;;;;;;;;;;;;;;;;;;;;;;;;;;;;;;;;;;;;;;;;;;;;;;;;;;;;;;;;;;;;;;;;;;;;;;;;;;;;;;;;;;;;;;;;;;;;;;;;;;;;;;;;;;;;;;;;;;;;;;;;;;;;;;;;;;
20/02/2026;COLOMBIA - IMPORT;VENTOS COLOMBIA S.A.S.;COLOMBIA;ERNESTO VENTOS;CHINA;2933999000 - HETEROCYCLIC COMPOUNDS WITH NITROGEN HETERO-ATOM(S) ONLY. OTHER:OTHER OTHER;DO: 02260092, PEDIDO EMB 84, DECLARACION 9 DE 52, // FACTURA: P30247, FECHA: 13-01-2026, NO REQUIERE REGISTRO DE IMPORTACION, NOS ACOGEMOS AL DECRETO 0925/2013, NOS ACOGEMOS AL DECRETO 1881 DE 2021 GRAVAMEN 0%, PRODUCTO: 2,3,5,6-TETRAMETILPIRAZINA, NOMBRE COMERCIAL: 2,3,5,6-TETRAMETHYLPYRAZINE, NO. CAS (N¿MERO DE REGISTRO DEL CHEMICAL ABSTRACTS SERVICE): 1124-11-4, CALIDAD: FD&C AL 100%, ASPECTO F¿SICO: SOLIDO, CONCENTRACI¿N: AL 100%, TIPO DE EMPAQUE: 2 BIDONES DE 5KG. CADA UNO., USO: INGREDIENTE SECUNDARIO DE USO INDUSTRIAL USADO POR PARTE DE LA INDUSTRIA INTERMEDIA EN LA FABRICACION DE FRAGANCIAS Y NO ES DE CONSUMO DIRECTO, MARCA: VENTOS LOTE: L4675675. PAIS DE ORIGEN: CHINA(215) 10 KILOGRAMO (ITEM 10), PRODUCTO: GLYCOLINE, NOMBRE COMERCIAL: 2,5-DIMETHYLPYRAZINE, NO. CAS (N¿MERO DE REGISTRO DEL CHEMICAL ABSTRACTS SERVICE): 123-32-0, CALIDAD: FD&C AL 100%, ASPECTO F¿SICO: LIQUIDO FLUIDO TRANSPARENTE/SOLIDO, CONCENTRACI¿N: AL 100%, TIPO DE EMPAQUE: 1 BIDON DE ALUMINIO DE 5KG., USO: INGREDIENTE SECUNDARIO DE USO INDUSTRIAL USADO POR PARTE DE LA INDUSTRIA INTERMEDIA EN LA FABRICACION DE FRAGANCIAS Y NO ES DE CONSUMO DIRECTO, MARCA: VENTOS LOTE: L4685417. MERCANCIA PELIGROSA UN1993 3 III PAIS DE ORIGEN: CHINA(215) 5 KILOGRAMO (ITEM 14);15,00;KILOGRAMS;1.598,06;IMPORT;MARITIME;DECLARATIONS;ERNESTO VENTOS S.A.;;;;;;;;;;;;;;;;;;;;;;;;;;;;;;;;;;;;;;;;;;;;;;;;;;;;;;;;;;;;;;;;;;;;;;;;;;;;;;;;;;;;;;;;;;;;;;;;;;;;;;;;;;;;;;;;;;;;;;;;;;;;;;;;;;;;;;;;;;;;;;;;;;;;;;;;;;;;;;;;;;;;;;;;;;;;;;;;;;;;;;;;;;;;;;;;;;;;;;;;;;;;;;;;;;;;;;;;;;;;;;;;;;;;;;;;;;;;;;;;;;
20/02/2026;COLOMBIA - IMPORT;VENTOS COLOMBIA S.A.S.;COLOMBIA;ERNESTO VENTOS;SPAIN;3302109000 - MIXTURES OF ODORIFEROUS SUBSTANCES AND MIXTURES (INCLUDING ALCOHOLIC (..) OF A KIND USED IN THE FOOD OR DRINK INDUSTRIES OTHER;"DO: 02260092, PEDIDO EMB 84, DECLARACION 8 DE 52, // FACTURA: P30247, FECHA: 13-01-2026, NOS ACOGEMOS AL DECRETO 2247 DE 2014 ACUERDO CON LA UNION EUROPEA, NOTA DE ORIGEN EN FACTURA COMERCIAL NO. DE AUTORIZACION ESEAOR19000171, REG-50015895-20260127N FECHA DE 27-01-2026, VINVIMA-26-0011396 FECHA DE 27-01-2026, CERTIFICADO INVIMA NO. CR-2026003700 DE 17-02-2026, PRODUCTO: V-ETHANAL (SABOR FRESCO, ALDEHIDICO, ETEREO), COMPOSICI¿N: PROPANAL CAS: 123-38-6; FORMIATO DE ETILO CAS: 109-94-4; ACETATO DE METILO CAS: 79-20-9, ORIGEN: ARTIFICIAL, GRADO ALCOH¿LICO VOLUM¿TRICO: 0.0%VOL., ASPECTO F¿SICO: LIQUIDO FLUIDO TRANSPARENTE, FORMA DE PRESENTACI¿N Y EMPAQUE: 1 TAMBOR METALICO DE 15KG., USO: INGREDIENTE SECUNDARIO DE USO INDUSTRIAL PARA SABORIZAR ALIMENTOS YBEBIDAS DE USO HUMANO. SECTOR AL CUAL VA DIRIGIDO: INDUSTRIA ALIMENTARIA Y DE BEBIDAS., MARCA: VENTOS, REFERENCIA: SIN FERENCIA LOTE: L4684926. MERCANCIA PELIGROSA UN1993 3 II PAIS DE ORIGEN: ESPA¿A(245) 15 KILOGRAMO (ITEM 8), PRODUCTO: ORANGE BRAZIL ENRICHED, COMPOSICI¿N: LIMONENO CAS: 138-86-3; MIRCENO CAS: 123-35-3; D-LIMONENO CAS: 5989-27-5; ALFA-PINENO CAS: 80-56-8; CITRAL CAS: 5392-40-5; LINALOL CAS: 78-70-6, ORIGEN: ARTIFICIAL, GRADO ALCOH¿LICO VOLUM¿TRICO: 0..0%VOL., ASPECTO F¿SICO: L¿QUIDO FLUIDO TRANSPARENTE, FORMA DE PRESENTACI¿N Y EMPAQUE: 1 TAMBOR PLASTICO DE 25KG., USO: INGREDIENTESECUNDARIO DE USO INDUSTRIAL PARA SABORIZAR ALIMENTOS Y BEBIDAS DE USO HUMANO. SECTOR AL CUAL VA DIRIGIDO: INDUSTRIA ALIMENTARIA Y DE BEBIDAS., MARCA: VENTOS, REFERENCIA: SIN FERENCIA LOTE: L4541124. PAIS DE ORIGEN: ESPA¿A(245) 25 KILOGRAMO (ITEM 61)";40,00;KILOGRAMS;1.130,42;IMPORT;MARITIME;DECLARATIONS;ERNESTO VENTOS S.A.;;;;;;;;;;;;;;;;;;;;;;;;;;;;;;;;;;;;;;;;;;;;;;;;;;;;;;;;;;;;;;;;;;;;;;;;;;;;;;;;;;;;;;;;;;;;;;;;;;;;;;;;;;;;;;;;;;;;;;;;;;;;;;;;;;;;;;;;;;;;;;;;;;;;;;;;;;;;;;;;;;;;;;;;;;;;;;;;;;;;;;;;;;;;;;;;;;;;;;;;;;;;;;;;;;;;;;;;;;;;;;;;;;;;;;;;;;;;;;;;;;
20/02/2026;COLOMBIA - IMPORT;VENTOS COLOMBIA S.A.S.;COLOMBIA;ERNESTO VENTOS;BRAZIL;"3301191000 - ESSENTIAL OILS (TERPENELESS OR NOT), INCLUDING CONCRETES AND ABSOLUTES; RESIN(..) ESSENTIAL OILS OF CITRUS FRUIT:OTHER OF LIME";DO: 02260092, PEDIDO EMB 84, DECLARACION 7 DE 52, // FACTURA: P30247, FECHA: 13-01-2026, NO REQUIERE REGISTRO DE IMPORTACION, NOS ACOGEMOS AL DECRETO 0925/2013, PRODUCTO: LIME OIL, COLD PRESSED, ORIGEN: EL ACEITE ESENCIAL DE LIMA SE OBTIENE MEDIANTE ELPRENSADO EN FR¿O DE LA C¿SCARA DE LA FRUTA FRESCA (CITRUS AURANTIFOLIA), LIBERANDO SUS COMPUESTOS AROM¿TICOS Y ACEITES ESENCIALES, O MEDIANTE DESTILACI¿N AL VAPOR, ASPECTO F¿SICO: LIQUIDO, FORMA DE PRESENTACI¿N Y EMPAQUE: 1 TAMBOR METALICO DE 50KG., USO: INGREDIENTE SECUNDARIO DE USO INDUSTRIAL USADO POR PARTE DE LA INDUSTRIA INTERMEDIA EN LA FABRICACION DE FRAGANCIAS Y NO ES DE CONSUMO DIRECTO., MARCA: GIVAUDAN, REFERENCIA: SIN FERENCIA LOTE: L4679147. MERCANCIA PELIGROSA UN1197 3 III PAIS DE ORIGEN: BRASIL(105) 50 KILOGRAMO (ITEM 6);50,00;KILOGRAMS;2.477,96;IMPORT;MARITIME;DECLARATIONS;ERNESTO VENTOS S.A.;;;;;;;;;;;;;;;;;;;;;;;;;;;;;;;;;;;;;;;;;;;;;;;;;;;;;;;;;;;;;;;;;;;;;;;;;;;;;;;;;;;;;;;;;;;;;;;;;;;;;;;;;;;;;;;;;;;;;;;;;;;;;;;;;;;;;;;;;;;;;;;;;;;;;;;;;;;;;;;;;;;;;;;;;;;;;;;;;;;;;;;;;;;;;;;;;;;;;;;;;;;;;;;;;;;;;;;;;;;;;;;;;;;;;;;;;;;;;;;;;;
20/02/2026;COLOMBIA - IMPORT;VENTOS COLOMBIA S.A.S.;COLOMBIA;ERNESTO VENTOS;INDIA;2902190090 - CYCLIC HYDROCARBONS. CYCLANES, CYCLENES AND CYCLOTERPENES:OTHER OTHER;DO: 02260092, PEDIDO EMB 84, DECLARACION 6 DE 52, // FACTURA: P30247, FECHA: 13-01-2026 MERCANCIA NUEVA. SIN REGISTRO DE IMPORTACION SEG¿N ARTICULO 25 DEL DECRETO 0925 DE MAYO 9 DE 2013, NOS ACOGEMOS AL DECRETO 272 DE 2018 GRAVAMEN 0%, PRODUCTO: ISODIPRENO, NOMBRE COMERCIAL: 3-CARENE DELTA NATURAL, NO. CAS (N¿MERO DE REGISTRO DEL CHEMICAL ABSTRACTS SERVICE): 498-15-7, CALIDAD: FD&C AL 100%, ASPECTO F¿SICO: LIQUIDO FLUIDO TRANSPARENTE, CONCENTRACI¿N: AL 100%, TIPO DE EMPAQUE: 1 TAMBOR PLASTICO DE 25KG., USO: INGREDIENTE SECUNDARIO DE USO INDUSTRIAL USADO POR PARTE DE LA INDUSTRIA INTERMEDIA EN LA FABRICACION DE FRAGANCIAS Y NO ES DE CONSUMO DIRECTO., MARCA: VENTOS LOTE: L4674985. MERCANCIA PELIGROSA UN2319 3 III PAIS DE ORIGEN: INDIA(361) 25 KILOGRAMO (ITEM 4);25,00;KILOGRAMS;157,97;IMPORT;MARITIME;DECLARATIONS;ERNESTO VENTOS S.A.;;;;;;;;;;;;;;;;;;;;;;;;;;;;;;;;;;;;;;;;;;;;;;;;;;;;;;;;;;;;;;;;;;;;;;;;;;;;;;;;;;;;;;;;;;;;;;;;;;;;;;;;;;;;;;;;;;;;;;;;;;;;;;;;;;;;;;;;;;;;;;;;;;;;;;;;;;;;;;;;;;;;;;;;;;;;;;;;;;;;;;;;;;;;;;;;;;;;;;;;;;;;;;;;;;;;;;;;;;;;;;;;;;;;;;;;;;;;;;;;;;
20/02/2026;COLOMBIA - IMPORT;VENTOS COLOMBIA S.A.S.;COLOMBIA;ERNESTO VENTOS;SPAIN;3301299000 - ESSENTIAL OILS (TERPENELESS OR NOT), INCLUDING CONCRETES AND A(..) ESSENTIAL OILS OTHER THAN THOSE OF CITRUS FRUIT:OTHER OTHER;DO: 02260092, PEDIDO EMB 84, DECLARACION 5 DE 52, // FACTURA: P30247, FECHA: 13-01-2026 NOS ACOGEMOS AL DECRETO 2247 DE 2014 ACUERDO CON LA UNION EUROPEA, NOTA DE ORIGEN EN FACTURA COMERCIAL NO. DE AUTORIZACION ESEAOR19000171, MERCANCIA NUEVA. PRODUCTO: THYME OIL COLORLESS, ORIGEN: SE OBTIENE A PARTIR DE LA DESTILACI¿N POR ARRASTRE DE VAPORDEL TOMILLO, DE LA ESPECIE THYMUS ZYGIS, ASPECTO F¿SICO: LIQUIDO, FORMA DE PRESENTACI¿N Y EMPAQUE: 1 BIDON DE AUMINIO DE 5KG., USO: INGREDIENTE SECUNDARIO DE USO INDUSTRIAL PARA LA ELABORACION DE SABORES POR PARTE DE LA INDUSATRIA INTERMEDIA Y NO ES DE CONSUMO DIRECTO., MARCA: VENTOS, REFERENCIA: SIN FERENCIA LOTE: L4668386. MERCANCIA PELIGROSA UN2920 8 (3) II PAIS DE ORIGEN: ESPA¿A(245) 5 KILOGRAMO (ITEM 3), PRODUCTO: PATCHOULI MD 30% VENTOS, ORIGEN: SE OBTIENE DE LAS FLORES Y HOJAS DEL ARBOL DE PACHULI, ASPECTO F¿SICO: LIQUIDO VISCOSO TRANSPARENTE, FORMA DE PRESENTACI¿N Y EMPAQUE: 1 TAMBOR DE 200KG., USO: MATERIA PRIMA USADA EN LA FABRICACION DE FRAGANCIAS PARA AROMATIZAR JABONERIA, DESODORANTES, AMBIENTADORES Y PRODUCTOS DE ASEO DOMESTICO. SECTOR AL CUAL VA DIRIGIDO: INDUSTRIA INTERMEDIA DE FRAGANCIAS, MARCA: VENTOS, REFERENCIA: SIN FERENCIA LOTE: L4684245. MERCANCIA PELIGROSA UN3082 9 III PAIS DE ORIGEN: ESPA¿A(245) 200 KILOGRAMO (ITEM 24), PRODUCTO: THYME OIL COLORLESS, ORIGEN: SE OBTIENE A PARTIR DE LA DESTILACI¿N POR ARRASTRE DE VAPOR DEL TOMILLO, DE LA ESPECIE THYMUS ZYGIS, ASPECTO F¿SICO: LIQUIDO, FORMA DE PRESENTACI¿N Y EMPAQUE: 1 BIDON DE ALUMINIO DE 4.76KG., USO: INGREDIENTE SECUNDARIO DE USO INDUSTRIAL PARA LA ELABORACION DE SABORES POR PARTE DE LA INDUSATRIA INTERMEDIA Y NO ES DE CONSUMO DIRECTO., MARCA: VENTOS, REFERENCIA: SIN FERENCIA LOTE: L4668386. MERCANCIA PELIGROSA UN2920 8 (3) II PAIS DE ORIGEN: ESPA¿A(245) 4.76 KILOGRAMO (ITEM 28), PRODUCTO: RED BERRIES SFE FITMENICH 944579, ORIGEN: EL ACEITE ESENCIAL DE BAYAS ROJAS, COM¿NMENTE DE ENEBRO (JUNIPERUS COMMUNIS O OXYCEDRUS), SE OBTIENE PRINCIPALMENTE MEDIANTE DESTILACI¿N POR ARRASTRE DE VAPOR DE LOSFRUTOS MADUROS, ASPECTO F¿SICO: LIQUIDO FLUIDO TRANSPARENTE, FORMA DE PRESENTACI¿N Y EMPAQUE: 1 TAMBOR DE ALUMINIO DE 10KG., USO: INGREDIENTE SECUNDARIO DE USO INDUSTRIAL PARA LA ELABORACION DE SABORES POR PARTE DE LA INDUSATRIA INTERMEDIA Y NO ES DE CONSUMO DIRECTO., MARCA: VENTOS, REFERENCIA: SIN FERENCIA LOTE: L4672779. MERCANCIA PELIGROSA UN1197 3 III. PAIS DE ORIGEN: FRANCIA(275) 10 KILOGRAMO (ITEM 36), PRODUCTO: ELEMOL OIL NATURAL (EX-ELEMI), ORIGEN: SE OBTIENE POR DESTILACI¿N AL VAPOR DE LA RESINAEXUDADA POR EL ¿RBOL DE ELEMI (CANARIUM LUZONICUM, ASPECTO F¿SICO: LIQUIDO FLUIDO TRANSPARENTE, FORMA DE PRESENTACI¿N Y EMPAQUE: 2 BIDONES DE ALUMINIO DE 5KG. CVADA UNO., USO: MATERIA PRIMA PARA LA ELABORACION DE SABORES O FRAGANCIAS POR PARTE DE LA INDUSTRIA INTERMEDIA POR LO TANTO NO SON PRODUCTOS DE CONSUMO DIRECTO., MARCA: VENTOS, REFERENCIA: SIN FERENCIA LOTE: L4682907. MERCANCIA PELIGROSA UN 3082 9 III PAIS DE ORIGEN: FRANCIA(275) 10 KILOGRAMO (ITEM 59), PRODUCTO: BERGAMOT OIL, BERGAPTENE FREE COLOLESS, ORIGEN: SE OBTIENE DE LA CASCARADEL FRUTO DEL CITRUS BERGAMIA RISSO (ARBOL DE BERGAMOTA), ASPECTO F¿SICO: LIQUIDO FLUIDO TRANSPARENTE, FORMA DE PRESENTACI¿N Y EMPAQUE: 1 TAMBOR METALICO DE 50KG., USO: INGREDIENTE SECUNDARIO DE USO INDUSTRIAL USADO POR PARTE DE LA INDUSTRIA INTERMEDIA EN LA FABRICACION DE FRAGANCIAS Y NO ES DE CONSUMO DIRECTO, MARCA: VENTOS, REFERENCIA: SINFERENCIA LOTE: L4680866. MERCANCIA PELIGORSA UN1197 III 3 PAIS DE ORIGEN: ITALIA(386) 50 KILOGRAMO (ITEM 60);279,76;KILOGRAMS;31.666,59;IMPORT;MARITIME;DECLARATIONS;ERNESTO VENTOS S.A.;;;;;;;;;;;;;;;;;;;;;;;;;;;;;;;;;;;;;;;;;;;;;;;;;;;;;;;;;;;;;;;;;;;;;;;;;;;;;;;;;;;;;;;;;;;;;;;;;;;;;;;;;;;;;;;;;;;;;;;;;;;;;;;;;;;;;;;;;;;;;;;;;;;;;;;;;;;;;;;;;;;;;;;;;;;;;;;;;;;;;;;;;;;;;;;;;;;;;;;;;;;;;;;;;;;;;;;;;;;;;;;;;;;;;;;;;;;;;;;;;;
20/02/2026;COLOMBIA - IMPORT;VENTOS COLOMBIA S.A.S.;COLOMBIA;ERNESTO VENTOS;SPAIN;3302900000 - MIXTURES OF ODORIFEROUS SUBSTANCES AND MIXTURES (INCLUDING ALCOHOLIC SOLUTIONS) WITH A BASIS OF ONE OR MORE OF THES(..) OTHER;"DO: 02260092, PEDIDO EMB 84, DECLARACION 4 DE 52, // FACTURA: P30247, FECHA: 13-01-2026, REG-50015895-20260127N FECHA DE 27-01-2026, VINVIMA-26-0011396 FECHA DE 27-01-2026, NOS ACOGEMOS AL DECRETO 2247 DE 2014 ACUERDO CON LA UNION EUROPEA, NOTA DE ORIGEN EN FACTURA COMERCIAL NO. DE AUTORIZACION ESEAOR19000171, PRODUCTO: FIR BALSAM OLIFFAC IFF, COMPOSICI¿N: CEDROL CAS: 77-53-2; ATRARATO DE METILO CAS: 4707-47-5; MALTOL CAS: 118-71-8; ETIL MALTOL CAS: 4940-11-8, ALFA-CEDRENO CAS: 469-61-4; PARA-CIMENO CAS: 99-87-6., ORIGEN: ARTIFICIAL, ASPECTO F¿SICO: LIQUIDO OPACO, FORMA DE PRESENTACI¿N Y EMPAQUE: 1 TAMBOR DE ALUMINIO DE 10KG., USO: MATERIA PRIMA USADA EN LA FABRICACION DEFRAGANCIAS PARA AROMATIZAR JABONERIA, DESODORANTES, AMBIENTADORES Y PRODUCTOS DEASEO DOMESTICO. SECTOR AL CUAL VA DIRIGIDO: INDUSTRIA INTERMEDIA DE FRAGANCIAS, MARCA: VENTOS, REFERENCIA: SIN FERENCIA LOTE: L4686895. MERCANCIA PELIGROSA UN3082 9 III PAIS DE ORIGEN: PA¿SES BAJOS(573) 10 KILOGRAMO (ITEM 2), PRODUCTO: NUTMEG OIL FG, COMPOSICI¿N: ALFA-PINENO CAS: 80-56-8 SABINENO CAS: 3387-41-5 BETA-PINENO CAS: 127-91-3 LIMONENO CAS: 138-86-3 GAMMA-TERPINENO CAS: 99-85-4 TERPINEN-4-OL CAS: 562-74-3 TERPINEOL CAS: 8000-41-7 ALFA FELANDRENO CAS: 99-83-2 ALFA-TERPINENO CAS: 99-86-5, ORIGEN: ARTIFICIAL, ASPECTO F¿SICO: LIQUIDO FLUIDO TRANSPARENTE, FORMA DE PRESENTACI¿N Y EMPAQUE: 1 TAMBOR METALICO DE 50KG., USO: INGREDIENTE SECUNDARIO DE USO INDUSTRIAL PARA LA ELABORACION DE SABORES POR PARTE DE LA INDUSATRIA INTERMEDIA Y NO ES DE CONSUMO DIRECTO., MARCA: VENTOS, REFERENCIA: SIN FERENCIA LOTE: L4667941. MERCANCIA PELIGROSA UN1197 3 III PAIS DE ORIGEN: ESPA¿A(245) 50 KILOGRAMO (ITEM 41), PRODUCTO: CIS-3-HEXENOLSUBSTITUTE EXTRA, COMPOSICI¿N: 1-HEXANOL CAS: 111-27-3 CIS-3-HEXENOL CAS: 928-96-1,ORIGEN: ARTIFICIAL, ASPECTO F¿SICO: LIQUIDO, FORMA DE PRESENTACI¿N Y EMPAQUE: 1 TAMBOR PLASTICO DE 100KG., USO: MATERIA PRIMA USADA EN LA FABRICACION DE FRAGANCIAS PARA AROMATIZAR JABONERIA, DESODORANTES, AMBIENTADORES Y PRODUCTOS DE ASEO DOMESTICO. SECTORAL CUAL VA DIRIGIDO: INDUSTRIA INTERMEDIA DE FRAGANCIAS, MARCA: VENTOS, REFERENCIA: SIN FERENCIA LOTE: L4679929. MERCANCIA PELIGROSA UN 1987 3 III, PAIS DE ORIGEN: ESPA¿A(245) 100 KILOGRAMO (ITEM 43), PRODUCTO: GERANIUM OIL N.I., COMPOSICI¿N: CITRONELOLCAS: 106-22-9; GERANIOL CAS: 106-24-1; LINALOL CAS: 78-70-6; ORMIATO DE CITRONELILO CAS: 105-85-1; ISOMENTONA CAS: 491-07-6; MENTONA CAS: 1074-95-9; BETA-CARIOFILENO CAS: 87-44-5; TIGLATO DE CITRONELILO CAS: 24717-85-9; CITRAL CAS: 5392-40-5; XIDO DE ROSA CAS: 939-429-1; LABDANUM CAS: 84775-64-4, ORIGEN: ARTIFICIAL, ASPECTO F¿SICO: LIQUIDO FLUIDO TRANSPARENTE, FORMA DE PRESENTACI¿N Y EMPAQUE: 1 TAMBOR DE 100KG., USO: MATERIA PRIMA USADA EN LA FABRICACION DE FRAGANCIAS PARA AROMATIZAR JABONERIA, DESODORANTES, AMBIENTADORES Y PRODUCTOS DE ASEO DOMESTICO. SECTOR AL CUAL VA DIRIGIDO: INDUSTRIA INTERMEDIA DE FRAGANCIAS, MARCA: VENTOS, REFERENCIA: SIN FERENCIA LOTE: L4686321. MERCANCIA PELIGROSA UN3082 9 III PAIS DE ORIGEN: ESPA¿A(245) 100 KILOGRAMO (ITEM 50),PRODUCTO: PATCHOULI LIGHT BYP, COMPOSICI¿N: ACEITE DE PACHULI CAS: 84238-39-1; BETA-CARIOFILENO CAS: 87-44-5; ACETATO DE CARIOFILENO CAS: 57082-24-3; DELTA-CADINENO CAS: 483-76-1; 4-TERT-BUTILCICLOHEXANOL CAS: 98-52-2; ISOLONGIFOLANONE CAS: 23787-90-8; CYPRIOL CAS: 91771-62-9; 1-(2,2,6-TRIMETILCICLOHEXIL)-HEXAN-3-OL CAS: 70788-30-6, ORIGEN: ARTIFICIAL, ASPECTO F¿SICO: LIQUIDO SEMIVISCOSO TRANSPARENTE, FORMA DE PRESENTACI¿N Y EMPAQUE: 1 TAMBOR PLASTICO DE 25KG., USO: MATERIA PRIMA USADA EN LA FABRICACION DE FRAGANCIAS PARA AROMATIZAR JABONERIA, DESODORANTES, AMBIENTADORES Y PRODUCTOS DE ASEO DOMESTICO. SECTOR AL CUAL VA DIRIGIDO: INDUSTRIA INTERMEDIA DE FRAGANCIAS, MARCA: VENTOS,REFERENCIA: SIN FERENCIA LOTE: L4686937. MERCANCIA PELIGROSA UN3082 9 III PAISDE ORIGEN: ESPA¿A(245) 50 KILOGRAMO (ITEM 54), PRODUCTO: ELIOCHIM FREE FG, COMPOSICI¿N: ALDEHIDO ANISICO CAS: 123-11-5; ALDEHIDO VERATRICO CAS: 120-14-9, ORIGEN: ARTIFICIAL, ASPECTO F¿SICO: LIQUIDO, FORMA DE PRESENTACI¿N Y EMPAQUE: 1 TAMBOR METALICO DE 200KG.,USO: MATERIA PRIMA USADA EN LA FABRICACION DE FRAGANCIAS PARA AROMATIZAR JABONERIA, DESODORANTES, AMBIENTADORES Y PRODUCTOS DE ASEO DOMESTICO. SECTOR AL CUAL VA DIRIGIDO: INDUSTRIA INTERMEDIA DE FRAGANCIAS, MARCA: VENTOS, REFERENCIA: SIN FERENCIA LOTE: L4684621. PAIS DE ORIGEN: ESPA¿A(245) 200 KILOGRAMO (ITEM 68)";510,00;KILOGRAMS;15.381,59;IMPORT;MARITIME;DECLARATIONS;ERNESTO VENTOS S.A.;;;;;;;;;;;;;;;;;;;;;;;;;;;;;;;;;;;;;;;;;;;;;;;;;;;;;;;;;;;;;;;;;;;;;;;;;;;;;;;;;;;;;;;;;;;;;;;;;;;;;;;;;;;;;;;;;;;;;;;;;;;;;;;;;;;;;;;;;;;;;;;;;;;;;;;;;;;;;;;;;;;;;;;;;;;;;;;;;;;;;;;;;;;;;;;;;;;;;;;;;;;;;;;;;;;;;;;;;;;;;;;;;;;;;;;;;;;;;;;;;;
20/02/2026;COLOMBIA - IMPORT;VENTOS COLOMBIA S.A.S.;COLOMBIA;ERNESTO VENTOS;CHINA;"2934999000 - NUCLEIC ACIDS AND THEIR SALTS, WHETHER OR NOT CHEMICALLY DEFINED; OTHER HETEROCYCLIC COMPOUNDS. OTHER:OTHER OTHER";DO: 02260092, PEDIDO EMB 84, DECLARACION 3 DE 52, // FACTURA: P30247, FECHA: 13-01-2026, NO REQUIERE REGISTRO DE IMPORTACION, NOS ACOGEMOS AL DECRETO 0925/2013, NOS ACOGEMOS AL DECRETO 1881 DE 2021 GRAVAMEN 0%, MERCANCIA NUEVA. PRODUCTO: 2,2,4,4,6,6-HEXAMETIL-1,3,5-TRITIANO, NOMBRE COMERCIAL: TRITHIOACETONE, NO. CAS (N¿MERO DE REGISTRO DELCHEMICAL ABSTRACTS SERVICE): 828-26-2, CALIDAD: FD&C AL 100%, ASPECTO F¿SICO: LIQUIDO FLUIDO TRANSPARENTE / SOLIDO, CONCENTRACI¿N: AL 100%, TIPO DE EMPAQUE: 1 BOTE PLASTICO POR 5KG., USO: INGREDIENTE SECUNDARIO DE USO INDUSTRIAL USADO POR PARTE DE LA INDUSTRIA INTERMEDIA EN LA FABRICACION DE FRAGANCIAS Y NO ES DE CONSUMO DIRECTO., MARCA: VENTOS LOTE: L4678496. PAIS DE ORIGEN: CHINA(215) 5 KILOGRAMO (ITEM 1);5,00;KILOGRAMS;2.174,64;IMPORT;MARITIME;DECLARATIONS;ERNESTO VENTOS S.A.;;;;;;;;;;;;;;;;;;;;;;;;;;;;;;;;;;;;;;;;;;;;;;;;;;;;;;;;;;;;;;;;;;;;;;;;;;;;;;;;;;;;;;;;;;;;;;;;;;;;;;;;;;;;;;;;;;;;;;;;;;;;;;;;;;;;;;;;;;;;;;;;;;;;;;;;;;;;;;;;;;;;;;;;;;;;;;;;;;;;;;;;;;;;;;;;;;;;;;;;;;;;;;;;;;;;;;;;;;;;;;;;;;;;;;;;;;;;;;;;;;
20/02/2026;COLOMBIA - IMPORT;VENTOS COLOMBIA S.A.S.;COLOMBIA;ERNESTO VENTOS;JAPAN;2905199000 - ACYCLIC ALCOHOLS AND THEIR HALOGENATED, SULPHONATED, NITRATED OR NITROSATED DERI(..) SATURATED MONOHYDRIC ALCOHOLS:OTHER OTHER;DO: 02260092, PEDIDO EMB 84, DECLARACION 2 DE 52, // FACTURA: P30087, FECHA: 08-01-2026, NO REQUIERE REGISTRO DE IMPORTACION, NOS ACOGEMOS AL DECRETO 0925/2013, NOS ACOGEMOS AL DECRETO 272 DE 2018 GRAVAMEN 0%, MERCANCIA NUEVA. PRODUCTO: 3,5,5-TRIMETIL-1-HEXANOL, NOMBRE COMERCIAL: TRIMETHYLHEXANOL, NO. CAS (N¿MERO DE REGISTRO DEL CHEMICALABSTRACTS SERVICE): 3452-97-9, CALIDAD: FD&C AL 100%, ASPECTO F¿SICO: LIQUIDO FLUIDO TRANSPARENTE, CONCENTRACI¿N: AL 100%, TIPO DE EMPAQUE: 3 TAMBORES METALICOS DE 170KG. CADA UNO, USO: INGREDIENTE SECUNDARIO DE USO INDUSTRIAL USADO POR PARTE DE LA INDUSTRIA INTERMEDIA EN LA FABRICACION DE FRAGANCIAS Y NO ES DE CONSUMO DIRECTO., MARCA: VENTOS LOTE: L4675843. PAIS DE ORIGEN: JAP¿N(399) 510 KILOGRAMO (ITEM 2),// FACTURA: P30247, FECHA: 13-01-2026 PRODUCTO: 3-METIL-1-BUTANOL, NOMBRE COMERCIAL: ISOAMYL ALCOHOL NATURAL, NO. CAS (N¿MERO DE REGISTRO DEL CHEMICAL ABSTRACTS SERVICE): 123-51-3, CALIDAD: FD&C AL 100%, ASPECTO F¿SICO: LIQUIDO FLUIDO TRANSPARENE, CONCENTRACI¿N: AL 100%, TIPO DE EMPAQUE: 1 TAMBOR METALICO DE 170KG., USO: INGREDIENTE SECUNDARIO DE USO INDUSTRIAL PARA LA ELABORACION DE FRAGANCIAS POR PARTE DE LA INDUSTRIA INTERMEDIA. Y NO SON PRODUCTOS DE USO DIRECTO., MARCA: VENTOS LOTE: L4670298. MERCANCIA PELIGROSAUN 1105 3 III PAIS DE ORIGEN: BRASIL(105) 170 KILOGRAMO (ITEM 9);680,00;KILOGRAMS;7.263,95;IMPORT;MARITIME;DECLARATIONS;ERNESTO VENTOS S.A.;;;;;;;;;;;;;;;;;;;;;;;;;;;;;;;;;;;;;;;;;;;;;;;;;;;;;;;;;;;;;;;;;;;;;;;;;;;;;;;;;;;;;;;;;;;;;;;;;;;;;;;;;;;;;;;;;;;;;;;;;;;;;;;;;;;;;;;;;;;;;;;;;;;;;;;;;;;;;;;;;;;;;;;;;;;;;;;;;;;;;;;;;;;;;;;;;;;;;;;;;;;;;;;;;;;;;;;;;;;;;;;;;;;;;;;;;;;;;;;;;;
20/02/2026;COLOMBIA - IMPORT;VENTOS COLOMBIA S.A.S.;COLOMBIA;ERNESTO VENTOS;CHINA;2915601900 - SATURATED ACYCLIC MONO(..) BUTANOIC ACIDS, PENTANOIC ACIDS, THEIR SALTS AND ESTERS BUTANOIC ACIDS, ITS SALTS AND ESTERS: OTHER;DO: 02260092, PEDIDO EMB 84, DECLARACION 1 DE 52, // FACTURA: P30087, FECHA: 08-01-2026 T.C EURO 1.18510. NO REQUIERE REGISTRO DE IMPORTACION, NOS ACOGEMOS AL DECRETO 0925/2013, NOS ACOGEMOS AL DECRETO 272 DE 2018 GRAVAMEN 0%, MERCANCIA NUEVA, PRODUCTO: ETHYL 2-METHYLPROPANOATE, NOMBRE COMERCIAL: ETHYL ISOBUTYRATE, NO. CAS (N¿MERO DE REGISTRO DEL CHEMICAL ABSTRACTS SERVICE): 97-62-1, CALIDAD: FDF&C AL 100%, ASPECTO F¿SICO: LIQUIDO FLUIDO TRANSPARENTE, CONCENTRACI¿N: AL 100%, TIPO DE EMPAQUE: 1 TAMBORPLASTICO DE 175KG., USO: INGREDIENTE SECUNDARIO DE USO INDUSTRIAL USADO POR PARTE DE LA INDUSTRIA INTERMEDIA EN LA FABRICACION DE FRAGANCIAS Y NO ES DE CONSUMO DIRECTO., MARCA: VENTOS LOTE: L4673834. MERCANCIA PELIGROSA UN2385 3 II PAIS DE ORIGEN: CHINA(215) 175 KILOGRAMO (ITEM 1),// FACTURA: P30247, FECHA: 13-01-2026 PRODUCTO: BUTIRATO DE ETILO, NOMBRE COMERCIAL: ETHYL BUTYRATE NATURAL, NO. CAS (N¿MERO DE REGISTRO DEL CHEMICAL ABSTRACTS SERVICE): 105-54-4, CALIDAD: FD&C AL 100%, ASPECTO F¿SICO: LIQUIDO FLUIDO TRANSPARENTE, CONCENTRACI¿N: AL 100%, TIPO DE EMPAQUE: 1 TAMBOR PLASTICO DE 25KG., USO: INGREDIENTE SECUNDARIO DE USO INDUSTRIAL USADO POR PARTE DE LA INDUSTRIA INTERMEDIA EN LA FABRICACION DE FRAGANCIAS Y NO ES DE CONSUMO DIRECTO., MARCA: VENTOS LOTE: L46809198. MERCANCIA PELIGROSA UN1180 9 III PAIS DE ORIGEN: CHINA(215) 25 KILOGRAMO (ITEM 5), PRODUCTO: 2-METILPROPANOATO DE HEXILO, NOMBRE COMERCIAL: HEXYL ISOBUTYRATE, NO. CAS (N¿MERO DE REGISTRO DEL CHEMICAL ABSTRACTS SERVICE): 2349-07-7, CALIDAD: FD&C AL 100%, ASPECTO F¿SICO: LIQUIDO FLUIDO TRANSPARENTE, CONCENTRACI¿N: AL 100%, TIPO DE EMPAQUE: 1 TAMBOR PLASTICO DE 50KG., USO: MATERIA PRIMA PARA LA ELABORACION DE SABORES O FRAGANCIAS POR PARTE DE LA INDUSTRIA INTERMEDIA POR LO TANTO NO SON PRODUCTOSDE CONSUMO DIRECTO., MARCA: VENTOS LOTE: L4671831. MERCANCIA PELIGROSA UN3082 9 III. PAIS DE ORIGEN: INDIA(361) 50 KILOGRAMO (ITEM 7), PRODUCTO: 2-METILBUTIRATO DE METILO, NOMBRE COMERCIAL: METHYL 2-METHYLBUTYRATE, NO. CAS (N¿MERO DE REGISTRO DEL CHEMICAL ABSTRACTS SERVICE): 868-57-5, CALIDAD: FD&C AL 100%, ASPECTO F¿SICO: LIQUIDO FLUIDO TRANSPARENTE, CONCENTRACI¿N: AL 100%, TIPO DE EMPAQUE: 1 TAMBOR PLASTICO DE 50KG., USO: MATERIA PRIMA USADA EN LA FABRICACION DE FRAGANCIAS PARA AROMATIZAR JABONERIA, DESODORANTES, AMBIENTADORES Y PRODUCTOS DE ASEO DOMESTICO. SECTOR AL CUAL VA DIRIGIDO: INDUSTRIA INTERMEDIA DE FRAGANCIAS, MARCA: VENTOS LOTE: L4669870. MERCANCIA PELIGROSA UN3272 3 II PAIS DE ORIGEN: CHINA(215) 50 KILOGRAMO (ITEM 26), PRODUCTO: ACIDO 2-METILBUTIRICO HEXIL ESTER, NOMBRE COMERCIAL: HEXYL 2-METHYLBUTYRATE, NO. CAS (N¿MERO DE REGISTRO DEL CHEMICAL ABSTRACTS SERVICE): 10032-15-2, CALIDAD: FD&C AL 100%, ASPECTO F¿SICO: LIQUIDO FLUIDO TRANSPARENTE, CONCENTRACI¿N: AL 100%, TIPO DE EMPAQUE: 1 TAMBOR PLASTICO DE 10KG., USO: INGREDIENTE SECUNDARIO DE USO INDUSTRIAL USADO POR PARTE DE LA INDUSTRIA INTERMEDIA EN LA FABRICACION DE FRAGANCIAS Y NO ES DE CONSUMO DIRECTO, MARCA: VENTOS LOTE: L4678829. PAIS DE ORIGEN: CHINA(215) 10 KILOGRAMO (ITEM 58);310,00;KILOGRAMS;2.728,52;IMPORT;MARITIME;DECLARATIONS;ERNESTO VENTOS S.A.;;;;;;;;;;;;;;;;;;;;;;;;;;;;;;;;;;;;;;;;;;;;;;;;;;;;;;;;;;;;;;;;;;;;;;;;;;;;;;;;;;;;;;;;;;;;;;;;;;;;;;;;;;;;;;;;;;;;;;;;;;;;;;;;;;;;;;;;;;;;;;;;;;;;;;;;;;;;;;;;;;;;;;;;;;;;;;;;;;;;;;;;;;;;;;;;;;;;;;;;;;;;;;;;;;;;;;;;;;;;;;;;;;;;;;;;;;;;;;;;;;
20/02/2026;COLOMBIA - IMPORT;LUCTA GRANCOLOMBIANA S.A.S;COLOMBIA;ERNESTO VENTOS;BELGIUM;2915399010 - SATURATED ACYCLIC MONOCARBOXYLIC ACIDS AND THEIR ANHYDRIDES, HALIDES,(..) ESTERS OF ACETIC ACID:OTHER OTHER: ISOBUTYL ACETATES;"DO: 11BOGBO02260188, NRO PEDIDO / ORDEN COMPRA: PO 4500039329, DECLARACI¿N: 1/1; CODIGO OEA: OE0104 ; MERCANC¿A NUEVA Y DE PRIMERA CALIDAD. LICENCIA DE IMPORTACI¿N: LIC-40002576-20260205N, VIGENCIA: 2026-05-04; VISTO BUENO: VMJD-2026-00965, DEL 2026-02-05,NO REQUIERE VISTO BUENO INVIMA SEGUN CONCEPTO NO. 1101-0185-2021. DE 2021-10-01 POR TRATARSE DE PRODUCTOS PARA COMERCIO EN EL SECTOR INDUSTRIAL COMO MATERIA PRIMA EN LA ELABORACI¿N DE FRAGANCIAS Y SABORES. NO REQUIERE LICENCIA AMBIENTAL POR NO TRATARSE DE PLAGUICIDAS Y/O PESTICIDAS QU¿MICOS Y BIOL¿GICOS. NOS ACOGEMOS AL ACUERDO COMERCIAL ENTRE COLOMBIA, LA UNI¿N EUROPEA Y SUS ESTADOS MIEMBROS, DECRETO N¿MERO 2247 DE 2014, MINISTERIO DE COMERCIO INDUSTRIA Y TURISMO, CIRCULAR NUMERO 22 DEL 2013, DIRECCI¿NDE IMPUESTOS Y ADUANAS NACIONALES CONFORME A LA DECLARACI¿N ESTIPULADA Y CERTIFICADA EN FACTURA COMERCIAL NO. P30918 DEL 09/02/2026 CON NUMERO DE AUTORIZACION ADUANERA NO. ESEAOR19000171 POR PARTE DEL EXPORTADOR PARA LA DESGRAVACI¿N DE ESTA SUBPARTIDA ARANCELARIA, ARANCEL 0%,, NOS ACOGEMOS AL ACUERDO COMERCIAL.;, LICENCIA PREVIA: 40002576, NOMBRE COMERCIAL: ACETATO DE ISOBUTILO 510V, MARCA C: VENTOS, REF: NO TIENE, OTRAS CARACTERISTICAS: PRODUCTO: ACETATO DE ISOBUTILO, NO. CAS (NUMERO DEREGISTRO DEL CHEMICAL ABSTRACTS SERVICE): 110-19-0, CALIDAD: RIFM, ASPECTO FISICO: LIQUIDO, CONCENTRACION: 100% ACETATO DE ISOBUTILO, TIPO DE EMPAQUE: 2 PALLETS / 10 TAMBORES X 50 KG C/U / 1TAMBOR X 10, USO: INDUSTRIAL, UTILIZADA EN ELABORACI¿N DE MATERIAS PRIMAS DE AROMAS, CERTIFICADO DE CARENCIA NO 123797 DEL 23 DE MAYO DE 2024. CUPO/PREVISI¿N 900 KG MENSUALES. LOTE: L4686015 FECHA DE FABRICACI¿N: DEC 2025 FECHA DE CADUCIDAD: DEC 2027, CANTIDAD DECLARADA: 510 KILOGRAMO;, CANTIDAD FACTURADA: 510 KILOGRAMO; ;";510,00;KILOGRAMS;7.557,73;IMPORT;AIR;DECLARATIONS;ERNESTO VENTOS, S.A.;;;;;;;;;;;;;;;;;;;;;;;;;;;;;;;;;;;;;;;;;;;;;;;;;;;;;;;;;;;;;;;;;;;;;;;;;;;;;;;;;;;;;;;;;;;;;;;;;;;;;;;;;;;;;;;;;;;;;;;;;;;;;;;;;;;;;;;;;;;;;;;;;;;;;;;;;;;;;;;;;;;;;;;;;;;;;;;;;;;;;;;;;;;;;;;;;;;;;;;;;;;;;;;;;;;;;;;;;;;;;;;;;;;;;;;;;;;;;;;;;;
18/02/2026;INDIA - DECLARATIONS IMPORTS;INTERNATIONAL FLAVOURS & FRAGRANCES INDIA PRIVATE;INDIA;ERNESTO VENTOS;SPAIN;33012990 - ESSENTIAL OILS (TERPENELESS OR NOT), INCLUDING CONCRETES AND A(..) ESSENTIAL OILS OTHER THAN THOSE OF CITRUS FRUIT:OTHER OTHER;CADE OIL RECTIFIED(IPC NO.00030358)(ESSENTIAL OIL)(FOR MFG OF FRAGRANCES COMPOUND)CADE OIL RECTIFIED(IPC NO.00030358)(ESSENTIAL OIL)(FOR MFG;100,00;KILOGRAMS;6.269,16;IMPORT;MARITIME;DECLARATIONS;ERNESTO VENTOS S.A;;;;;;;;;;;;;;;;;;;;;;;;;;;;;;;;;;;;;;;;;;;;;;;;;;;;;;;;;;;;;;;;;;;;;;;;;;;;;;;;;;;;;;;;;;;;;;;;;;;;;;;;;;;;;;;;;;;;;;;;;;;;;;;;;;;;;;;;;;;;;;;;;;;;;;;;;;;;;;;;;;;;;;;;;;;;;;;;;;;;;;;;;;;;;;;;;;;;;;;;;;;;;;;;;;;;;;;;;;;;;;;;;;;;;;;;;;;;;;;;;;
18/02/2026;COLOMBIA - IMPORT;CPL AROMAS S A S;COLOMBIA;CPL AROMAS;UNITED KINGDOM;3302900000 - MIXTURES OF ODORIFEROUS SUBSTANCES AND MIXTURES (INCLUDING ALCOHOLIC SOLUTIONS) WITH A BASIS OF ONE OR MORE OF THES(..) OTHER;"DO 25130159 PEDIDO TRAMITE: 014-39324471 DECLARACION(2-20) NACIONALIZACION PARCIAL ACTA DE REEMPAQUE NO 340022602130000247 MERCANCANCIA QUE SE ENCUENTRA UBICADA EN ZONA FRANCA TOCANCIPA, MK 1.5 VIA BRICE¿O-ZIPAQUIRA BODEGA 18 NO REQUIERE REGISTRO DE IMPORTACION NI VISTO BUENO INVIMA POR NO TRATARSE DE PRODUCTOS ALIMENTICIOS NI COSMETICOS, MATERIA PRIMA INTERMEDIA QUE REQUIERE PROCESO DE MODIFICACION Y/O TRANSFORMACION PARA LA ELABORACION DE FRAGANCIAS. FACTURA: UKM-022335 FECHA: 2025-12-10 AMBRINOL; PRODUCTO: MEZCLA DE SUSTANCIAS ODORIFERAS (AMBRINOL S), COMPOSICION: 1,2,3,4,4A,5,6,7-OCTAHIDRO2,5,5-TRIMETIL-2-NAFTOL (CAS 41199-19-3) 97.5% 4-(2,6,6-TRIMETIL-1-CICLOHEXEN-1-IL)BUTAN-2-ONA (CAS 17283-81-7) 2.5%, ORIGEN: MATERIA PRIMAS ODORIFERAS NATURALES Y SINTETICAS, ASPECTO FISICO: L¿QUIDO CLARO INCOLORO, FORMA DE PRESENTACION Y EMPAQUE: 1 CANECA X 3 KG, USO: MATERIA PRIMA EMPLEADA PARA LA FABRICACI¿N DE FRAGANCIAS CON EL FIN DE APORTAR UNA NOTA OLFATIVA CARACTER¿STICA, MARCA: CPL AROMAS, REFERENCIA: NO TIENE, PART NUMBER EN FACTURA: 00137, PAIS ORIGEN: REINO UNIDO - 628. CANTIDAD (3) KG (ITEM 2). AMBRINOL; PRODUCTO: MEZCLA DE SUSTANCIAS ODORIFERAS (AMBRINOL S), COMPOSICION: 1,2,3,4,4A,5,6,7-OCTAHIDRO2,5,5-TRIMETIL-2-NAFTOL (CAS 41199-19-3) 97.5% 4-(2,6,6-TRIMETIL-1-CICLOHEXEN-1-IL)BUTAN-2-ONA (CAS 17283-81-7) 2.5%, ORIGEN: MATERIA PRIMAS ODORIFERAS NATURALES Y SINTETICAS, ASPECTO FISICO: L¿QUIDO CLARO INCOLORO, FORMA DE PRESENTACION Y EMPAQUE: 1 CANECA X 2 KG, USO: MATERIA PRIMA EMPLEADA PARA LA FABRICACI¿N DE FRAGANCIAS CON EL FIN DE APORTAR UNA NOTA OLFATIVA CARACTER¿STICA, MARCA: CPL AROMAS, REFERENCIA: NO TIENE, PART NUMBER EN FACTURA: 00137, PAIS ORIGEN: REINO UNIDO - 628. CANTIDAD (2) KG (ITEM 3). OXANE 50% TEC; PRODUCTO: OXANTHIA 50% IN TEC, COMPOSICION: 2-METIL-4-PROPIL-1,3-OXATIANO (50%), CITRATO DE TRIETILO (50%), ORIGEN: SINTETICO, ASPECTO FISICO: LIQUIDO INCOLORO A LIGERAMENTE AMARILLO, FORMA DE PRESENTACION Y EMPAQUE: 1 CANECA X 3 KG, USO: MATERIA PRIMA PARA LA FABRICACION DE FRAGANCIAS, MARCA: CPL AROMAS, REFERENCIA: NO TIENE, PART NUMBER EN FACTURA: 01136, PAIS ORIGEN: REINO UNIDO - 628. CANTIDAD (3) KG (ITEM 13). GRAPEFRUIT OIL TERPENELESS (NI); PRODUCTO: MEZCLA DE SUSTANCIAS ODORIFERAS (GRAPEFRUIT DETERPENATED REF. 18574), COMPOSICION: LIMONENO (84,00), LINALOL (3,20), DECANAL (3,10), MIRCENO (2,50), CITRAL (2,00), ORIGEN: PRENSADO EN FR¿O DE LA PARTE EXTERNA DE LA C¿SCARA DE POMELO FRESCO, DESPOJADO DE TERPENOS, ENRIQUECIDO CON DERIVADOS DE POMELO, DESCOLORADO Y DESPARAFINADO, COMPLETADOCON SUSTANCIAS ID¿NTICAS ALAS NATURALES, ASPECTO FISICO: L¿QUIDO INCOLORO A COLOR AMBAR, FORMA DE PRESENTACION Y EMPAQUE: 1 CANECA X 5 KG, USO: MATERIA PRIMA TECNICA PARA LA ELABORACION DE FRAGANCIAS, MARCA: CPL AROMAS, REFERENCIA: NO TIENE, PART NUMBEREN FACTURA: 03199, PAIS ORIGEN: REINO UNIDO - 628. CANTIDAD (5) KG (ITEM 21). SMOKEWOOD AROMAFUSION (SMOKE FUSION); PRODUCTO: MEZCLA DE SUSTANCIAS ODORIFERAS (SMOKEWOOD AF 05566), COMPOSICION: ISOMEROS DE OCTAHIDRO TETRAMETIL NAFTIL ETANONA (MAYOR 25; MENOR 50%), 2,2,6-TRIMETIL-ALFA-PROPILCICLOHEXANPROPANOL (MAYOR 1; MENOR 10%), CEDRAMBER (MAYOR 1; MENOR 10%), METIL CEDRIL CETONA (MAYOR 1; MENOR 10%), CEDROL (MAYOR 1; MENOR 10%), ALFACEDRENO (MAYOR 1; MENOR 10%), ACEITE DE MADERA DE GUAYACO (MAYOR 1; MENOR 10%), LADANO (MAYOR 1; MENOR 10%), ACEITE DE CIPRIOL (MAYOR 1; MENOR 10%), ORIGEN: SINTETICO. BASE DE PERFUMER¿A CREADA POR ERNESTO VENTOS., ASPECTO FISICO: LIQUIDO, FORMA DE PRESENTACION Y EMPAQUE: 1 FRASCO X 1 KG, USO: MATERIA PRIMA PARA ELABORACION DE FRAGANCIAS, MARCA: NO TIENE, REFERENCIA: NO TIENE, PART NUMBER EN FACTURA: 05566, PAIS ORIGEN: REINO UNIDO - 628. CANTIDAD (1) KG (ITEM 29).";14,00;KILOGRAMS;2.784,58;IMPORT;ROAD;DECLARATIONS;CPL AROMAS LTD;;;;;;;;;;;;;;;;;;;;;;;;;;;;;;;;;;;;;;;;;;;;;;;;;;;;;;;;;;;;;;;;;;;;;;;;;;;;;;;;;;;;;;;;;;;;;;;;;;;;;;;;;;;;;;;;;;;;;;;;;;;;;;;;;;;;;;;;;;;;;;;;;;;;;;;;;;;;;;;;;;;;;;;;;;;;;;;;;;;;;;;;;;;;;;;;;;;;;;;;;;;;;;;;;;;;;;;;;;;;;;;;;;;;;;;;;;;;;;;;;;
17/02/2026;COLOMBIA - IMPORT;LA TOUR S.A.;COLOMBIA;ERNESTO VENTOS;CHINA;2914299000 - KETONES AND QUINONES, WHETHER OR NOT(..) CYCLANIC, CYCLENIC OR CYCLOTERPENIC KETONES WITHOUT OTHER OXYGEN FUNCTION:OTHER OTHER;DO CLOMMA293923. PEDIDO TRAMITE: IMP5556 VENTOS. DECLARACION(1-9). (CLOSAMMY) MERCANCIA NUEVA). PRODUCTO: ALFA DAMASCONA. NOMBRE COMERCIAL: ALFA DAMASCONA. NO. CAS (NUMERO DE REGISTRO DEL CHEMICAL ABSTRACTS SERVICE): 24720-09-0. CALIDAD: FENAROLI. ASPECTOFISICO: LIQUIDO. CONCENTRACION: 90% ALFA DAMASCONA Y 10% ELEMENTOS DE LA S¿NTESIS. TIPO DE EMPAQUE: 1 ENVASE DE ALUMINIO X 10 KG. USO: INDUSTRIAL- MATERIA PRIMA PARA LA ELABORACION DE PRODUCTOS INTERMEDIOS (FRAGANCIAS), POR PARTE DE LA INDUSTRIA DEFRAGANCIAS NO ES PRODUCTO DE CONSUMO. MARCA: VENT¿S. LOT NO. L4672907 CANT (10) KGM (ITEM 1);10,00;KILOGRAMS;927,36;IMPORT;MARITIME;DECLARATIONS;ERNESTO VENTOS, SA;;;;;;;;;;;;;;;;;;;;;;;;;;;;;;;;;;;;;;;;;;;;;;;;;;;;;;;;;;;;;;;;;;;;;;;;;;;;;;;;;;;;;;;;;;;;;;;;;;;;;;;;;;;;;;;;;;;;;;;;;;;;;;;;;;;;;;;;;;;;;;;;;;;;;;;;;;;;;;;;;;;;;;;;;;;;;;;;;;;;;;;;;;;;;;;;;;;;;;;;;;;;;;;;;;;;;;;;;;;;;;;;;;;;;;;;;;;;;;;;;;
17/02/2026;COLOMBIA - IMPORT;LA TOUR S.A.;COLOMBIA;ERNESTO VENTOS;CHINA;2914500000 - KETONES AND QUINONES, WHETHER OR NOT WITH OTHER OXYGEN FUNCTION, AN(..) KETONE-PHENOLS AND KETONES WITH OTHER OXYGEN FUNCTION;DO CLOMMA293923. PEDIDO TRAMITE: IMP5556 VENTOS. DECLARACION(2-9). (CLOSAMMY) MERCANCIA NUEVA). PRODUCTO: BUTYL METHOXYDIBENZOYLMETHANE (PARSOL 1789). NOMBRE COMERCIAL: BUTYL METHOXYDIBENZOYLMETHANE (PARSOL 1789). NO. CAS (NUMERO DE REGISTRO DEL CHEMICALABSTRACTS SERVICE): 70356-09-1. CALIDAD: THE GOODSCENTS. ASPECTO FISICO: SOLIDO. CONCENTRACION: 95% BUTYL METHOXYDIBENZOYLMETHANE (PARSOL 1789) Y 5% ELEMENTOS DE LA S¿NTESIS. TIPO DE EMPAQUE: 1 TAMBOR DE CART¿N X 5 KG. USO: INDUSTRIAL- MATERIA PRIMA PARALA ELABORACION DE PRODUCTOS INTERMEDIOS (FRAGANCIAS), POR PARTE DE LA INDUSTRIA DE FRAGANCIAS NO ES PRODUCTO DE CONSUMO. MARCA: VENT¿S. LOT NO. L4677154 CANT (5) KGM (ITEM 2);5,00;KILOGRAMS;260,41;IMPORT;MARITIME;DECLARATIONS;ERNESTO VENTOS, SA;;;;;;;;;;;;;;;;;;;;;;;;;;;;;;;;;;;;;;;;;;;;;;;;;;;;;;;;;;;;;;;;;;;;;;;;;;;;;;;;;;;;;;;;;;;;;;;;;;;;;;;;;;;;;;;;;;;;;;;;;;;;;;;;;;;;;;;;;;;;;;;;;;;;;;;;;;;;;;;;;;;;;;;;;;;;;;;;;;;;;;;;;;;;;;;;;;;;;;;;;;;;;;;;;;;;;;;;;;;;;;;;;;;;;;;;;;;;;;;;;;
17/02/2026;COLOMBIA - IMPORT;LA TOUR S.A.;COLOMBIA;ERNESTO VENTOS;CHINA;2915602000 - SATURATED ACYCLIC MONOCARB(..) BUTANOIC ACIDS, PENTANOIC ACIDS, THEIR SALTS AND ESTERS PENTANOIC ACIDS, THEIR SALTS AND ESTERS;DO CLOMMA293923. PEDIDO TRAMITE: IMP5556 VENTOS. DECLARACION(3-9). (CLOSAMMY) MERCANCIA NUEVA). PRODUCTO: VALERIANATO ISO DE METILO. NOMBRE COMERCIAL: VALERIANATO ISO DE METILO. NO. CAS (NUMERO DE REGISTRO DEL CHEMICAL ABSTRACTS SERVICE): 556-24-1. CALIDAD: USP. ASPECTO FISICO: LIQUIDO. CONCENTRACION: 96% VALERIANATO ISO DE METILO Y 4% ELEMENTOS DE LA S¿NTESIS. TIPO DE EMPAQUE: 1 ENVASE PLASTICO X 10 KG. USO: INDUSTRIAL- MATERIA PRIMA PARA LA ELABORACION DE PRODUCTOS INTERMEDIOS (SABORIZANTES), POR PARTEDE LA INDUSTRIA DE SABORES NO ES PRODUCTO DE CONSUMO. MARCA: VENT¿S. LOT NO. L4678820 CANT (10) KGM (ITEM 3);10,00;KILOGRAMS;279,24;IMPORT;MARITIME;DECLARATIONS;ERNESTO VENTOS, SA;;;;;;;;;;;;;;;;;;;;;;;;;;;;;;;;;;;;;;;;;;;;;;;;;;;;;;;;;;;;;;;;;;;;;;;;;;;;;;;;;;;;;;;;;;;;;;;;;;;;;;;;;;;;;;;;;;;;;;;;;;;;;;;;;;;;;;;;;;;;;;;;;;;;;;;;;;;;;;;;;;;;;;;;;;;;;;;;;;;;;;;;;;;;;;;;;;;;;;;;;;;;;;;;;;;;;;;;;;;;;;;;;;;;;;;;;;;;;;;;;;
17/02/2026;COLOMBIA - IMPORT;LA TOUR S.A.;COLOMBIA;ERNESTO VENTOS;SPAIN;2915399090 - SATURATED ACYCLIC MONOCARBOXYLIC ACIDS AND THEIR ANHYDRIDES, HALIDES, PEROXIDES A(..) ESTERS OF ACETIC ACID:OTHER OTHER: OTHER;DO CLOMMA293923. PEDIDO TRAMITE: IMP5556 VENTOS. DECLARACION(4-9). (CLOSAMMY) MERCANCIA NUEVA). PRODUCTO: PHENYL ETHYL ACETATE NATURAL. NOMBRE COMERCIAL: PHENYL ETHYL ACETATE NATURAL. NO. CAS (NUMERO DE REGISTRO DEL CHEMICAL ABSTRACTS SERVICE): 103-45-7.CALIDAD: USP. ASPECTO FISICO: LIQUIDO. CONCENTRACION: 95% PHENYL ETHYL ACETATE Y 5% ELEMENTOS DE LA SINTES¿S. TIPO DE EMPAQUE: 1 ENVASE DE ALUMINIO X 10 KG. USO: INDUSTRIAL- MATERIA PRIMA PARA LA ELABORACION DE PRODUCTOS INTERMEDIOS (FRAGANCIAS Y SABORIZANTES), POR PARTE DE LA INDUSTRIA DE SABORES Y FRAGANCIAS NO ES PRODUCTO DE CONSUMO. MARCA: VENT¿S. LOT NO. L4686212 CANT (10) KGM (ITEM 4);10,00;KILOGRAMS;4.216,67;IMPORT;MARITIME;DECLARATIONS;ERNESTO VENTOS, SA;;;;;;;;;;;;;;;;;;;;;;;;;;;;;;;;;;;;;;;;;;;;;;;;;;;;;;;;;;;;;;;;;;;;;;;;;;;;;;;;;;;;;;;;;;;;;;;;;;;;;;;;;;;;;;;;;;;;;;;;;;;;;;;;;;;;;;;;;;;;;;;;;;;;;;;;;;;;;;;;;;;;;;;;;;;;;;;;;;;;;;;;;;;;;;;;;;;;;;;;;;;;;;;;;;;;;;;;;;;;;;;;;;;;;;;;;;;;;;;;;;
17/02/2026;COLOMBIA - IMPORT;LA TOUR S.A.;COLOMBIA;ERNESTO VENTOS;SPAIN;2909309000 - ETHERS, ETHER-ALCOHOLS, ETHER(..) AROMATIC ETHERS AND THEIR HALOGENATED, SULPHONATED, NITRATED OR NITROSATED DERIVATIVES OTHER;DO CLOMMA293923. PEDIDO TRAMITE: IMP5556 VENTOS. DECLARACION(5-9). (CLOSAMMY) MERCANCIA NUEVA). PRODUCTO: FRAGAROL. NOMBRE COMERCIAL: FRAGAROL. NO. CAS (NUMERO DE REGISTRO DEL CHEMICAL ABSTRACTS SERVICE): 2173-57-1. CALIDAD: FENAROLI. ASPECTO FISICO: SOLIDO. CONCENTRACION: 97% FRAGAROL Y 3% ELEMENTOS DE LA S¿NTESIS. TIPO DE EMPAQUE: 1 TAMBOR MET¿LICO X 50 KG. USO: INDUSTRIAL- MATERIA PRIMA PARA LA ELABORACION DE PRODUCTOS INTERMEDIOS (SABORIZANTES), POR PARTE DE LA INDUSTRIA DE SABORES NO ES PRODUCTO DE CONSUMO. MARCA: VENT¿S. LOT NO. L4682363 CANT (50) KGM (ITEM 5);50,00;KILOGRAMS;3.135,69;IMPORT;MARITIME;DECLARATIONS;ERNESTO VENTOS, SA;;;;;;;;;;;;;;;;;;;;;;;;;;;;;;;;;;;;;;;;;;;;;;;;;;;;;;;;;;;;;;;;;;;;;;;;;;;;;;;;;;;;;;;;;;;;;;;;;;;;;;;;;;;;;;;;;;;;;;;;;;;;;;;;;;;;;;;;;;;;;;;;;;;;;;;;;;;;;;;;;;;;;;;;;;;;;;;;;;;;;;;;;;;;;;;;;;;;;;;;;;;;;;;;;;;;;;;;;;;;;;;;;;;;;;;;;;;;;;;;;;
17/02/2026;COLOMBIA - IMPORT;LA TOUR S.A.;COLOMBIA;ERNESTO VENTOS;CHINA;2902190090 - CYCLIC HYDROCARBONS. CYCLANES, CYCLENES AND CYCLOTERPENES:OTHER OTHER;DO CLOMMA293923. PEDIDO TRAMITE: IMP5556 VENTOS. DECLARACION(6-9). (CLOSAMMY) MERCANCIA NUEVA). PRODUCTO: GAMMA-TERPINENO NATURAL. NOMBRE COMERCIAL: GAMMA-TERPINENO NATURAL. NO. CAS (NUMERO DE REGISTRO DEL CHEMICAL ABSTRACTS SERVICE): 99-85-4. CALIDAD: FCC. ASPECTO FISICO: LIQUIDO. CONCENTRACION: 97% GAMMA TERPINENO Y 3% ELEMENTOS DE LA S¿NTESIS. TIPO DE EMPAQUE: 1TAMBOR METALICO X 100 KG. USO: INDUSTRIAL- MATERIA PRIMA PARA LA ELABORACION DE PRODUCTOS INTERMEDIOS (FRAGANCIAS Y SABORIZANTES), POR PARTE DELA INDUSTRIA DE SABORES Y FRAGANCIAS NO ES PRODUCTO DE CONSUMO. MARCA: VENT¿S. LOT NO. L4679841 CANT (100) KGM (ITEM 6);100,00;KILOGRAMS;1.452,71;IMPORT;MARITIME;DECLARATIONS;ERNESTO VENTOS, SA;;;;;;;;;;;;;;;;;;;;;;;;;;;;;;;;;;;;;;;;;;;;;;;;;;;;;;;;;;;;;;;;;;;;;;;;;;;;;;;;;;;;;;;;;;;;;;;;;;;;;;;;;;;;;;;;;;;;;;;;;;;;;;;;;;;;;;;;;;;;;;;;;;;;;;;;;;;;;;;;;;;;;;;;;;;;;;;;;;;;;;;;;;;;;;;;;;;;;;;;;;;;;;;;;;;;;;;;;;;;;;;;;;;;;;;;;;;;;;;;;;
17/02/2026;COLOMBIA - IMPORT;LA TOUR S.A.;COLOMBIA;ERNESTO VENTOS;SOMALIA;"3301300000 - ESSENTIAL OILS (TERPENELESS OR NOT), INCLUDING CONCRETES AND ABSOLUTES; RESINOIDS; EXTRACTED OLEORESINS; CONCEN(..) RESINOIDS";DO CLOMMA293923. PEDIDO TRAMITE: IMP5556 VENTOS. DECLARACION(7-9). (CLOSAMMY) MERCANCIA NUEVA). PRODUCTO: RESINOIDE MIRRA. ORIGEN: RESINA DE LA PLANTA COMMIPHORA MYRRHA ENGLER. ASPECTO FISICO: LIQUIDO. FORMA DE PRESENTACION Y EMPAQUE: 1 ENVASE DE ALUMINIOX 3 KG. USO: INDUSTRIAL- MATERIA PRIMA PARA LA ELABORACION DE PRODUCTOS INTERMEDIOS (FRAGANCIAS), POR PARTE DE LA INDUSTRIA DE FRAGANCIAS NO ES PRODUCTO DE CONSUMO. MARCA: VENT¿S. REFERENCIA: SIN REFERENCIA. LOT NO. L4678654, C.A.S. NO.84929-26-0 CANT (3) KGM (ITEM 7);3,00;KILOGRAMS;1.034,14;IMPORT;MARITIME;DECLARATIONS;ERNESTO VENTOS, SA;;;;;;;;;;;;;;;;;;;;;;;;;;;;;;;;;;;;;;;;;;;;;;;;;;;;;;;;;;;;;;;;;;;;;;;;;;;;;;;;;;;;;;;;;;;;;;;;;;;;;;;;;;;;;;;;;;;;;;;;;;;;;;;;;;;;;;;;;;;;;;;;;;;;;;;;;;;;;;;;;;;;;;;;;;;;;;;;;;;;;;;;;;;;;;;;;;;;;;;;;;;;;;;;;;;;;;;;;;;;;;;;;;;;;;;;;;;;;;;;;;
17/02/2026;COLOMBIA - IMPORT;LA TOUR S.A.;COLOMBIA;ERNESTO VENTOS;INDIA;2916199000 - UNSATURATED       AC(..) UNSATURATED ACYCLIC MONOCARBOXYLIC ACIDS, THEIR ANHYDRIDES, HALIDES, PEROXIDES, PEROXYACIDS AND(..) OTHER;DO CLOMMA293923. PEDIDO TRAMITE: IMP5556 VENTOS. DECLARACION(8-9). (CLOSAMMY) MERCANCIA NUEVA). PRODUCTO: CARBONATO DE METIL HEPTINO (FOLIONE). NOMBRE COMERCIAL: CARBONATO DE METIL HEPTINO (FOLIONE). NO. CAS (NUMERO DE REGISTRO DEL CHEMICAL ABSTRACTS SERVICE): 111-12-6. CALIDAD: FCC. ASPECTO FISICO: LIQUIDO. CONCENTRACION: 98% CARBONATO DE METIL HEPTINO (FOLIONE) Y2% ELEMENTOS DE LA S¿NTESIS. TIPO DE EMPAQUE: 1 ENVASE DE ALUMINIO X 10 KG. USO: INDUSTRIAL- MATERIA PRIMA PARA LA ELABORACION DE PRODUCTOS INTERMEDIOS (FRAGANCIAS Y SABORIZANTES), POR PARTE DE LA INDUSTRIA DE SABORES Y FRAGANCIAS NO ES PRODUCTO DE CONSUMO. MARCA: VENT¿S. LOT NO. L4678600 CANT (10) KGM (ITEM 8);10,00;KILOGRAMS;1.400,19;IMPORT;MARITIME;DECLARATIONS;ERNESTO VENTOS, SA;;;;;;;;;;;;;;;;;;;;;;;;;;;;;;;;;;;;;;;;;;;;;;;;;;;;;;;;;;;;;;;;;;;;;;;;;;;;;;;;;;;;;;;;;;;;;;;;;;;;;;;;;;;;;;;;;;;;;;;;;;;;;;;;;;;;;;;;;;;;;;;;;;;;;;;;;;;;;;;;;;;;;;;;;;;;;;;;;;;;;;;;;;;;;;;;;;;;;;;;;;;;;;;;;;;;;;;;;;;;;;;;;;;;;;;;;;;;;;;;;;
17/02/2026;COLOMBIA - IMPORT;LA TOUR S.A.;COLOMBIA;ERNESTO VENTOS;NETHERLANDS;2915501000 - SATURATED ACYCLIC MONOCARBOXYLIC ACIDS AND THEIR ANHYDRIDES, HALIDES, (..) PROPIONIC ACID, ITS SALTS AND ESTERS PROPIONIC ACID;DO CLOMMA293923. PEDIDO TRAMITE: IMP5556 VENTOS. DECLARACION(9-9). (CLOSAMMY) MERCANCIA NUEVA). PRODUCTO: ACIDO PROPIONICO. NOMBRE COMERCIAL: ACIDO PROPIONICO. NO. CAS (NUMERO DE REGISTRO DEL CHEMICAL ABSTRACTS SERVICE): 79-09-4. CALIDAD: FCC. ASPECTO FISICO: LIQUIDO. CONCENTRACION: 97% ACIDO PROPIONICO Y3% ELEMENTOS DE LA S¿NTESIS. TIPO DE EMPAQUE: 1 TAMBOR PLASTICO X 200 KG. USO: INDUSTRIAL- MATERIA PRIMA PARA LA ELABORACION DE PRODUCTOS INTERMEDIOS (SABORIZANTES), POR PARTE DE LA INDUSTRIA DE SABORES NO ES PRODUCTO DE CONSUMO. MARCA: VENT¿S. LOT NO. L4672571 CANT (200) KGM (ITEM 9);200,00;KILOGRAMS;866,30;IMPORT;MARITIME;DECLARATIONS;ERNESTO VENTOS, SA;;;;;;;;;;;;;;;;;;;;;;;;;;;;;;;;;;;;;;;;;;;;;;;;;;;;;;;;;;;;;;;;;;;;;;;;;;;;;;;;;;;;;;;;;;;;;;;;;;;;;;;;;;;;;;;;;;;;;;;;;;;;;;;;;;;;;;;;;;;;;;;;;;;;;;;;;;;;;;;;;;;;;;;;;;;;;;;;;;;;;;;;;;;;;;;;;;;;;;;;;;;;;;;;;;;;;;;;;;;;;;;;;;;;;;;;;;;;;;;;;;
16/02/2026;PAKISTAN - IMPORT;HEMANI TRADING INTERNATIONAL PVT LTD;PAKISTAN;ERNESTO VENTOS S.A;SPAIN;33029090 - MIXTURES OF ODORIFEROUS SUBSTANCES AND MIXTURES (INCLUDING ALCOHOLIC SOLUTIONS) WITH A BASIS OF ONE OR (..) OTHER OTHER: OTHER;1. METHYLIONONE GAMMA BASF, CELESTOLIDE IFF,CEDRYL METHYL ETER, PACKED IN DRUMS, NET WT:350 KGS APPROX, BRAND:VENTOS, I/O:NOT SHOWN;350,00;KILOGRAMS;13.275,19;IMPORT;NOT DECLARED;DECLARATIONS;ERNESTO VENTOS S.A;;;;;;;;;;;;;;;;;;;;;;;;;;;;;;;;;;;;;;;;;;;;;;;;;;;;;;;;;;;;;;;;;;;;;;;;;;;;;;;;;;;;;;;;;;;;;;;;;;;;;;;;;;;;;;;;;;;;;;;;;;;;;;;;;;;;;;;;;;;;;;;;;;;;;;;;;;;;;;;;;;;;;;;;;;;;;;;;;;;;;;;;;;;;;;;;;;;;;;;;;;;;;;;;;;;;;;;;;;;;;;;;;;;;;;;;;;;;;;;;;;
16/02/2026;PAKISTAN - IMPORT;HEMANI TRADING INTERNATIONAL PVT LTD;PAKISTAN;ERNESTO VENTOS S.A;SPAIN;33029090 - MIXTURES OF ODORIFEROUS SUBSTANCES AND MIXTURES (INCLUDING ALCOHOLIC SOLUTIONS) WITH A BASIS OF ONE OR (..) OTHER OTHER: OTHER;1. HELIOTROPINE SUBSTITUTE EXTRA, JASMAL IFF,IONONE ALPHA ,GERANIOL BASF, PACKED IN DRUMS & CANS, NET WT:345 KGS APPROX, BRAND:VENTOS, I/O:NOT SHOWN;345,00;KILOGRAMS;6.793,72;IMPORT;NOT DECLARED;DECLARATIONS;ERNESTO VENTOS S.A;;;;;;;;;;;;;;;;;;;;;;;;;;;;;;;;;;;;;;;;;;;;;;;;;;;;;;;;;;;;;;;;;;;;;;;;;;;;;;;;;;;;;;;;;;;;;;;;;;;;;;;;;;;;;;;;;;;;;;;;;;;;;;;;;;;;;;;;;;;;;;;;;;;;;;;;;;;;;;;;;;;;;;;;;;;;;;;;;;;;;;;;;;;;;;;;;;;;;;;;;;;;;;;;;;;;;;;;;;;;;;;;;;;;;;;;;;;;;;;;;;
16/02/2026;COLOMBIA - IMPORT;VENTOS COLOMBIA S.A.S.;COLOMBIA;ERNESTO VENTOS;CHINA;"2912299000 - ALDEHYDES, WHETHER OR NOT WITH OTHER OXYGEN FUNCTION; CYCLIC PO(..) CYCLIC ALDEHYDES WITHOUT OTHER OXYGEN FUNCTION:OTHER OTHER";DO: 01260562,, DECLARACION 1 DE 1, // FACTURA: P30763, FECHA: 04-02-2026 MERCANCIA NUEVA. ADJUNTAMOS REGISTRO DE IMPORTACION NO. REG-50024582-20260206N. FECHA DE APROBACION 2026-02-06. FECHA DE VIGENCIA: 2026-08-06. VISTO BUENO INVIMA VINVIMA-26-0017619. DEL 2026-02-06. PRODUCTO: 2,4,6-TRIMETIL-3-CICLOHEXEN-1-CARBALDEHIDO, NOMBRE COMERCIAL: ISOCYCLOCITRAL, NO. CAS (N¿MERO DE REGISTRO DEL CHEMICAL ABSTRACTS SERVICE): 1423-46-7, CALIDAD: FD&C AL 100%, ASPECTO F¿SICO: LIQUIDO FLUIDO TRANSPARENTE, CONCENTRACI¿N: AL 100%, TIPO DE EMPAQUE: 1 TAMBOR DE 180KG, USO: MATERIA PRIMA USADA EN LA FABRICACION DE FRAGANCIAS PARA AROMATIZAR JABONERIA, DESODORANTES, AMBIENTADORES Y PRODUCTOS DE ASEODOMESTICO. SECTOR AL CUAL VA DIRIGIDO: INDUSTRIA INTERMEDIA DE FRAGANCIAS, MARCA: VENTOS LOTE: L4688287 FECHA DE ELABORACION: SEPTIEMBRE 2025. FECHA DE VENCIMIENTO: SEPTIEMBRE 2027 PAIS DE ORIGEN: CHINA(215) 180 KILOGRAMO (ITEM 1);180,00;KILOGRAMS;2.883,70;IMPORT;AIR;DECLARATIONS;ERNESTO VENTOS S.A.;;;;;;;;;;;;;;;;;;;;;;;;;;;;;;;;;;;;;;;;;;;;;;;;;;;;;;;;;;;;;;;;;;;;;;;;;;;;;;;;;;;;;;;;;;;;;;;;;;;;;;;;;;;;;;;;;;;;;;;;;;;;;;;;;;;;;;;;;;;;;;;;;;;;;;;;;;;;;;;;;;;;;;;;;;;;;;;;;;;;;;;;;;;;;;;;;;;;;;;;;;;;;;;;;;;;;;;;;;;;;;;;;;;;;;;;;;;;;;;;;;
14/02/2026;INDIA - DECLARATIONS IMPORTS;KERRY INGREDIENTS INDIA PRIVATE LIMITED;INDIA;ERNESTO VENTOS;CHINA;29309099 - ORGANO-SULPHUR COMPOUNDS. OTHER OTHER: OTHER;DIPROPYL TRISULPHIDE-20378023 (LOT NO: L4654416) DIPROPYL TRISULPHIDE-20378023 (LOT NO: L4654416);0,10;KILOGRAMS;195,86;IMPORT;AIR;DECLARATIONS;ERNESTO VENTOS, SA;;;;;;;;;;;;;;;;;;;;;;;;;;;;;;;;;;;;;;;;;;;;;;;;;;;;;;;;;;;;;;;;;;;;;;;;;;;;;;;;;;;;;;;;;;;;;;;;;;;;;;;;;;;;;;;;;;;;;;;;;;;;;;;;;;;;;;;;;;;;;;;;;;;;;;;;;;;;;;;;;;;;;;;;;;;;;;;;;;;;;;;;;;;;;;;;;;;;;;;;;;;;;;;;;;;;;;;;;;;;;;;;;;;;;;;;;;;;;;;;;;
13/02/2026;UZBEKISTAN - IMPORT;"?? ""KOC CONSTRUCTION MEKANIK VE ELEKTRIK A.S."",";UZBEKISTAN;ERNESTO VENTOS S A;CHINA;8544700000 - INSULATED (INCLUDING ENAMELLED OR ANODISED) WIRE, CABLE (INCLUDING CO-AXIAL CABL(..) OPTICAL FIBRE CABLES OPTICAL FIBRE CABLES;;14,70;KILOGRAMS;123,00;IMPORT;NOT CLASSIFIED;DECLARATIONS;"""CTRADE GROUP LIMITED"",";;;;;;;;;;;;;;;;;;;;;;;;;;;;;;;;;;;;;;;;;;;;;;;;;;;;;;;;;;;;;;;;;;;;;;;;;;;;;;;;;;;;;;;;;;;;;;;;;;;;;;;;;;;;;;;;;;;;;;;;;;;;;;;;;;;;;;;;;;;;;;;;;;;;;;;;;;;;;;;;;;;;;;;;;;;;;;;;;;;;;;;;;;;;;;;;;;;;;;;;;;;;;;;;;;;;;;;;;;;;;;;;;;;;;;;;;;;;;;;;;;
13/02/2026;UZBEKISTAN - IMPORT;"?? ""KOC CONSTRUCTION MEKANIK VE ELEKTRIK A.S."",";UZBEKISTAN;ERNESTO VENTOS S A;CHINA;8544700000 - INSULATED (INCLUDING ENAMELLED OR ANODISED) WIRE, CABLE (INCLUDING CO-AXIAL CABL(..) OPTICAL FIBRE CABLES OPTICAL FIBRE CABLES;;3,10;KILOGRAMS;136,96;IMPORT;NOT CLASSIFIED;DECLARATIONS;"""CTRADE GROUP LIMITED"",";;;;;;;;;;;;;;;;;;;;;;;;;;;;;;;;;;;;;;;;;;;;;;;;;;;;;;;;;;;;;;;;;;;;;;;;;;;;;;;;;;;;;;;;;;;;;;;;;;;;;;;;;;;;;;;;;;;;;;;;;;;;;;;;;;;;;;;;;;;;;;;;;;;;;;;;;;;;;;;;;;;;;;;;;;;;;;;;;;;;;;;;;;;;;;;;;;;;;;;;;;;;;;;;;;;;;;;;;;;;;;;;;;;;;;;;;;;;;;;;;;
13/02/2026;UZBEKISTAN - IMPORT;"?? ""KOC CONSTRUCTION MEKANIK VE ELEKTRIK A.S."",";UZBEKISTAN;ERNESTO VENTOS S A;CHINA;8544421000 - INSULATED (INCLUDING(..) OTHER ELECTRIC CONDUCTORS, FOR A VOLTAGE NOT EXCEEDING 1,000 V:(..) OF A KIND USED FOR TELECOMMUNICATIONS;;38,44;KILOGRAMS;1.135,29;IMPORT;NOT CLASSIFIED;DECLARATIONS;"""CTRADE GROUP LIMITED"",";;;;;;;;;;;;;;;;;;;;;;;;;;;;;;;;;;;;;;;;;;;;;;;;;;;;;;;;;;;;;;;;;;;;;;;;;;;;;;;;;;;;;;;;;;;;;;;;;;;;;;;;;;;;;;;;;;;;;;;;;;;;;;;;;;;;;;;;;;;;;;;;;;;;;;;;;;;;;;;;;;;;;;;;;;;;;;;;;;;;;;;;;;;;;;;;;;;;;;;;;;;;;;;;;;;;;;;;;;;;;;;;;;;;;;;;;;;;;;;;;;
13/02/2026;UZBEKISTAN - IMPORT;"?? ""KOC CONSTRUCTION MEKANIK VE ELEKTRIK A.S."",";UZBEKISTAN;ERNESTO VENTOS S A;CHINA;"8536700009 - ELECTRICAL APPARATUS FOR SWITCHING OR PROTECTING (..) CONNECTORS FOR OPTICAL FIBRES, OPTICAL FIBRE BUNDLES OR CABLES OF COPPER; 8536700009";;1,05;KILOGRAMS;52,48;IMPORT;NOT CLASSIFIED;DECLARATIONS;"""CTRADE GROUP LIMITED"",";;;;;;;;;;;;;;;;;;;;;;;;;;;;;;;;;;;;;;;;;;;;;;;;;;;;;;;;;;;;;;;;;;;;;;;;;;;;;;;;;;;;;;;;;;;;;;;;;;;;;;;;;;;;;;;;;;;;;;;;;;;;;;;;;;;;;;;;;;;;;;;;;;;;;;;;;;;;;;;;;;;;;;;;;;;;;;;;;;;;;;;;;;;;;;;;;;;;;;;;;;;;;;;;;;;;;;;;;;;;;;;;;;;;;;;;;;;;;;;;;;
13/02/2026;UZBEKISTAN - IMPORT;"?? ""KOC CONSTRUCTION MEKANIK VE ELEKTRIK A.S."",";UZBEKISTAN;ERNESTO VENTOS S A;CHINA;8525811900 - TRANSMISSION      AP(..) TELEVISION CAMERAS, DIGITAL CAMERAS AND VIDEO CAMERA RECORDERS:HIGH-SPEED GOODS AS (..) TV CAMERAS: OTHER;;65,29;KILOGRAMS;2.400,01;IMPORT;NOT CLASSIFIED;DECLARATIONS;"""CTRADE GROUP LIMITED"",";;;;;;;;;;;;;;;;;;;;;;;;;;;;;;;;;;;;;;;;;;;;;;;;;;;;;;;;;;;;;;;;;;;;;;;;;;;;;;;;;;;;;;;;;;;;;;;;;;;;;;;;;;;;;;;;;;;;;;;;;;;;;;;;;;;;;;;;;;;;;;;;;;;;;;;;;;;;;;;;;;;;;;;;;;;;;;;;;;;;;;;;;;;;;;;;;;;;;;;;;;;;;;;;;;;;;;;;;;;;;;;;;;;;;;;;;;;;;;;;;;
13/02/2026;UZBEKISTAN - IMPORT;"?? ""KOC CONSTRUCTION MEKANIK VE ELEKTRIK A.S."",";UZBEKISTAN;ERNESTO VENTOS S A;CHINA;8517790009 - TELEPHONE SETS, INCLUDING SMARTPHONES AND OTHER TELEPHONES FOR CELLULAR NETWORKS OR FOR OT(..) PARTS:OTHER PARTS: OTHER: OTHER;;24,00;KILOGRAMS;180,40;IMPORT;NOT CLASSIFIED;DECLARATIONS;"""CTRADE GROUP LIMITED"",";;;;;;;;;;;;;;;;;;;;;;;;;;;;;;;;;;;;;;;;;;;;;;;;;;;;;;;;;;;;;;;;;;;;;;;;;;;;;;;;;;;;;;;;;;;;;;;;;;;;;;;;;;;;;;;;;;;;;;;;;;;;;;;;;;;;;;;;;;;;;;;;;;;;;;;;;;;;;;;;;;;;;;;;;;;;;;;;;;;;;;;;;;;;;;;;;;;;;;;;;;;;;;;;;;;;;;;;;;;;;;;;;;;;;;;;;;;;;;;;;;
13/02/2026;UZBEKISTAN - IMPORT;"?? ""KOC CONSTRUCTION MEKANIK VE ELEKTRIK A.S."",";UZBEKISTAN;ERNESTO VENTOS S A;CHINA;8517790009 - TELEPHONE SETS, INCLUDING SMARTPHONES AND OTHER TELEPHONES FOR CELLULAR NETWORKS OR FOR OT(..) PARTS:OTHER PARTS: OTHER: OTHER;;13,05;KILOGRAMS;461,50;IMPORT;NOT CLASSIFIED;DECLARATIONS;"""CTRADE GROUP LIMITED"",";;;;;;;;;;;;;;;;;;;;;;;;;;;;;;;;;;;;;;;;;;;;;;;;;;;;;;;;;;;;;;;;;;;;;;;;;;;;;;;;;;;;;;;;;;;;;;;;;;;;;;;;;;;;;;;;;;;;;;;;;;;;;;;;;;;;;;;;;;;;;;;;;;;;;;;;;;;;;;;;;;;;;;;;;;;;;;;;;;;;;;;;;;;;;;;;;;;;;;;;;;;;;;;;;;;;;;;;;;;;;;;;;;;;;;;;;;;;;;;;;;
13/02/2026;UZBEKISTAN - IMPORT;"?? ""KOC CONSTRUCTION MEKANIK VE ELEKTRIK A.S."",";UZBEKISTAN;ERNESTO VENTOS S A;CHINA;8517790009 - TELEPHONE SETS, INCLUDING SMARTPHONES AND OTHER TELEPHONES FOR CELLULAR NETWORKS OR FOR OT(..) PARTS:OTHER PARTS: OTHER: OTHER;;5,00;KILOGRAMS;669,70;IMPORT;NOT CLASSIFIED;DECLARATIONS;"""CTRADE GROUP LIMITED"",";;;;;;;;;;;;;;;;;;;;;;;;;;;;;;;;;;;;;;;;;;;;;;;;;;;;;;;;;;;;;;;;;;;;;;;;;;;;;;;;;;;;;;;;;;;;;;;;;;;;;;;;;;;;;;;;;;;;;;;;;;;;;;;;;;;;;;;;;;;;;;;;;;;;;;;;;;;;;;;;;;;;;;;;;;;;;;;;;;;;;;;;;;;;;;;;;;;;;;;;;;;;;;;;;;;;;;;;;;;;;;;;;;;;;;;;;;;;;;;;;;
13/02/2026;UZBEKISTAN - IMPORT;"?? ""KOC CONSTRUCTION MEKANIK VE ELEKTRIK A.S."",";UZBEKISTAN;ERNESTO VENTOS S A;CHINA;7326909807 - OTHER ARTICLES OF IRON OR STEEL. OTHER OTHER ARTICLES OF IRON OR STEEL.: OTHER: OTHER: OTHER;;25,40;KILOGRAMS;902,00;IMPORT;NOT CLASSIFIED;DECLARATIONS;"""CTRADE GROUP LIMITED"",";;;;;;;;;;;;;;;;;;;;;;;;;;;;;;;;;;;;;;;;;;;;;;;;;;;;;;;;;;;;;;;;;;;;;;;;;;;;;;;;;;;;;;;;;;;;;;;;;;;;;;;;;;;;;;;;;;;;;;;;;;;;;;;;;;;;;;;;;;;;;;;;;;;;;;;;;;;;;;;;;;;;;;;;;;;;;;;;;;;;;;;;;;;;;;;;;;;;;;;;;;;;;;;;;;;;;;;;;;;;;;;;;;;;;;;;;;;;;;;;;;
13/02/2026;UGANDA - IMPORT;SUGAR CORPORATION OF UGANDA LIMITED;UGANDA;ERNESTO VENTOS CAN SAGRERA 38 CITY SANT JUST DESVERN POSTAL CODE 08960 REGION COUNTRY ES SPAIN AND CANARY ISLANDS PO BOX;INDIA;"85389000000 - PARTS FOR ELECTRICAL APPARATUS FOR ELECTRICAL CIRCUITS, BOARDS, PANELS ETC. FOR ELECTRIC CONTROL OR DISTRIBUTION OF ELECTRICITY, OTHERS;  85389000; 85389000000";SIGNAL CONVERTOR CARD FOR ESP ADOR PANEL;5,00;KILOGRAM;132,00;IMPORT;NOT CLASSIFIED;DECLARATIONS;E3 SOLUTIONS124B SECTORF SANWER ROAD INDUSTRIALCITY: MUMBAIPOSTAL CODE: 452015REGION: COUNTRY: IN, PO BOX: CONTACT:;;;;;;;;;;;;;;;;;;;;;;;;;;;;;;;;;;;;;;;;;;;;;;;;;;;;;;;;;;;;;;;;;;;;;;;;;;;;;;;;;;;;;;;;;;;;;;;;;;;;;;;;;;;;;;;;;;;;;;;;;;;;;;;;;;;;;;;;;;;;;;;;;;;;;;;;;;;;;;;;;;;;;;;;;;;;;;;;;;;;;;;;;;;;;;;;;;;;;;;;;;;;;;;;;;;;;;;;;;;;;;;;;;;;;;;;;;;;;;;;;;
13/02/2026;UGANDA - IMPORT;SUGAR CORPORATION OF UGANDA LIMITED;UGANDA;ERNESTO VENTOS CAN SAGRERA 38 CITY SANT JUST DESVERN POSTAL CODE 08960 REGION COUNTRY ES SPAIN AND CANARY ISLANDS PO BOX;INDIA;"85413000000 - SEMICONDUCTOR DEVICES (FOR EXAMPLE, DIODES, TRANSIST(..) THYRISTORS, DIACS AND TRIACS, OTHER THAN PHOTOSENSITIVE DEVICES OTHER; 85413000000";THYRISTOR/DIODE MODULE SKKT 162/16E;6,00;KILOGRAM;438,00;IMPORT;NOT CLASSIFIED;DECLARATIONS;E3 SOLUTIONS124B SECTORF SANWER ROAD INDUSTRIALCITY: MUMBAIPOSTAL CODE: 452015REGION: COUNTRY: IN, PO BOX: CONTACT:;;;;;;;;;;;;;;;;;;;;;;;;;;;;;;;;;;;;;;;;;;;;;;;;;;;;;;;;;;;;;;;;;;;;;;;;;;;;;;;;;;;;;;;;;;;;;;;;;;;;;;;;;;;;;;;;;;;;;;;;;;;;;;;;;;;;;;;;;;;;;;;;;;;;;;;;;;;;;;;;;;;;;;;;;;;;;;;;;;;;;;;;;;;;;;;;;;;;;;;;;;;;;;;;;;;;;;;;;;;;;;;;;;;;;;;;;;;;;;;;;;
13/02/2026;UGANDA - IMPORT;SUGAR CORPORATION OF UGANDA LIMITED;UGANDA;ERNESTO VENTOS CAN SAGRERA 38 CITY SANT JUST DESVERN POSTAL CODE 08960 REGION COUNTRY ES SPAIN AND CANARY ISLANDS PO BOX;INDIA;"85169000000 - ELECTRIC INSTANTANEOUS OR STORAGE WATER HEATERS AND IMMERSION HEATERS; ELECTRIC SPACE HEATING APPARATUS AND SOIL HE(..) PARTS; 85169000000";ESP INSULATOR HEATER;35,00;KILOGRAM;386,00;IMPORT;NOT CLASSIFIED;DECLARATIONS;E3 SOLUTIONS124B SECTORF SANWER ROAD INDUSTRIALCITY: MUMBAIPOSTAL CODE: 452015REGION: COUNTRY: IN, PO BOX: CONTACT:;;;;;;;;;;;;;;;;;;;;;;;;;;;;;;;;;;;;;;;;;;;;;;;;;;;;;;;;;;;;;;;;;;;;;;;;;;;;;;;;;;;;;;;;;;;;;;;;;;;;;;;;;;;;;;;;;;;;;;;;;;;;;;;;;;;;;;;;;;;;;;;;;;;;;;;;;;;;;;;;;;;;;;;;;;;;;;;;;;;;;;;;;;;;;;;;;;;;;;;;;;;;;;;;;;;;;;;;;;;;;;;;;;;;;;;;;;;;;;;;;;
13/02/2026;UGANDA - IMPORT;SUGAR CORPORATION OF UGANDA LIMITED;UGANDA;ERNESTO VENTOS CAN SAGRERA 38 CITY SANT JUST DESVERN POSTAL CODE 08960 REGION COUNTRY ES SPAIN AND CANARY ISLANDS PO BOX;INDIA;"85169000000 - ELECTRIC INSTANTANEOUS OR STORAGE WATER HEATERS AND IMMERSION HEATERS; ELECTRIC SPACE HEATING APPARATUS AND SOIL HE(..) PARTS; 85169000000";ESP HOPPER HEATING PAD;15,65;KILOGRAM;431,00;IMPORT;NOT CLASSIFIED;DECLARATIONS;E3 SOLUTIONS124B SECTORF SANWER ROAD INDUSTRIALCITY: MUMBAIPOSTAL CODE: 452015REGION: COUNTRY: IN, PO BOX: CONTACT:;;;;;;;;;;;;;;;;;;;;;;;;;;;;;;;;;;;;;;;;;;;;;;;;;;;;;;;;;;;;;;;;;;;;;;;;;;;;;;;;;;;;;;;;;;;;;;;;;;;;;;;;;;;;;;;;;;;;;;;;;;;;;;;;;;;;;;;;;;;;;;;;;;;;;;;;;;;;;;;;;;;;;;;;;;;;;;;;;;;;;;;;;;;;;;;;;;;;;;;;;;;;;;;;;;;;;;;;;;;;;;;;;;;;;;;;;;;;;;;;;;
13/02/2026;PAKISTAN - IMPORT;STANDARD PVT;PAKISTAN;ERNESTO VENTOS S.A;SRI LANKA;33012990 - ESSENTIAL OILS (TERP(..) ESSENTIAL OILS OTHER THAN THOSE OF CITR(..) ESSENTIAL OILS OTHER THAN THOSE OF CITRUS FRUIT: OTHER: OTHER;CINNAMON LEAF OIL (GD PROCESS AS PER PUBLICATION VALUE REF-31/2023@ USD.24.25/KGS;100,00;KILOGRAMS;2.478,97;IMPORT;NOT DECLARED;DECLARATIONS;ERNESTO VENTOS S.A;;;;;;;;;;;;;;;;;;;;;;;;;;;;;;;;;;;;;;;;;;;;;;;;;;;;;;;;;;;;;;;;;;;;;;;;;;;;;;;;;;;;;;;;;;;;;;;;;;;;;;;;;;;;;;;;;;;;;;;;;;;;;;;;;;;;;;;;;;;;;;;;;;;;;;;;;;;;;;;;;;;;;;;;;;;;;;;;;;;;;;;;;;;;;;;;;;;;;;;;;;;;;;;;;;;;;;;;;;;;;;;;;;;;;;;;;;;;;;;;;;
13/02/2026;PAKISTAN - IMPORT;STANDARD PVT;PAKISTAN;ERNESTO VENTOS S.A;CHINA;29339990 - HETEROCYCLIC COMPOUNDS WITH NITROGEN HETERO-ATOM(S) ONLY. OTHER:OTHER OTHER: OTHER: OTHER;INDOLE;100,00;KILOGRAMS;2.606,76;IMPORT;NOT DECLARED;DECLARATIONS;ERNESTO VENTOS S.A;;;;;;;;;;;;;;;;;;;;;;;;;;;;;;;;;;;;;;;;;;;;;;;;;;;;;;;;;;;;;;;;;;;;;;;;;;;;;;;;;;;;;;;;;;;;;;;;;;;;;;;;;;;;;;;;;;;;;;;;;;;;;;;;;;;;;;;;;;;;;;;;;;;;;;;;;;;;;;;;;;;;;;;;;;;;;;;;;;;;;;;;;;;;;;;;;;;;;;;;;;;;;;;;;;;;;;;;;;;;;;;;;;;;;;;;;;;;;;;;;;
13/02/2026;PAKISTAN - IMPORT;STANDARD PVT;PAKISTAN;ERNESTO VENTOS S.A;CHINA;29156090 - SATURATED ACYCLIC MO(..) BUTANOIC ACIDS, PENTANOIC ACIDS, THEIR(..) BUTANOIC ACIDS, PENTANOIC ACIDS, THEIR SALTS AND ESTERS: OTHER;BENZYL BUTYRATE;25,00;KILOGRAMS;230,01;IMPORT;NOT DECLARED;DECLARATIONS;ERNESTO VENTOS S.A;;;;;;;;;;;;;;;;;;;;;;;;;;;;;;;;;;;;;;;;;;;;;;;;;;;;;;;;;;;;;;;;;;;;;;;;;;;;;;;;;;;;;;;;;;;;;;;;;;;;;;;;;;;;;;;;;;;;;;;;;;;;;;;;;;;;;;;;;;;;;;;;;;;;;;;;;;;;;;;;;;;;;;;;;;;;;;;;;;;;;;;;;;;;;;;;;;;;;;;;;;;;;;;;;;;;;;;;;;;;;;;;;;;;;;;;;;;;;;;;;;
13/02/2026;PAKISTAN - IMPORT;STANDARD PVT;PAKISTAN;ERNESTO VENTOS S.A;CHINA;29061990 - CYCLIC ALCOHOLS AND THEIR HALO(..) CYCLANIC, CYCLENIC OR CYCLOTERPENIC:OTHER CYCLANIC, CYCLENIC OR CYCLOTERPENIC: OTHER: OTHER;WOODAMBER/ TIMBEROL;75,00;KILOGRAMS;3.641,80;IMPORT;NOT DECLARED;DECLARATIONS;ERNESTO VENTOS S.A;;;;;;;;;;;;;;;;;;;;;;;;;;;;;;;;;;;;;;;;;;;;;;;;;;;;;;;;;;;;;;;;;;;;;;;;;;;;;;;;;;;;;;;;;;;;;;;;;;;;;;;;;;;;;;;;;;;;;;;;;;;;;;;;;;;;;;;;;;;;;;;;;;;;;;;;;;;;;;;;;;;;;;;;;;;;;;;;;;;;;;;;;;;;;;;;;;;;;;;;;;;;;;;;;;;;;;;;;;;;;;;;;;;;;;;;;;;;;;;;;;
13/02/2026;PAKISTAN - IMPORT;STANDARD PVT;PAKISTAN;ERNESTO VENTOS S.A;CHINA;29061990 - CYCLIC ALCOHOLS AND THEIR HALO(..) CYCLANIC, CYCLENIC OR CYCLOTERPENIC:OTHER CYCLANIC, CYCLENIC OR CYCLOTERPENIC: OTHER: OTHER;PTBCH ALCOHOL;100,00;KILOGRAMS;661,40;IMPORT;NOT DECLARED;DECLARATIONS;ERNESTO VENTOS S.A;;;;;;;;;;;;;;;;;;;;;;;;;;;;;;;;;;;;;;;;;;;;;;;;;;;;;;;;;;;;;;;;;;;;;;;;;;;;;;;;;;;;;;;;;;;;;;;;;;;;;;;;;;;;;;;;;;;;;;;;;;;;;;;;;;;;;;;;;;;;;;;;;;;;;;;;;;;;;;;;;;;;;;;;;;;;;;;;;;;;;;;;;;;;;;;;;;;;;;;;;;;;;;;;;;;;;;;;;;;;;;;;;;;;;;;;;;;;;;;;;;
13/02/2026;PAKISTAN - IMPORT;STANDARD PVT;PAKISTAN;ERNESTO VENTOS S.A;CHINA;29052200 - ACYCLIC ALCOHOLS AND THEIR HALOGENATED, SULPHONATED, NITRATED OR(..) UNSATURATED MONOHYDRIC ALCOHOLS:ACYCLIC TERPENE ALCOHOLS;L-CITRONELLOL;75,00;KILOGRAMS;8.280,30;IMPORT;NOT DECLARED;DECLARATIONS;ERNESTO VENTOS S.A;;;;;;;;;;;;;;;;;;;;;;;;;;;;;;;;;;;;;;;;;;;;;;;;;;;;;;;;;;;;;;;;;;;;;;;;;;;;;;;;;;;;;;;;;;;;;;;;;;;;;;;;;;;;;;;;;;;;;;;;;;;;;;;;;;;;;;;;;;;;;;;;;;;;;;;;;;;;;;;;;;;;;;;;;;;;;;;;;;;;;;;;;;;;;;;;;;;;;;;;;;;;;;;;;;;;;;;;;;;;;;;;;;;;;;;;;;;;;;;;;;
13/02/2026;PAKISTAN - IMPORT;STANDARD PVT;PAKISTAN;ERNESTO VENTOS S.A;BRAZIL;29021920 - CYCLIC HYDROCARBONS. CYCLANES, CYCLENES AND CYCLOTERPENES(..) CYCLANES, CYCLENES AND CYCLOTERPENES: OTHER: LIMONENE(DIPENTENE);D-LIMONENE;5.046,00;KILOGRAMS;60.094,35;IMPORT;NOT DECLARED;DECLARATIONS;ERNESTO VENTOS S.A;;;;;;;;;;;;;;;;;;;;;;;;;;;;;;;;;;;;;;;;;;;;;;;;;;;;;;;;;;;;;;;;;;;;;;;;;;;;;;;;;;;;;;;;;;;;;;;;;;;;;;;;;;;;;;;;;;;;;;;;;;;;;;;;;;;;;;;;;;;;;;;;;;;;;;;;;;;;;;;;;;;;;;;;;;;;;;;;;;;;;;;;;;;;;;;;;;;;;;;;;;;;;;;;;;;;;;;;;;;;;;;;;;;;;;;;;;;;;;;;;;
13/02/2026;PAKISTAN - IMPORT;HERBION PAKISTAN PVT LTD;PAKISTAN;ERNESTO VENTOS S.A;SPAIN;"33019090 - ESSENTIAL OILS (TERPENELESS OR NOT), INCLUDING CONCRETES AND ABSOLUTES; RESINOIDS; EXTRACTED OLEORESINS(..) OTHER OTHER: OTHER";LEVENDER OIL  MFG DT: 10/2025 EXP. DT: 10/027;35,00;KILOGRAMS;2.638,57;IMPORT;NOT DECLARED;DECLARATIONS;ERNESTO VENTOS S.A;;;;;;;;;;;;;;;;;;;;;;;;;;;;;;;;;;;;;;;;;;;;;;;;;;;;;;;;;;;;;;;;;;;;;;;;;;;;;;;;;;;;;;;;;;;;;;;;;;;;;;;;;;;;;;;;;;;;;;;;;;;;;;;;;;;;;;;;;;;;;;;;;;;;;;;;;;;;;;;;;;;;;;;;;;;;;;;;;;;;;;;;;;;;;;;;;;;;;;;;;;;;;;;;;;;;;;;;;;;;;;;;;;;;;;;;;;;;;;;;;;
13/02/2026;ECUADOR - IMPORT;EXTRACTOS ANDINOS CA;ECUADOR;ERNESTO VENTOS;SPAIN;3301299090 - ESSENTIAL OILS (TERPENELESS OR NOT), INCLUDING CONCRETE(..) ESSENTIAL OILS OTHER THAN THOSE OF CITRUS FRUIT:OTHER OTHER: OTHER;NEROLI ACEITE DE SINTETICO;2,00;KILOGRAMS;424,56;IMPORT;MARITIME;DECLARATIONS;ERNESTO VENTOS, S.A.;;;;;;;;;;;;;;;;;;;;;;;;;;;;;;;;;;;;;;;;;;;;;;;;;;;;;;;;;;;;;;;;;;;;;;;;;;;;;;;;;;;;;;;;;;;;;;;;;;;;;;;;;;;;;;;;;;;;;;;;;;;;;;;;;;;;;;;;;;;;;;;;;;;;;;;;;;;;;;;;;;;;;;;;;;;;;;;;;;;;;;;;;;;;;;;;;;;;;;;;;;;;;;;;;;;;;;;;;;;;;;;;;;;;;;;;;;;;;;;;;;
13/02/2026;ECUADOR - IMPORT;EXTRACTOS ANDINOS CA;ECUADOR;ERNESTO VENTOS;CHINA;2915601900 - SATURATED ACYCLIC MONO(..) BUTANOIC ACIDS, PENTANOIC ACIDS, THEIR SALTS AND ESTERS BUTANOIC ACIDS, ITS SALTS AND ESTERS: OTHER;ISO VALERIANATO DE ISOAMI;10,00;KILOGRAMS;133,21;IMPORT;MARITIME;DECLARATIONS;ERNESTO VENTOS, S.A.;;;;;;;;;;;;;;;;;;;;;;;;;;;;;;;;;;;;;;;;;;;;;;;;;;;;;;;;;;;;;;;;;;;;;;;;;;;;;;;;;;;;;;;;;;;;;;;;;;;;;;;;;;;;;;;;;;;;;;;;;;;;;;;;;;;;;;;;;;;;;;;;;;;;;;;;;;;;;;;;;;;;;;;;;;;;;;;;;;;;;;;;;;;;;;;;;;;;;;;;;;;;;;;;;;;;;;;;;;;;;;;;;;;;;;;;;;;;;;;;;;
13/02/2026;ECUADOR - IMPORT;EXTRACTOS ANDINOS CA;ECUADOR;ERNESTO VENTOS;CHINA;"2915909000 - SATURATED ACYCLIC MONOCARBOXYLIC ACIDS AND THEIR ANHYDRIDES, HALIDES, PEROXIDES AND PEROXYACIDS; THEIR HALOGEN(..) OTHER OTHER";AMILO CAPROATO DE;5,00;KILOGRAMS;99,17;IMPORT;MARITIME;DECLARATIONS;ERNESTO VENTOS, S.A.;;;;;;;;;;;;;;;;;;;;;;;;;;;;;;;;;;;;;;;;;;;;;;;;;;;;;;;;;;;;;;;;;;;;;;;;;;;;;;;;;;;;;;;;;;;;;;;;;;;;;;;;;;;;;;;;;;;;;;;;;;;;;;;;;;;;;;;;;;;;;;;;;;;;;;;;;;;;;;;;;;;;;;;;;;;;;;;;;;;;;;;;;;;;;;;;;;;;;;;;;;;;;;;;;;;;;;;;;;;;;;;;;;;;;;;;;;;;;;;;;;
13/02/2026;ECUADOR - IMPORT;EXTRACTOS ANDINOS CA;ECUADOR;ERNESTO VENTOS;CHINA;2915601900 - SATURATED ACYCLIC MONO(..) BUTANOIC ACIDS, PENTANOIC ACIDS, THEIR SALTS AND ESTERS BUTANOIC ACIDS, ITS SALTS AND ESTERS: OTHER;ISO VALERIANATO DE ETILO;25,00;KILOGRAMS;244,06;IMPORT;MARITIME;DECLARATIONS;ERNESTO VENTOS, S.A.;;;;;;;;;;;;;;;;;;;;;;;;;;;;;;;;;;;;;;;;;;;;;;;;;;;;;;;;;;;;;;;;;;;;;;;;;;;;;;;;;;;;;;;;;;;;;;;;;;;;;;;;;;;;;;;;;;;;;;;;;;;;;;;;;;;;;;;;;;;;;;;;;;;;;;;;;;;;;;;;;;;;;;;;;;;;;;;;;;;;;;;;;;;;;;;;;;;;;;;;;;;;;;;;;;;;;;;;;;;;;;;;;;;;;;;;;;;;;;;;;;
13/02/2026;ECUADOR - IMPORT;EXTRACTOS ANDINOS CA;ECUADOR;ERNESTO VENTOS;CHINA;2932209900 - HETEROCYCLIC COMPOUNDS WITH OXYGEN HET(..) LACTONES OTHER LACTONES: OTHER. FOR VETERINARY PRODUCTS REGISTERED IN 'AGROCALIDAD';BENZOHIDRO PIRONA;25,00;KILOGRAMS;448,28;IMPORT;MARITIME;DECLARATIONS;ERNESTO VENTOS, S.A.;;;;;;;;;;;;;;;;;;;;;;;;;;;;;;;;;;;;;;;;;;;;;;;;;;;;;;;;;;;;;;;;;;;;;;;;;;;;;;;;;;;;;;;;;;;;;;;;;;;;;;;;;;;;;;;;;;;;;;;;;;;;;;;;;;;;;;;;;;;;;;;;;;;;;;;;;;;;;;;;;;;;;;;;;;;;;;;;;;;;;;;;;;;;;;;;;;;;;;;;;;;;;;;;;;;;;;;;;;;;;;;;;;;;;;;;;;;;;;;;;;
13/02/2026;ECUADOR - IMPORT;EXTRACTOS ANDINOS CA;ECUADOR;ERNESTO VENTOS;CHINA;2918111000 - CARBOXYLIC ACIDS WIT(..) CARBOXYLIC ACIDS WITH ALCOHOL FUNCTION BUT WITHOUT OTHER OXYGEN FUNCTION, THEIR ANHYDRIDE(..) LACTIC ACID;LACTICO ACIDO;75,00;KILOGRAMS;634,45;IMPORT;MARITIME;DECLARATIONS;ERNESTO VENTOS, S.A.;;;;;;;;;;;;;;;;;;;;;;;;;;;;;;;;;;;;;;;;;;;;;;;;;;;;;;;;;;;;;;;;;;;;;;;;;;;;;;;;;;;;;;;;;;;;;;;;;;;;;;;;;;;;;;;;;;;;;;;;;;;;;;;;;;;;;;;;;;;;;;;;;;;;;;;;;;;;;;;;;;;;;;;;;;;;;;;;;;;;;;;;;;;;;;;;;;;;;;;;;;;;;;;;;;;;;;;;;;;;;;;;;;;;;;;;;;;;;;;;;;
13/02/2026;ECUADOR - IMPORT;EXTRACTOS ANDINOS CA;ECUADOR;ERNESTO VENTOS;CHINA;2905490000 - ACYCLIC ALCOHOLS AND THEIR HALOGENATED, SULPHONATED, NITRATED OR NITROSATED DERIVATIVES. OTHER POLYHYDRIC ALCOHOLS:OTHER;TRIACETINA;240,00;KILOGRAMS;827,43;IMPORT;MARITIME;DECLARATIONS;ERNESTO VENTOS, S.A.;;;;;;;;;;;;;;;;;;;;;;;;;;;;;;;;;;;;;;;;;;;;;;;;;;;;;;;;;;;;;;;;;;;;;;;;;;;;;;;;;;;;;;;;;;;;;;;;;;;;;;;;;;;;;;;;;;;;;;;;;;;;;;;;;;;;;;;;;;;;;;;;;;;;;;;;;;;;;;;;;;;;;;;;;;;;;;;;;;;;;;;;;;;;;;;;;;;;;;;;;;;;;;;;;;;;;;;;;;;;;;;;;;;;;;;;;;;;;;;;;;
13/02/2026;ECUADOR - IMPORT;EXTRACTOS ANDINOS CA;ECUADOR;ERNESTO VENTOS;BRAZIL;2915393000 - SATURATED ACYCLIC MONOCARBOXYLIC ACIDS AND THEIR ANHYDRIDES, HALIDE(..) ESTERS OF ACETIC ACID:OTHER AMYL AND ISO-AMYL ACETATES;ISO AMIL ACETATO DE;177,00;KILOGRAMS;938,45;IMPORT;MARITIME;DECLARATIONS;ERNESTO VENTOS, S.A.;;;;;;;;;;;;;;;;;;;;;;;;;;;;;;;;;;;;;;;;;;;;;;;;;;;;;;;;;;;;;;;;;;;;;;;;;;;;;;;;;;;;;;;;;;;;;;;;;;;;;;;;;;;;;;;;;;;;;;;;;;;;;;;;;;;;;;;;;;;;;;;;;;;;;;;;;;;;;;;;;;;;;;;;;;;;;;;;;;;;;;;;;;;;;;;;;;;;;;;;;;;;;;;;;;;;;;;;;;;;;;;;;;;;;;;;;;;;;;;;;;
13/02/2026;ECUADOR - IMPORT;EXTRACTOS ANDINOS CA;ECUADOR;ERNESTO VENTOS;HONG KONG;2912420000 - ALDEHYDES, WHETHER O(..) ALDEHYDE-ETHERS, ALDEHYDE-PHENOLS AND ALDEHYDES WITH OTHER OXYGEN FUNCTION:ETHYLVANILLIN (3-ETHOXY-4(..);ETILO VAINILLINA;50,00;KILOGRAMS;578,33;IMPORT;MARITIME;DECLARATIONS;ERNESTO VENTOS, S.A.;;;;;;;;;;;;;;;;;;;;;;;;;;;;;;;;;;;;;;;;;;;;;;;;;;;;;;;;;;;;;;;;;;;;;;;;;;;;;;;;;;;;;;;;;;;;;;;;;;;;;;;;;;;;;;;;;;;;;;;;;;;;;;;;;;;;;;;;;;;;;;;;;;;;;;;;;;;;;;;;;;;;;;;;;;;;;;;;;;;;;;;;;;;;;;;;;;;;;;;;;;;;;;;;;;;;;;;;;;;;;;;;;;;;;;;;;;;;;;;;;;
13/02/2026;ECUADOR - IMPORT;EXTRACTOS ANDINOS CA;ECUADOR;ERNESTO VENTOS;INDIA;2912291000 - ALDEHYDES, WHETHER OR NOT WITH (..) CYCLIC ALDEHYDES WITHOUT OTHER OXYGEN FUNCTION:OTHER CINNAMALDEHYDE AND PHENYLACETALDEHYDE;CINAMILO ALDEHIDO;75,00;KILOGRAMS;487,86;IMPORT;MARITIME;DECLARATIONS;ERNESTO VENTOS, S.A.;;;;;;;;;;;;;;;;;;;;;;;;;;;;;;;;;;;;;;;;;;;;;;;;;;;;;;;;;;;;;;;;;;;;;;;;;;;;;;;;;;;;;;;;;;;;;;;;;;;;;;;;;;;;;;;;;;;;;;;;;;;;;;;;;;;;;;;;;;;;;;;;;;;;;;;;;;;;;;;;;;;;;;;;;;;;;;;;;;;;;;;;;;;;;;;;;;;;;;;;;;;;;;;;;;;;;;;;;;;;;;;;;;;;;;;;;;;;;;;;;;
13/02/2026;ECUADOR - IMPORT;EXTRACTOS ANDINOS CA;ECUADOR;ERNESTO VENTOS;CHINA;2914299000 - KETONES AND QUINONES, WHETHER OR NOT(..) CYCLANIC, CYCLENIC OR CYCLOTERPENIC KETONES WITHOUT OTHER OXYGEN FUNCTION:OTHER OTHER;CICLOTENE;10,00;KILOGRAMS;193,35;IMPORT;MARITIME;DECLARATIONS;ERNESTO VENTOS, S.A.;;;;;;;;;;;;;;;;;;;;;;;;;;;;;;;;;;;;;;;;;;;;;;;;;;;;;;;;;;;;;;;;;;;;;;;;;;;;;;;;;;;;;;;;;;;;;;;;;;;;;;;;;;;;;;;;;;;;;;;;;;;;;;;;;;;;;;;;;;;;;;;;;;;;;;;;;;;;;;;;;;;;;;;;;;;;;;;;;;;;;;;;;;;;;;;;;;;;;;;;;;;;;;;;;;;;;;;;;;;;;;;;;;;;;;;;;;;;;;;;;;
13/02/2026;ECUADOR - IMPORT;EXTRACTOS ANDINOS CA;ECUADOR;ERNESTO VENTOS;CHINA;"2912199000 - ALDEHYDES, WHETHER OR NOT WITH OTHER OXYGEN FUNCTION; CYCLIC P(..) ACYCLIC ALDEHYDES WITHOUT OTHER OXYGEN FUNCTION:OTHER OTHER";ALDEHIDO C-16 (ETIL METILFENIL;5,00;KILOGRAMS;99,17;IMPORT;MARITIME;DECLARATIONS;ERNESTO VENTOS, S.A.;;;;;;;;;;;;;;;;;;;;;;;;;;;;;;;;;;;;;;;;;;;;;;;;;;;;;;;;;;;;;;;;;;;;;;;;;;;;;;;;;;;;;;;;;;;;;;;;;;;;;;;;;;;;;;;;;;;;;;;;;;;;;;;;;;;;;;;;;;;;;;;;;;;;;;;;;;;;;;;;;;;;;;;;;;;;;;;;;;;;;;;;;;;;;;;;;;;;;;;;;;;;;;;;;;;;;;;;;;;;;;;;;;;;;;;;;;;;;;;;;;
13/02/2026;ECUADOR - IMPORT;EXTRACTOS ANDINOS CA;ECUADOR;ERNESTO VENTOS;CHINA;2912410000 - ALDEHYDES, WHETHER O(..) ALDEHYDE-ETHERS, ALDEHYDE-PHENOLS AND ALDEHYDES WITH OTHER OXYGEN FUNCTION:VANILLIN (4-HYDROXY-3-MET(..);VAINILLINA;200,00;KILOGRAMS;1.952,44;IMPORT;MARITIME;DECLARATIONS;ERNESTO VENTOS, S.A.;;;;;;;;;;;;;;;;;;;;;;;;;;;;;;;;;;;;;;;;;;;;;;;;;;;;;;;;;;;;;;;;;;;;;;;;;;;;;;;;;;;;;;;;;;;;;;;;;;;;;;;;;;;;;;;;;;;;;;;;;;;;;;;;;;;;;;;;;;;;;;;;;;;;;;;;;;;;;;;;;;;;;;;;;;;;;;;;;;;;;;;;;;;;;;;;;;;;;;;;;;;;;;;;;;;;;;;;;;;;;;;;;;;;;;;;;;;;;;;;;;
13/02/2026;ECUADOR - IMPORT;EXTRACTOS ANDINOS CA;ECUADOR;ERNESTO VENTOS;INDIA;"3301902000 - ESSENTIAL OILS (TERPENELESS OR NOT), INCLUDING CONCRETES AND ABSOLUTES; RESINOIDS; EXTRACTED OL(..) OTHER EXTRACTED OLEORESINS";OLEORRESINA CAPSICUM;1,00;KILOGRAMS;152,14;IMPORT;MARITIME;DECLARATIONS;ERNESTO VENTOS, S.A.;;;;;;;;;;;;;;;;;;;;;;;;;;;;;;;;;;;;;;;;;;;;;;;;;;;;;;;;;;;;;;;;;;;;;;;;;;;;;;;;;;;;;;;;;;;;;;;;;;;;;;;;;;;;;;;;;;;;;;;;;;;;;;;;;;;;;;;;;;;;;;;;;;;;;;;;;;;;;;;;;;;;;;;;;;;;;;;;;;;;;;;;;;;;;;;;;;;;;;;;;;;;;;;;;;;;;;;;;;;;;;;;;;;;;;;;;;;;;;;;;;
13/02/2026;ECUADOR - IMPORT;EXTRACTOS ANDINOS CA;ECUADOR;ERNESTO VENTOS;INDONESIA;3301299090 - ESSENTIAL OILS (TERPENELESS OR NOT), INCLUDING CONCRETE(..) ESSENTIAL OILS OTHER THAN THOSE OF CITRUS FRUIT:OTHER OTHER: OTHER;NUEZ MOSCADA ACEITE DE;5,00;KILOGRAMS;384,84;IMPORT;MARITIME;DECLARATIONS;ERNESTO VENTOS, S.A.;;;;;;;;;;;;;;;;;;;;;;;;;;;;;;;;;;;;;;;;;;;;;;;;;;;;;;;;;;;;;;;;;;;;;;;;;;;;;;;;;;;;;;;;;;;;;;;;;;;;;;;;;;;;;;;;;;;;;;;;;;;;;;;;;;;;;;;;;;;;;;;;;;;;;;;;;;;;;;;;;;;;;;;;;;;;;;;;;;;;;;;;;;;;;;;;;;;;;;;;;;;;;;;;;;;;;;;;;;;;;;;;;;;;;;;;;;;;;;;;;;
13/02/2026;ECUADOR - IMPORT;EXTRACTOS ANDINOS CA;ECUADOR;ERNESTO VENTOS;INDIA;2915399090 - SATURATED ACYCLIC MONOCARBOXYLIC ACIDS AND THEIR ANHYDRID(..) ESTERS OF ACETIC ACID:OTHER OTHER: OTHER. PH ROTTERDAM AGREEMENT;ISO BUTIL FENIL ACET A-3;1,00;KILOGRAMS;128,09;IMPORT;MARITIME;DECLARATIONS;ERNESTO VENTOS, S.A.;;;;;;;;;;;;;;;;;;;;;;;;;;;;;;;;;;;;;;;;;;;;;;;;;;;;;;;;;;;;;;;;;;;;;;;;;;;;;;;;;;;;;;;;;;;;;;;;;;;;;;;;;;;;;;;;;;;;;;;;;;;;;;;;;;;;;;;;;;;;;;;;;;;;;;;;;;;;;;;;;;;;;;;;;;;;;;;;;;;;;;;;;;;;;;;;;;;;;;;;;;;;;;;;;;;;;;;;;;;;;;;;;;;;;;;;;;;;;;;;;;
13/02/2026;ECUADOR - IMPORT;EXTRACTOS ANDINOS CA;ECUADOR;ERNESTO VENTOS;INDIA;2915130000 - SATURATED ACYCLIC MONOCARBOXYLIC ACIDS AND THEIR ANHYDRIDES, HALI(..) FORMIC ACID, ITS SALTS AND ESTERS:ESTERS OF FORMIC ACID;ISO AMILO FORMATE;5,00;KILOGRAMS;159,31;IMPORT;MARITIME;DECLARATIONS;ERNESTO VENTOS, S.A.;;;;;;;;;;;;;;;;;;;;;;;;;;;;;;;;;;;;;;;;;;;;;;;;;;;;;;;;;;;;;;;;;;;;;;;;;;;;;;;;;;;;;;;;;;;;;;;;;;;;;;;;;;;;;;;;;;;;;;;;;;;;;;;;;;;;;;;;;;;;;;;;;;;;;;;;;;;;;;;;;;;;;;;;;;;;;;;;;;;;;;;;;;;;;;;;;;;;;;;;;;;;;;;;;;;;;;;;;;;;;;;;;;;;;;;;;;;;;;;;;;
13/02/2026;ECUADOR - IMPORT;EXTRACTOS ANDINOS CA;ECUADOR;ERNESTO VENTOS;CHINA;2918119000 - CARBOXYLIC ACIDS WIT(..) CARBOXYLIC ACIDS WITH ALCOHOL FUNCTION BUT WITHOUT OTHER OXYGEN FUNCTION, THEIR ANHYDRIDES, HAL(..) OTHER;ETILO LACTATO DE;5,00;KILOGRAMS;144,28;IMPORT;MARITIME;DECLARATIONS;ERNESTO VENTOS, S.A.;;;;;;;;;;;;;;;;;;;;;;;;;;;;;;;;;;;;;;;;;;;;;;;;;;;;;;;;;;;;;;;;;;;;;;;;;;;;;;;;;;;;;;;;;;;;;;;;;;;;;;;;;;;;;;;;;;;;;;;;;;;;;;;;;;;;;;;;;;;;;;;;;;;;;;;;;;;;;;;;;;;;;;;;;;;;;;;;;;;;;;;;;;;;;;;;;;;;;;;;;;;;;;;;;;;;;;;;;;;;;;;;;;;;;;;;;;;;;;;;;;
13/02/2026;ECUADOR - IMPORT;EXTRACTOS ANDINOS CA;ECUADOR;ERNESTO VENTOS;CHINA;2930909900 - ORGANO-SULPHUR COMPOUNDS. OTHER OTHER: OTHER;DIMETIL SULFIDE 1% SOL;5,00;KILOGRAMS;525,17;IMPORT;MARITIME;DECLARATIONS;ERNESTO VENTOS, S.A.;;;;;;;;;;;;;;;;;;;;;;;;;;;;;;;;;;;;;;;;;;;;;;;;;;;;;;;;;;;;;;;;;;;;;;;;;;;;;;;;;;;;;;;;;;;;;;;;;;;;;;;;;;;;;;;;;;;;;;;;;;;;;;;;;;;;;;;;;;;;;;;;;;;;;;;;;;;;;;;;;;;;;;;;;;;;;;;;;;;;;;;;;;;;;;;;;;;;;;;;;;;;;;;;;;;;;;;;;;;;;;;;;;;;;;;;;;;;;;;;;;
13/02/2026;ECUADOR - IMPORT;EXTRACTOS ANDINOS CA;ECUADOR;ERNESTO VENTOS;CHINA;2914299000 - KETONES AND QUINONES, WHETHER OR NOT(..) CYCLANIC, CYCLENIC OR CYCLOTERPENIC KETONES WITHOUT OTHER OXYGEN FUNCTION:OTHER OTHER;IONONA ALFA;5,00;KILOGRAMS;119,23;IMPORT;MARITIME;DECLARATIONS;ERNESTO VENTOS, S.A.;;;;;;;;;;;;;;;;;;;;;;;;;;;;;;;;;;;;;;;;;;;;;;;;;;;;;;;;;;;;;;;;;;;;;;;;;;;;;;;;;;;;;;;;;;;;;;;;;;;;;;;;;;;;;;;;;;;;;;;;;;;;;;;;;;;;;;;;;;;;;;;;;;;;;;;;;;;;;;;;;;;;;;;;;;;;;;;;;;;;;;;;;;;;;;;;;;;;;;;;;;;;;;;;;;;;;;;;;;;;;;;;;;;;;;;;;;;;;;;;;;
13/02/2026;ECUADOR - IMPORT;EXTRACTOS ANDINOS CA;ECUADOR;ERNESTO VENTOS;CHINA;2932209900 - HETEROCYCLIC COMPOUNDS WITH OXYGEN HET(..) LACTONES OTHER LACTONES: OTHER. FOR VETERINARY PRODUCTS REGISTERED IN 'AGROCALIDAD';LACTONA C-10 DELTA;5,00;KILOGRAMS;118,23;IMPORT;MARITIME;DECLARATIONS;ERNESTO VENTOS, S.A.;;;;;;;;;;;;;;;;;;;;;;;;;;;;;;;;;;;;;;;;;;;;;;;;;;;;;;;;;;;;;;;;;;;;;;;;;;;;;;;;;;;;;;;;;;;;;;;;;;;;;;;;;;;;;;;;;;;;;;;;;;;;;;;;;;;;;;;;;;;;;;;;;;;;;;;;;;;;;;;;;;;;;;;;;;;;;;;;;;;;;;;;;;;;;;;;;;;;;;;;;;;;;;;;;;;;;;;;;;;;;;;;;;;;;;;;;;;;;;;;;;
13/02/2026;ECUADOR - IMPORT;EXTRACTOS ANDINOS CA;ECUADOR;ERNESTO VENTOS;CHINA;2909501000 - ETHERS, ETHER-ALCOHO(..) ETHER-PHENOLS, ETHER-ALCOHOL-PHENOLS AND THEIR HALOGENA(..) GUAIACOL AND GUAIACOLSULPHONATES OF POTASSIUM;TRANS-2-HEXENAL;5,00;KILOGRAMS;182,63;IMPORT;MARITIME;DECLARATIONS;ERNESTO VENTOS, S.A.;;;;;;;;;;;;;;;;;;;;;;;;;;;;;;;;;;;;;;;;;;;;;;;;;;;;;;;;;;;;;;;;;;;;;;;;;;;;;;;;;;;;;;;;;;;;;;;;;;;;;;;;;;;;;;;;;;;;;;;;;;;;;;;;;;;;;;;;;;;;;;;;;;;;;;;;;;;;;;;;;;;;;;;;;;;;;;;;;;;;;;;;;;;;;;;;;;;;;;;;;;;;;;;;;;;;;;;;;;;;;;;;;;;;;;;;;;;;;;;;;;
13/02/2026;ECUADOR - IMPORT;EXTRACTOS ANDINOS CA;ECUADOR;ERNESTO VENTOS;CHINA;2915130000 - SATURATED ACYCLIC MONOCARBOXYLIC ACIDS AND THEIR ANHYDRIDES, HALI(..) FORMIC ACID, ITS SALTS AND ESTERS:ESTERS OF FORMIC ACID;ETILO FORMIATO DE;5,00;KILOGRAMS;70,37;IMPORT;MARITIME;DECLARATIONS;ERNESTO VENTOS, S.A.;;;;;;;;;;;;;;;;;;;;;;;;;;;;;;;;;;;;;;;;;;;;;;;;;;;;;;;;;;;;;;;;;;;;;;;;;;;;;;;;;;;;;;;;;;;;;;;;;;;;;;;;;;;;;;;;;;;;;;;;;;;;;;;;;;;;;;;;;;;;;;;;;;;;;;;;;;;;;;;;;;;;;;;;;;;;;;;;;;;;;;;;;;;;;;;;;;;;;;;;;;;;;;;;;;;;;;;;;;;;;;;;;;;;;;;;;;;;;;;;;;
13/02/2026;ECUADOR - IMPORT;EXTRACTOS ANDINOS CA;ECUADOR;ERNESTO VENTOS;FRANCE;2909309000 - ETHERS, ETHER-ALCOHOLS, ETHER(..) AROMATIC ETHERS AND THEIR HALOGENATED, SULPHONATED, NITRATED OR NITROSATED DERIVATIVES OTHER;BENCILO BUTIRATO DE;5,00;KILOGRAMS;80,39;IMPORT;MARITIME;DECLARATIONS;ERNESTO VENTOS, S.A.;;;;;;;;;;;;;;;;;;;;;;;;;;;;;;;;;;;;;;;;;;;;;;;;;;;;;;;;;;;;;;;;;;;;;;;;;;;;;;;;;;;;;;;;;;;;;;;;;;;;;;;;;;;;;;;;;;;;;;;;;;;;;;;;;;;;;;;;;;;;;;;;;;;;;;;;;;;;;;;;;;;;;;;;;;;;;;;;;;;;;;;;;;;;;;;;;;;;;;;;;;;;;;;;;;;;;;;;;;;;;;;;;;;;;;;;;;;;;;;;;;
13/02/2026;COLOMBIA - IMPORT;LA TOUR S.A.;COLOMBIA;ERNESTO VENTOS;MADAGASCAR;3301299000 - ESSENTIAL OILS (TERPENELESS OR NOT), INCLUDING CONCRETES AND A(..) ESSENTIAL OILS OTHER THAN THOSE OF CITRUS FRUIT:OTHER OTHER;"DO ICLO9010,PEDIDO: IMP5577,FORMATO 3 DE 3;FACTURA(S)...P30493 23/01/2026;MERCANCIA QUE NO REQUIERE REGISTRO DE IMPORTACION DECRETO 925 DE MAYO 9/2013;10.00 KILOS;PRODUCTO: GERANIO BOURBON NATURAL A.E;(GERANIUM OIL,BOURBON);NOMBRE QUIMICO: PELARGONIUM GRAVEOLENS STEM LEAF OIL;NO.CAS: 90082-51-2;ORIGEN: HOJAS Y TALLOS DE LA PLANTA PELARGONIUM GRAVEOLENS;ASPECTO F¿SICO: LIQUIDO;FORMA DE PRESENTACI¿N Y EMPAQUE: EJEMPLO: 1 ENVASE DE ALUMINIO X 10 KG;USO: INDUSTRIAL-MATERIA PRIMA PARA LA ELABORACION DE PRODUCTOS INTERMEDIOS (FRAGANCIAS), POR PARTE DE LA INDUSTRIA DE FRAGANCIAS.ESTE PRODUCTO NO ES PARA EL CONSUMO HUMANO; MARCA: VENTOS;REFERENCIA: NO TIENE.COD: 3024.LOTE: L4586833;CODIGO: UN3082;";10,00;KILOGRAMS;3.008,62;IMPORT;AIR;DECLARATIONS;ERNESTO VENTOS SA;;;;;;;;;;;;;;;;;;;;;;;;;;;;;;;;;;;;;;;;;;;;;;;;;;;;;;;;;;;;;;;;;;;;;;;;;;;;;;;;;;;;;;;;;;;;;;;;;;;;;;;;;;;;;;;;;;;;;;;;;;;;;;;;;;;;;;;;;;;;;;;;;;;;;;;;;;;;;;;;;;;;;;;;;;;;;;;;;;;;;;;;;;;;;;;;;;;;;;;;;;;;;;;;;;;;;;;;;;;;;;;;;;;;;;;;;;;;;;;;;;
12/02/2026;PAKISTAN - IMPORT;STANDARD PVT;PAKISTAN;ERNESTO VENTOS S.A;SPAIN;33012990 - ESSENTIAL OILS (TERP(..) ESSENTIAL OILS OTHER THAN THOSE OF CITR(..) ESSENTIAL OILS OTHER THAN THOSE OF CITRUS FRUIT: OTHER: OTHER;GINGER OIL QTY=25 KGS;25,00;KILOGRAMS;1.886,47;IMPORT;NOT DECLARED;DECLARATIONS;ERNESTO VENTOS S.A;;;;;;;;;;;;;;;;;;;;;;;;;;;;;;;;;;;;;;;;;;;;;;;;;;;;;;;;;;;;;;;;;;;;;;;;;;;;;;;;;;;;;;;;;;;;;;;;;;;;;;;;;;;;;;;;;;;;;;;;;;;;;;;;;;;;;;;;;;;;;;;;;;;;;;;;;;;;;;;;;;;;;;;;;;;;;;;;;;;;;;;;;;;;;;;;;;;;;;;;;;;;;;;;;;;;;;;;;;;;;;;;;;;;;;;;;;;;;;;;;;
12/02/2026;PAKISTAN - IMPORT;STANDARD PVT;PAKISTAN;ERNESTO VENTOS S.A;SPAIN;33012990 - ESSENTIAL OILS (TERP(..) ESSENTIAL OILS OTHER THAN THOSE OF CITR(..) ESSENTIAL OILS OTHER THAN THOSE OF CITRUS FRUIT: OTHER: OTHER;THYME OIL  RED SPAIN QTY=10 KGS;10,00;KILOGRAMS;1.069,96;IMPORT;NOT DECLARED;DECLARATIONS;ERNESTO VENTOS S.A;;;;;;;;;;;;;;;;;;;;;;;;;;;;;;;;;;;;;;;;;;;;;;;;;;;;;;;;;;;;;;;;;;;;;;;;;;;;;;;;;;;;;;;;;;;;;;;;;;;;;;;;;;;;;;;;;;;;;;;;;;;;;;;;;;;;;;;;;;;;;;;;;;;;;;;;;;;;;;;;;;;;;;;;;;;;;;;;;;;;;;;;;;;;;;;;;;;;;;;;;;;;;;;;;;;;;;;;;;;;;;;;;;;;;;;;;;;;;;;;;;
12/02/2026;PAKISTAN - IMPORT;STANDARD PVT;PAKISTAN;ERNESTO VENTOS S.A;SPAIN;"33011900 - ESSENTIAL OILS (TERPENELESS OR NOT), INCLUDING CONCRETES AND ABSOLUTES; RESINOIDS; E(..) ESSENTIAL OILS OF CITRUS FRUIT:OTHER";CLEMENTINE OIL  COLORLESS QTY=25 KGS;25,00;KILOGRAMS;1.528,80;IMPORT;NOT DECLARED;DECLARATIONS;ERNESTO VENTOS S.A;;;;;;;;;;;;;;;;;;;;;;;;;;;;;;;;;;;;;;;;;;;;;;;;;;;;;;;;;;;;;;;;;;;;;;;;;;;;;;;;;;;;;;;;;;;;;;;;;;;;;;;;;;;;;;;;;;;;;;;;;;;;;;;;;;;;;;;;;;;;;;;;;;;;;;;;;;;;;;;;;;;;;;;;;;;;;;;;;;;;;;;;;;;;;;;;;;;;;;;;;;;;;;;;;;;;;;;;;;;;;;;;;;;;;;;;;;;;;;;;;;
12/02/2026;PAKISTAN - IMPORT;STANDARD PVT;PAKISTAN;ERNESTO VENTOS S.A;SPAIN;29155000 - SATURATED ACYCLIC MONOCARBOXYLIC ACIDS AND THEIR ANHYDRIDES, HALIDES, PEROXIDES AND (..) PROPIONIC ACID, ITS SALTS AND ESTERS;HELVETOLIDE QTY=5 KGS;5,00;KILOGRAMS;816,52;IMPORT;NOT DECLARED;DECLARATIONS;ERNESTO VENTOS S.A;;;;;;;;;;;;;;;;;;;;;;;;;;;;;;;;;;;;;;;;;;;;;;;;;;;;;;;;;;;;;;;;;;;;;;;;;;;;;;;;;;;;;;;;;;;;;;;;;;;;;;;;;;;;;;;;;;;;;;;;;;;;;;;;;;;;;;;;;;;;;;;;;;;;;;;;;;;;;;;;;;;;;;;;;;;;;;;;;;;;;;;;;;;;;;;;;;;;;;;;;;;;;;;;;;;;;;;;;;;;;;;;;;;;;;;;;;;;;;;;;;
12/02/2026;PAKISTAN - IMPORT;STANDARD PVT;PAKISTAN;ERNESTO VENTOS S.A;SPAIN;29151300 - SATURATED ACYCLIC MONOCARBOXYLIC ACIDS AND THEIR ANHYDRIDES, HALI(..) FORMIC ACID, ITS SALTS AND ESTERS:ESTERS OF FORMIC ACID;ETHYL FORMATE QTY=25 KGS;25,00;KILOGRAMS;454,50;IMPORT;NOT DECLARED;DECLARATIONS;ERNESTO VENTOS S.A;;;;;;;;;;;;;;;;;;;;;;;;;;;;;;;;;;;;;;;;;;;;;;;;;;;;;;;;;;;;;;;;;;;;;;;;;;;;;;;;;;;;;;;;;;;;;;;;;;;;;;;;;;;;;;;;;;;;;;;;;;;;;;;;;;;;;;;;;;;;;;;;;;;;;;;;;;;;;;;;;;;;;;;;;;;;;;;;;;;;;;;;;;;;;;;;;;;;;;;;;;;;;;;;;;;;;;;;;;;;;;;;;;;;;;;;;;;;;;;;;;
12/02/2026;PAKISTAN - IMPORT;STANDARD PVT;PAKISTAN;ERNESTO VENTOS S.A;SPAIN;29142990 - KETONES AND QUINONES(..) CYCLANIC, CYCLENIC O(..) CYCLANIC, CYCLENIC OR CYCLOTERPENIC KETONES WITHOUT OTHER OXYGEN FUNCTION: OTHER(..);MUSCENONE QTY=02 KGS;2,00;KILOGRAMS;817,54;IMPORT;NOT DECLARED;DECLARATIONS;ERNESTO VENTOS S.A;;;;;;;;;;;;;;;;;;;;;;;;;;;;;;;;;;;;;;;;;;;;;;;;;;;;;;;;;;;;;;;;;;;;;;;;;;;;;;;;;;;;;;;;;;;;;;;;;;;;;;;;;;;;;;;;;;;;;;;;;;;;;;;;;;;;;;;;;;;;;;;;;;;;;;;;;;;;;;;;;;;;;;;;;;;;;;;;;;;;;;;;;;;;;;;;;;;;;;;;;;;;;;;;;;;;;;;;;;;;;;;;;;;;;;;;;;;;;;;;;;
12/02/2026;PAKISTAN - IMPORT;STANDARD PVT;PAKISTAN;ERNESTO VENTOS S.A;SPAIN;29142300 - KETONES AND QUINONES,(..) CYCLANIC, CYCLENIC OR CYCLOTERPENIC KETONES WITHOUT OTHER OXYGEN FUNCTION:IONONES AND METHYLIONONES;DIHYDRO IONONE BETA QTY=10 KGS;10,00;KILOGRAMS;499,72;IMPORT;NOT DECLARED;DECLARATIONS;ERNESTO VENTOS S.A;;;;;;;;;;;;;;;;;;;;;;;;;;;;;;;;;;;;;;;;;;;;;;;;;;;;;;;;;;;;;;;;;;;;;;;;;;;;;;;;;;;;;;;;;;;;;;;;;;;;;;;;;;;;;;;;;;;;;;;;;;;;;;;;;;;;;;;;;;;;;;;;;;;;;;;;;;;;;;;;;;;;;;;;;;;;;;;;;;;;;;;;;;;;;;;;;;;;;;;;;;;;;;;;;;;;;;;;;;;;;;;;;;;;;;;;;;;;;;;;;;
12/02/2026;PAKISTAN - IMPORT;STANDARD PVT;PAKISTAN;ERNESTO VENTOS S.A;SPAIN;29052200 - ACYCLIC ALCOHOLS AND THEIR HALOGENATED, SULPHONATED, NITRATED OR(..) UNSATURATED MONOHYDRIC ALCOHOLS:ACYCLIC TERPENE ALCOHOLS;NEROLIDOL QTY=02 KGS;2,00;KILOGRAMS;192,12;IMPORT;NOT DECLARED;DECLARATIONS;ERNESTO VENTOS S.A;;;;;;;;;;;;;;;;;;;;;;;;;;;;;;;;;;;;;;;;;;;;;;;;;;;;;;;;;;;;;;;;;;;;;;;;;;;;;;;;;;;;;;;;;;;;;;;;;;;;;;;;;;;;;;;;;;;;;;;;;;;;;;;;;;;;;;;;;;;;;;;;;;;;;;;;;;;;;;;;;;;;;;;;;;;;;;;;;;;;;;;;;;;;;;;;;;;;;;;;;;;;;;;;;;;;;;;;;;;;;;;;;;;;;;;;;;;;;;;;;;
11/02/2026;VIETNAM - EXPORT;ERNESTO VENTOS;SPAIN;RADOIN.,JSC;VIET NAM;29322010 - HETEROCYCLIC COMPOUNDS WITH OXYGEN HETERO-ATOM(S) (..) LACTONES COUMARIN (1,2-BENZOPYRONE), METHYLCOUMARINS AND ETHYLCOUMARINS;"COUMARIN NATURAL, USED IN INDUSTRY, FLAVORS AND FRAGRANCES, 20KG/DRUM,NOT USED AS PHARMACEUTICAL MATERIAL,NSX: CORPORATION TECHVINA HOLDING NEW GOODS 100%#&AMP;VN";40,00;KGM;3.600,00;EXPORT;AIR;DECLARATIONS;;;;;;;;;;;;;;;;;;;;;;;;;;;;;;;;;;;;;;;;;;;;;;;;;;;;;;;;;;;;;;;;;;;;;;;;;;;;;;;;;;;;;;;;;;;;;;;;;;;;;;;;;;;;;;;;;;;;;;;;;;;;;;;;;;;;;;;;;;;;;;;;;;;;;;;;;;;;;;;;;;;;;;;;;;;;;;;;;;;;;;;;;;;;;;;;;;;;;;;;;;;;;;;;;;;;;;;;;;;;;;;;;;;;;;;;;;;;;;;;;;;
11/02/2026;UGANDA - IMPORT;ALEXANDER PERFUMERY LIMITED;UGANDA;ERNESTO VENTOS;INDIA;"33019000000 - CONCENTRATES OF ESSENTIAL OIL;  TERPENIC BY-PRODUCTS OF DETERPENATION OF ESSENT'L OIL;  EXTRACTED OLEORESINS;  AQUEOUS SOLUTIONS OF ESSENTIAL OIL, OTHERS;  33019000; 33019000000";CAPSICUM OLEORESIN 6%;10,00;KILOGRAM;1.152,00;IMPORT;NOT CLASSIFIED;DECLARATIONS;ERNESTO VENTOS SACARRETERA REIAL 120 B08960 SANT JUST DESVERN,BARCELONAES;;;;;;;;;;;;;;;;;;;;;;;;;;;;;;;;;;;;;;;;;;;;;;;;;;;;;;;;;;;;;;;;;;;;;;;;;;;;;;;;;;;;;;;;;;;;;;;;;;;;;;;;;;;;;;;;;;;;;;;;;;;;;;;;;;;;;;;;;;;;;;;;;;;;;;;;;;;;;;;;;;;;;;;;;;;;;;;;;;;;;;;;;;;;;;;;;;;;;;;;;;;;;;;;;;;;;;;;;;;;;;;;;;;;;;;;;;;;;;;;;;
11/02/2026;UGANDA - IMPORT;ALEXANDER PERFUMERY LIMITED;UGANDA;ERNESTO VENTOS;CHINA;"29329300000 - HETEROCYCLIC COMPOUNDS WITH OXYGEN HETERO-ATOM(S) ONLY. OTHER:PIPERONAL; 29329300000";PIPERONAL (HELIOTROPINE);100,00;KILOGRAM;2.164,00;IMPORT;NOT CLASSIFIED;DECLARATIONS;ERNESTO VENTOS SACARRETERA REIAL 120 B08960 SANT JUST DESVERN,BARCELONAES;;;;;;;;;;;;;;;;;;;;;;;;;;;;;;;;;;;;;;;;;;;;;;;;;;;;;;;;;;;;;;;;;;;;;;;;;;;;;;;;;;;;;;;;;;;;;;;;;;;;;;;;;;;;;;;;;;;;;;;;;;;;;;;;;;;;;;;;;;;;;;;;;;;;;;;;;;;;;;;;;;;;;;;;;;;;;;;;;;;;;;;;;;;;;;;;;;;;;;;;;;;;;;;;;;;;;;;;;;;;;;;;;;;;;;;;;;;;;;;;;;
11/02/2026;UGANDA - IMPORT;ALEXANDER PERFUMERY LIMITED;UGANDA;ERNESTO VENTOS;BRAZIL;"33011200000 - ESSENTIAL CITRUS FRUIT OILS OF ORANGE;  33011200; 33011200000";ORANGE OIL BRAZIL;100,00;KILOGRAM;1.558,00;IMPORT;NOT CLASSIFIED;DECLARATIONS;ERNESTO VENTOS SACARRETERA REIAL 120 B08960 SANT JUST DESVERN,BARCELONAES;;;;;;;;;;;;;;;;;;;;;;;;;;;;;;;;;;;;;;;;;;;;;;;;;;;;;;;;;;;;;;;;;;;;;;;;;;;;;;;;;;;;;;;;;;;;;;;;;;;;;;;;;;;;;;;;;;;;;;;;;;;;;;;;;;;;;;;;;;;;;;;;;;;;;;;;;;;;;;;;;;;;;;;;;;;;;;;;;;;;;;;;;;;;;;;;;;;;;;;;;;;;;;;;;;;;;;;;;;;;;;;;;;;;;;;;;;;;;;;;;;
11/02/2026;UGANDA - IMPORT;ALEXANDER PERFUMERY LIMITED;UGANDA;ERNESTO VENTOS;ARGENTINA;"33019000000 - CONCENTRATES OF ESSENTIAL OIL;  TERPENIC BY-PRODUCTS OF DETERPENATION OF ESSENT'L OIL;  EXTRACTED OLEORESINS;  AQUEOUS SOLUTIONS OF ESSENTIAL OIL, OTHERS;  33019000; 33019000000";ORANGE TERPENES;100,00;KILOGRAM;1.694,00;IMPORT;NOT CLASSIFIED;DECLARATIONS;ERNESTO VENTOS SACARRETERA REIAL 120 B08960 SANT JUST DESVERN,BARCELONAES;;;;;;;;;;;;;;;;;;;;;;;;;;;;;;;;;;;;;;;;;;;;;;;;;;;;;;;;;;;;;;;;;;;;;;;;;;;;;;;;;;;;;;;;;;;;;;;;;;;;;;;;;;;;;;;;;;;;;;;;;;;;;;;;;;;;;;;;;;;;;;;;;;;;;;;;;;;;;;;;;;;;;;;;;;;;;;;;;;;;;;;;;;;;;;;;;;;;;;;;;;;;;;;;;;;;;;;;;;;;;;;;;;;;;;;;;;;;;;;;;;
11/02/2026;INDIA - DECLARATIONS EXPORTS;ERNESTO VENTOS;SPAIN;VENTOS INDIA PRIVATE LIMITED;INDIA;"29152100 - SATURATED ACYCLIC MONOCARBOXYLIC ACIDS AND THEIR ANHYDRIDES, HALI(..) ACETIC ACID AND ITS SALTS; ACETIC ANHYDRIDE:ACETIC ACID";ACETIC ACID NATURAL;600,00;KILOGRAMS;1.149,56;EXPORT;AIR;DECLARATIONS;VENTOS INDIA PRIVATE LIMITED;;;;;;;;;;;;;;;;;;;;;;;;;;;;;;;;;;;;;;;;;;;;;;;;;;;;;;;;;;;;;;;;;;;;;;;;;;;;;;;;;;;;;;;;;;;;;;;;;;;;;;;;;;;;;;;;;;;;;;;;;;;;;;;;;;;;;;;;;;;;;;;;;;;;;;;;;;;;;;;;;;;;;;;;;;;;;;;;;;;;;;;;;;;;;;;;;;;;;;;;;;;;;;;;;;;;;;;;;;;;;;;;;;;;;;;;;;;;;;;;;;
11/02/2026;ECUADOR - IMPORT;EXTRACTOS ANDINOS CA;ECUADOR;ERNESTO VENTOS FEDEX EXPRESS;SPAIN;3302109000 - MIXTURES OF ODORIFEROUS SUBSTANCES AND MIXTURES (INCLUDING ALCOHOLIC (..) OF A KIND USED IN THE FOOD OR DRINK INDUSTRIES OTHER;SABORIZANTE V-VANILLA NATURAL WONF;1,20;KILOGRAMS;443,31;IMPORT;AIR;DECLARATIONS;ERNESTO VENTOS, SA-FEDERAL EXPRESS CORPORATION;;;;;;;;;;;;;;;;;;;;;;;;;;;;;;;;;;;;;;;;;;;;;;;;;;;;;;;;;;;;;;;;;;;;;;;;;;;;;;;;;;;;;;;;;;;;;;;;;;;;;;;;;;;;;;;;;;;;;;;;;;;;;;;;;;;;;;;;;;;;;;;;;;;;;;;;;;;;;;;;;;;;;;;;;;;;;;;;;;;;;;;;;;;;;;;;;;;;;;;;;;;;;;;;;;;;;;;;;;;;;;;;;;;;;;;;;;;;;;;;;;
11/02/2026;COLOMBIA - IMPORT;PRODUCTORA NACIONAL DE AROMAS FRAGANCIAS Y COLORANTES S.A. D;COLOMBIA;ERNESTO VENTOS;CHINA;"2912299000 - ALDEHYDES, WHETHER OR NOT WITH OTHER OXYGEN FUNCTION; CYCLIC PO(..) CYCLIC ALDEHYDES WITHOUT OTHER OXYGEN FUNCTION:OTHER OTHER";"DO I87659 PEDIDO PEDIDO 1820 DECLARACION 34 DE 34;SE APLICA DESCUENTO SEGUN NOTA DE CREDITO DEL EXPORTADOR N¿ AVB_P0012 DE 19/01/2026. RAZON: DESCUENTO DEL 1% SOBRE LAS VENTAS POR CANTIDAD O VOLUMEN (RAPPEL) RESOLUCION 1684/2014 ARTICULO 10 // MERCANCIA NUEVA //FACTURA: P30380, FECHA: 19-01-2026. ITEM 53FACTURA P30380 DEL 19-01-2026, CANTIDAD: 1KILOGRAMO, PRODUCTO: 3,6-DIMETIL-3-CICLOHEXENO-1-CARBOXALDEHIDO, NOMBRE COMERCIAL: VERTOLIFF IFF, NO. CAS (N¿MERO DE REGISTRO DEL CHEMICAL ABSTRACTS SERVICE): 27939-60-2 / 67801-65-4, CALIDAD: FCC, ASPECTO F¿SICO: LIQUIDO FLUIDO TRANSPARENTE, CONCENTRACI¿N: 100%, TIPO DE EMPAQUE: BIDON DE ALUMINIO X 1 KG, USO: MATERIA PRIMA PARA ELABORACIONDE AROMAS Y FRAGANCIAS, PARA LA INDUSTRIA DE AROMAS Y FRAGANCIAS, COMO USO FINAL EN JABONES, DETERGENTES, LIMPIADORES, EN INDUSTRIA EN GENERAL TAMBIEN PUEDE SER USADO PARA ASEO DEL HOGAR, MARCA: VENTOS, LOTE: L4637060 PAIS DE ORIGEN: CHINA(215)¿";1,00;KILOGRAMS;148,67;IMPORT;MARITIME;DECLARATIONS;ERNESTO VENTOS S.A.;;;;;;;;;;;;;;;;;;;;;;;;;;;;;;;;;;;;;;;;;;;;;;;;;;;;;;;;;;;;;;;;;;;;;;;;;;;;;;;;;;;;;;;;;;;;;;;;;;;;;;;;;;;;;;;;;;;;;;;;;;;;;;;;;;;;;;;;;;;;;;;;;;;;;;;;;;;;;;;;;;;;;;;;;;;;;;;;;;;;;;;;;;;;;;;;;;;;;;;;;;;;;;;;;;;;;;;;;;;;;;;;;;;;;;;;;;;;;;;;;;
11/02/2026;COLOMBIA - IMPORT;PRODUCTORA NACIONAL DE AROMAS FRAGANCIAS Y COLORANTES S.A. D;COLOMBIA;ERNESTO VENTOS;INDIA;2926909000 - NITRILE -FUNCTION COMPOUNDS. OTHER OTHER;"DO I87659 PEDIDO PEDIDO 1820 DECLARACION 33 DE 34;SE APLICA DESCUENTO SEGUN NOTA DE CREDITO DEL EXPORTADOR N¿ AVB_P0012 DE 19/01/2026. RAZON: DESCUENTO DEL 1% SOBRE LAS VENTAS POR CANTIDAD O VOLUMEN (RAPPEL) RESOLUCION 1684/2014 ARTICULO 10 // MERCANCIA NUEVA //FACTURA: P30380, FECHA: 19-01-2026. ITEM 52FACTURA P30380 DEL 19-01-2026, CANTIDAD: 25KILOGRAMO, PRODUCTO: 3,7-DIMETHYL-2-6NONADIENENITRILE, NOMBRE COMERCIAL: LEMONILE, NO. CAS (N¿MERO DE REGISTRO DEL CHEMICAL ABSTRACTS SERVICE): 61792-11-8, CALIDAD: FCC, ASPECTO F¿SICO: LIQUIDO FLUIDO TRANSPARENTE, CONCENTRACI¿N: 100%, TIPO DE EMPAQUE: BIDON METALICO X 25 KG, USO: MATERIA PRIMA PARA ELABORACION DE AROMAS Y FRAGANCIAS, PARALA IND DE AROMAS Y FRAGANCIAS, COMO USO FINAL EN JABONES DETERGENTES LIMPIADORES, EN INDUSTRIA EN GENERAL TAMBIEN PUEDE SER USADO PARA ASEO DEL HOGAR, MARCA: VENTOS, LOTE: L4658729 PAIS DE ORIGEN: INDIA(361)¿";25,00;KILOGRAMS;607,06;IMPORT;MARITIME;DECLARATIONS;ERNESTO VENTOS S.A.;;;;;;;;;;;;;;;;;;;;;;;;;;;;;;;;;;;;;;;;;;;;;;;;;;;;;;;;;;;;;;;;;;;;;;;;;;;;;;;;;;;;;;;;;;;;;;;;;;;;;;;;;;;;;;;;;;;;;;;;;;;;;;;;;;;;;;;;;;;;;;;;;;;;;;;;;;;;;;;;;;;;;;;;;;;;;;;;;;;;;;;;;;;;;;;;;;;;;;;;;;;;;;;;;;;;;;;;;;;;;;;;;;;;;;;;;;;;;;;;;;
11/02/2026;COLOMBIA - IMPORT;PRODUCTORA NACIONAL DE AROMAS FRAGANCIAS Y COLORANTES S.A. D;COLOMBIA;ERNESTO VENTOS;JAPAN;2916209000 - UNSATURATED       AC(..) CYCLANIC, CYCLENIC OR CYCLOTERPENIC MONOCARBOXYLIC ACIDS, THEIR ANHYDRIDES, HALIDES, PEROXIDES,(..) OTHER;"DO I87659 PEDIDO PEDIDO 1820 DECLARACION 32 DE 34;SE APLICA DESCUENTO SEGUN NOTA DE CREDITO DEL EXPORTADOR N¿ AVB_P0012 DE 19/01/2026. RAZON: DESCUENTO DEL 1% SOBRE LAS VENTAS POR CANTIDAD O VOLUMEN (RAPPEL) RESOLUCION 1684/2014 ARTICULO 10 // MERCANCIA NUEVA //FACTURA: P30380, FECHA: 19-01-2026. ITEM 46FACTURA P30380 DEL 19-01-2026, CANTIDAD: 1KILOGRAMO, PRODUCTO: FRUITY CARBOXYLATE, NOMBRE COMERCIAL: FRUITATE, NO. CAS (N¿MERO DE REGISTRO DEL CHEMICAL ABSTRACTS SERVICE): 80657-64-3 80623-07-0, CALIDAD: FCC, ASPECTO F¿SICO: LIQUIDO INCOLORO TRANSPARENTE, CONCENTRACI¿N: 100%, TIPO DE EMPAQUE: BIDON DE ALUMINIO X 1 KG, USO: MATERIA PRIMA PARA ELABORACION DE AROMAS Y FRAGANCIAS, PARA LA INDUSTRIA DE AROMAS Y FRAGANCIAS, COMO USO FINAL EN JABONES, DETERGENTES,LIMPIADORES, EN INDUSTRIA EN GENERAL TAMBIEN PUEDE SER USADO PARA ASEO DEL HOGAR, MARCA: VENTOS, LOTE: L4667937 PAIS DE ORIGEN: JAP¿N(399)¿";1,00;KILOGRAMS;158,58;IMPORT;MARITIME;DECLARATIONS;ERNESTO VENTOS S.A.;;;;;;;;;;;;;;;;;;;;;;;;;;;;;;;;;;;;;;;;;;;;;;;;;;;;;;;;;;;;;;;;;;;;;;;;;;;;;;;;;;;;;;;;;;;;;;;;;;;;;;;;;;;;;;;;;;;;;;;;;;;;;;;;;;;;;;;;;;;;;;;;;;;;;;;;;;;;;;;;;;;;;;;;;;;;;;;;;;;;;;;;;;;;;;;;;;;;;;;;;;;;;;;;;;;;;;;;;;;;;;;;;;;;;;;;;;;;;;;;;;
11/02/2026;COLOMBIA - IMPORT;PRODUCTORA NACIONAL DE AROMAS FRAGANCIAS Y COLORANTES S.A. D;COLOMBIA;ERNESTO VENTOS;CHINA;2906190000 - CYCLIC ALCOHOLS AND THEIR HALOGENATED, SULPHONATED, NITRATED OR NITROSATED DERI(..) CYCLANIC, CYCLENIC OR CYCLOTERPENIC:OTHER;"DO I87659 PEDIDO PEDIDO 1820 DECLARACION 31 DE 34;SE APLICA DESCUENTO SEGUN NOTA DE CREDITO DEL EXPORTADOR N¿ AVB_P0012 DE 19/01/2026. RAZON: DESCUENTO DEL 1% SOBRE LAS VENTAS POR CANTIDAD O VOLUMEN (RAPPEL) RESOLUCION 1684/2014 ARTICULO 10 // MERCANCIA NUEVA //FACTURA: P30380, FECHA: 19-01-2026. ITEM 43FACTURA P30380 DEL 19-01-2026, CANTIDAD: 1KILOGRAMO, PRODUCTO: 1-PARA-MENTEN-4-OL, NOMBRE COMERCIAL: TERPINEN-4-OL NATURAL, NO. CAS (N¿MERO DE REGISTRO DEL CHEMICAL ABSTRACTS SERVICE): CAS: 562-74-3 / 20126-76-5, CALIDAD: FCC, ASPECTO F¿SICO: LIQUIDO SEMIVISCOSO, CONCENTRACI¿N: 100% TERPINEN-4-OL NATURAL, TIPO DE EMPAQUE: BIDON DE ALUMINIO X 1 KG, USO: MATERIA PRIMA PARA ELABORACION DE AROMAS Y FRAGANCIAS, PARA LA IND DE AROMAS Y FRAGANCIAS, COMO USO FINAL EN JABONES DETERGENTES LIMPIADORES, EN INDUSTRIA EN GENERAL TAMBIEN PUEDE SER USADO PARA ASEO DEL HOGAR, MARCA: VENTOS, LOTE: L4666357 PAIS DE ORIGEN: CHINA(215)¿";1,00;KILOGRAMS;118,94;IMPORT;MARITIME;DECLARATIONS;ERNESTO VENTOS S.A.;;;;;;;;;;;;;;;;;;;;;;;;;;;;;;;;;;;;;;;;;;;;;;;;;;;;;;;;;;;;;;;;;;;;;;;;;;;;;;;;;;;;;;;;;;;;;;;;;;;;;;;;;;;;;;;;;;;;;;;;;;;;;;;;;;;;;;;;;;;;;;;;;;;;;;;;;;;;;;;;;;;;;;;;;;;;;;;;;;;;;;;;;;;;;;;;;;;;;;;;;;;;;;;;;;;;;;;;;;;;;;;;;;;;;;;;;;;;;;;;;;
11/02/2026;COLOMBIA - IMPORT;PRODUCTORA NACIONAL DE AROMAS FRAGANCIAS Y COLORANTES S.A. D;COLOMBIA;ERNESTO VENTOS;SPAIN;2932999000 - HETEROCYCLIC COMPOUNDS WITH OXYGEN HETERO-ATOM(S) ONLY. OTHER:OTHER OTHER;"DO I87659 PEDIDO PEDIDO 1820 DECLARACION 30 DE 34;SE APLICA DESCUENTO SEGUN NOTA DE CREDITO DEL EXPORTADOR N¿ AVB_P0012 DE 19/01/2026. RAZON: DESCUENTO DEL 1% SOBRE LAS VENTAS POR CANTIDAD O VOLUMEN (RAPPEL) RESOLUCION 1684/2014 ARTICULO 10 // MERCANCIA NUEVA //FACTURA: P30380, FECHA: 19-01-2026. ITEM 42FACTURA P30380 DEL 19-01-2026, CANTIDAD: 1KILOGRAMO, PRODUCTO: 2-OXABICICLO2.2.2OCTANO,1METIL4-(2,2,3TRIMETILCICLOPENT1ILO), NOMBRE COMERCIAL: CASSIFIX IFF, NO. CAS (N¿MERO DE REGISTRO DEL CHEMICAL ABSTRACTSSERVICE): 139539-66-5 / 139539-67-6, CALIDAD: FCC, ASPECTO F¿SICO: LIQUIDO FLUIDO TRANSPARENTE, CONCENTRACI¿N: 100%, TIPO DE EMPAQUE: BIDON DE ALUMINIO X 1 KG, USO: MATERIA PRIMA PARA ELABORACION DE AROMAS Y FRAGANCIAS, PARA LA INDUSTRIA DE AROMAS Y FRAGANCIAS, COMO USO FINAL EN JABONES, DETERGENTES, LIMPIADORES, EN INDUSTRIA EN GENERAL TAMBIEN PUEDE SER USADO PARA ASEO DEL HOGAR, MARCA: VENTOS, LOTE: L4673670 PAIS DE ORIGEN: ESPA¿A(245)¿,. ITEM 45, CANTIDAD: 1 KILOGRAMO, PRODUCTO: 2,4,6-TRIMETIL-4-FENIL-1,3-DIOXANO, NOMBRE COMERCIAL: FLOROPAL/ VERTACETRAL, NO. CAS (N¿MERO DE REGISTRO DEL CHEMICAL ABSTRACTS SERVICE): 5182-36-5, CALIDAD: FCC, ASPECTO F¿SICO: LIQUIDO SEMIVISCOSO TRANSPARENTE, CONCENTRACI¿N: 100%, TIPO DE EMPAQUE: BIDON X 1 KG, USO: MATERIA PRIMA PARA ELABORACION DE AROMAS Y FRAGANCIAS, PARA LA INDUSTRIA DE AROMAS Y FRAGANCIAS, COMO USOFINAL EN JABONES, DETERGENTES, LIMPIADORES, EN INDUSTRIA EN GENERAL TAMBIEN PUEDE SER USADO PARA ASEO DEL HOGAR, MARCA: VENTOS, LOTE: L4681934 PAIS DE ORIGEN: INDIA(361)¿";2,00;KILOGRAMS;411,32;IMPORT;MARITIME;DECLARATIONS;ERNESTO VENTOS S.A.;;;;;;;;;;;;;;;;;;;;;;;;;;;;;;;;;;;;;;;;;;;;;;;;;;;;;;;;;;;;;;;;;;;;;;;;;;;;;;;;;;;;;;;;;;;;;;;;;;;;;;;;;;;;;;;;;;;;;;;;;;;;;;;;;;;;;;;;;;;;;;;;;;;;;;;;;;;;;;;;;;;;;;;;;;;;;;;;;;;;;;;;;;;;;;;;;;;;;;;;;;;;;;;;;;;;;;;;;;;;;;;;;;;;;;;;;;;;;;;;;;
11/02/2026;COLOMBIA - IMPORT;PRODUCTORA NACIONAL DE AROMAS FRAGANCIAS Y COLORANTES S.A. D;COLOMBIA;ERNESTO VENTOS;INDIA;2905290000 - ACYCLIC ALCOHOLS AND THEIR HALOGENATED, SULPHONATED, NITRATED OR NITROSATED DERIVAT(..) UNSATURATED MONOHYDRIC ALCOHOLS:OTHER;"DO I87659 PEDIDO PEDIDO 1820 DECLARACION 29 DE 34;SE APLICA DESCUENTO SEGUN NOTA DE CREDITO DEL EXPORTADOR N¿ AVB_P0012 DE 19/01/2026. RAZON: DESCUENTO DEL 1% SOBRE LAS VENTAS POR CANTIDAD O VOLUMEN (RAPPEL) RESOLUCION 1684/2014 ARTICULO 10 // MERCANCIA NUEVA //FACTURA: P30380, FECHA: 19-01-2026. ITEM 41FACTURA P30380 DEL 19-01-2026, CANTIDAD: 2KILOGRAMO, PRODUCTO: CIS-3-HEXEN-1-OL, NOMBRE COMERCIAL: CIS-3-HEXENOL NATURAL, NO. CAS (N¿MERO DE REGISTRO DEL CHEMICAL ABSTRACTS SERVICE): 928-96-1, CALIDAD: FCC,ASPECTO F¿SICO: LIQUIDO FLUIDO TRANSPARENTE, CONCENTRACI¿N: 100%, TIPO DE EMPAQUE: BIDON DE ALUMINIO X 2 KG, USO: MATERIA PRIMA PARA ELABORACION DE AROMAS Y FRAGANCIAS, PARA LAINDUSTRIA DE AROMAS Y FRAGANCIAS, COMO USO FINAL EN JABONES, DETERGENTES, LIMPIADORES, EN INDUSTRIA EN GENERAL TAMBIEN PUEDE SER USADO PARA ASEO DEL HOGAR, MARCA: VENTOS, LOTE: L4519039 PAIS DE ORIGEN: INDIA(361)¿";2,00;KILOGRAMS;1.010,96;IMPORT;MARITIME;DECLARATIONS;ERNESTO VENTOS S.A.;;;;;;;;;;;;;;;;;;;;;;;;;;;;;;;;;;;;;;;;;;;;;;;;;;;;;;;;;;;;;;;;;;;;;;;;;;;;;;;;;;;;;;;;;;;;;;;;;;;;;;;;;;;;;;;;;;;;;;;;;;;;;;;;;;;;;;;;;;;;;;;;;;;;;;;;;;;;;;;;;;;;;;;;;;;;;;;;;;;;;;;;;;;;;;;;;;;;;;;;;;;;;;;;;;;;;;;;;;;;;;;;;;;;;;;;;;;;;;;;;;
11/02/2026;COLOMBIA - IMPORT;PRODUCTORA NACIONAL DE AROMAS FRAGANCIAS Y COLORANTES S.A. D;COLOMBIA;ERNESTO VENTOS;CHINA;2918119000 - CARBOXYLIC ACIDS WIT(..) CARBOXYLIC ACIDS WITH ALCOHOL FUNCTION BUT WITHOUT OTHER OXYGEN FUNCTION, THEIR ANHYDRIDES, HAL(..) OTHER;"DO I87659 PEDIDO PEDIDO 1820 DECLARACION 28 DE 34;SE APLICA DESCUENTO SEGUN NOTA DE CREDITO DEL EXPORTADOR N¿ AVB_P0012 DE 19/01/2026. RAZON: DESCUENTO DEL 1% SOBRE LAS VENTAS POR CANTIDAD O VOLUMEN (RAPPEL) RESOLUCION 1684/2014 ARTICULO 10 // MERCANCIA NUEVA //FACTURA: P30380, FECHA: 19-01-2026. ITEM 36FACTURA P30380 DEL 19-01-2026, CANTIDAD: 5KILOGRAMO, PRODUCTO: CIS-3 HEXENYL HYDROXY PROPANOATE, NOMBRE COMERCIAL: CIS-3-HEXENYL LACTATE, NO. CAS (N¿MERO DE REGISTRO DEL CHEMICAL ABSTRACTS SERVICE): 61931-81-5, CALIDAD: FCC, ASPECTO F¿SICO: LIQUIDO FLUIDO TRANSPARENTE, CONCENTRACI¿N: 100% CIS-3-HEXENYL LACTATE, TIPO DE EMPAQUE: BIDON DE ALUMINIO X 5 KG, USO: MATERIA PRIMA PARA ELABORACION DE AROMAS Y FRAGANCIAS, PARA LA IND DE AROMAS Y FRAGANCIAS, COMO USO FINAL EN JABONES DETERGENTES LIMPIADORES, EN INDUSTRIA EN GENERAL TAMBIEN PUEDE SER USADO PARA ASEO DEL HOGAR, MARCA: VENTOS, LOTE: L4666203 PAIS DE ORIGEN: CHINA(215)¿";5,00;KILOGRAMS;1.238,92;IMPORT;MARITIME;DECLARATIONS;ERNESTO VENTOS S.A.;;;;;;;;;;;;;;;;;;;;;;;;;;;;;;;;;;;;;;;;;;;;;;;;;;;;;;;;;;;;;;;;;;;;;;;;;;;;;;;;;;;;;;;;;;;;;;;;;;;;;;;;;;;;;;;;;;;;;;;;;;;;;;;;;;;;;;;;;;;;;;;;;;;;;;;;;;;;;;;;;;;;;;;;;;;;;;;;;;;;;;;;;;;;;;;;;;;;;;;;;;;;;;;;;;;;;;;;;;;;;;;;;;;;;;;;;;;;;;;;;;
11/02/2026;COLOMBIA - IMPORT;PRODUCTORA NACIONAL DE AROMAS FRAGANCIAS Y COLORANTES S.A. D;COLOMBIA;ERNESTO VENTOS;SWITZERLAND;2914190000 - KETONES AND QUINONES, WHETHER OR NOT WITH OTHER OXYGEN FUNCTION, AND (..) ACYCLIC KETONES WITHOUT OTHER OXYGEN FUNCTION:OTHER;"DO I87659 PEDIDO PEDIDO 1820 DECLARACION 27 DE 34;SE APLICA DESCUENTO SEGUN NOTA DE CREDITO DEL EXPORTADOR N¿ AVB_P0012 DE 19/01/2026. RAZON: DESCUENTO DEL 1% SOBRE LAS VENTAS POR CANTIDAD O VOLUMEN (RAPPEL) RESOLUCION 1684/2014 ARTICULO 10 // MERCANCIA NUEVA //FACTURA: P30380, FECHA: 19-01-2026. ITEM 34FACTURA P30380 DEL 19-01-2026, CANTIDAD: 5KILOGRAMO, PRODUCTO: 6-METIL-5-HEPTEN-2-ONA, NOMBRE COMERCIAL: METHYL HEPTENONE, NO. CAS (N¿MERO DE REGISTRO DEL CHEMICAL ABSTRACTS SERVICE): 110-93-0, CALIDAD: FCC,ASPECTO F¿SICO: LIQUIDO FLUIDO TRANSPARENTE, CONCENTRACI¿N: 100%, TIPO DE EMPAQUE: BIDON X 5 KG, USO: MATERIA PRIMA PARA ELABORACION DE AROMAS Y FRAGANCIAS, PARA LA INDUSTRIA DE AROMAS Y FRAGANCIAS, COMO USO FINAL EN JABONES, DETERGENTES, LIMPIADORES, ENINDUSTRIA EN GENERAL TAMBIEN PUEDE SER USADO PARA ASEO DEL HOGAR, MARCA: VENTOS, LOTE: L4683010 PAIS DE ORIGEN: SUIZA(767)¿";5,00;KILOGRAMS;218,05;IMPORT;MARITIME;DECLARATIONS;ERNESTO VENTOS S.A.;;;;;;;;;;;;;;;;;;;;;;;;;;;;;;;;;;;;;;;;;;;;;;;;;;;;;;;;;;;;;;;;;;;;;;;;;;;;;;;;;;;;;;;;;;;;;;;;;;;;;;;;;;;;;;;;;;;;;;;;;;;;;;;;;;;;;;;;;;;;;;;;;;;;;;;;;;;;;;;;;;;;;;;;;;;;;;;;;;;;;;;;;;;;;;;;;;;;;;;;;;;;;;;;;;;;;;;;;;;;;;;;;;;;;;;;;;;;;;;;;;
11/02/2026;COLOMBIA - IMPORT;PRODUCTORA NACIONAL DE AROMAS FRAGANCIAS Y COLORANTES S.A. D;COLOMBIA;ERNESTO VENTOS;INDIA;2909309000 - ETHERS, ETHER-ALCOHOLS, ETHER(..) AROMATIC ETHERS AND THEIR HALOGENATED, SULPHONATED, NITRATED OR NITROSATED DERIVATIVES OTHER;"DO I87659 PEDIDO PEDIDO 1820 DECLARACION 26 DE 34;SE APLICA DESCUENTO SEGUN NOTA DE CREDITO DEL EXPORTADOR N¿ AVB_P0012 DE 19/01/2026. RAZON: DESCUENTO DEL 1% SOBRE LAS VENTAS POR CANTIDAD O VOLUMEN (RAPPEL) RESOLUCION 1684/2014 ARTICULO 10 // MERCANCIA NUEVA //FACTURA: P30380, FECHA: 19-01-2026. ITEM 32FACTURA P30380 DEL 19-01-2026, CANTIDAD: 10KILOGRAMO, PRODUCTO: 1-METOXI-4-METILBENCENO, NOMBRE COMERCIAL: METHYL PARACRESOL, NO. CAS (N¿MERO DE REGISTRO DEL CHEMICAL ABSTRACTS SERVICE): 104-93-8, CALIDAD: FCC, ASPECTO F¿SICO: LIQUIDO FLUIDO TRANSPARENTE, CONCENTRACI¿N: 100% METHYL PARACRESOL, TIPO DE EMPAQUE: BIDON DE ALUMINIO X 10 KG, USO: MATERIA PRIMA PARA ELABORACION DE AROMASY FRAGANCIAS, PARA LA IND DE AROMAS Y FRAGANCIAS, COMO USO FINAL EN JABONES DETERGENTES LIMPIADORES, EN INDUSTRIA EN GENERAL TAMBIEN PUEDE SER USADO PARA ASEO DEL HOGAR, MARCA: VENTOS, LOTE: L4672289 PAIS DE ORIGEN: INDIA(361)¿,. ITEM 38, CANTIDAD: 5 KILOGRAMO, PRODUCTO: BENZENE, 1,2-DIMETHOXY-4-(1-PROPENYL), NOMBRE COMERCIAL: METHYL ISOEUGENOL, NO. CAS (N¿MERO DE REGISTRO DEL CHEMICAL ABSTRACTS SERVICE): 93-16-3 / 6379-72-2, CALIDAD: FCC, ASPECTO F¿SICO: LIQUIDO SEMI VISCOSO TRANSPARENTE / SOLIDO, CONCENTRACI¿N: 100%, TIPO DE EMPAQUE: BIDON X 5 KG, USO: MATERIA PRIMA PARA ELABORACION DE AROMAS Y FRAGANCIAS, PARA LA INDUSTRIA DE AROMAS Y FRAGANCIAS, COMO USO FINAL EN JABONES, DETERGENTES, LIMPIADORES, EN INDUSTRIA EN GENERAL TAMBIEN PUEDE SER USADO PARA ASEO DEL HOGAR, MARCA: VENTOS, LOTE: L4578891 PAIS DE ORIGEN: INDONESIA(365)¿,. ITEM 39, CANTIDAD: 5 KILOGRAMO, PRODUCTO: 2-FENILETIL ISOAMIL ETER, NOMBRE COMERCIAL: PHENYLETHYL ISOAMYL ETHER, NO. CAS (N¿MERO DE REGISTRO DEL CHEMICAL ABSTRACTS SERVICE): 56011-02-0, CALIDAD: FCC, ASPECTO F¿SICO: LIQUIDO FLUIDO TRANSPARENTE, CONCENTRACI¿N: 100% PHENYLETHYL ISOAMYL ETHER, TIPO DE EMPAQUE: BIDON PLASTICO X 5 KG, USO: MATERIA PRIMA PARA ELABORACION DE AROMAS Y FRAGANCIAS, PARA LA INDUSTRIA DE AROMAS Y FRAGANCIAS, COMO USO FINAL EN JABONES, DETERGENTES, LIMPIADORES, EN INDUSTRIA EN GENERAL TAMBIEN PUEDE SERUSADO PARA ASEO DEL HOGAR, MARCA: VENTOS, LOTE: L4663988 PAIS DE ORIGEN: INDIA(361)¿";20,00;KILOGRAMS;634,32;IMPORT;MARITIME;DECLARATIONS;ERNESTO VENTOS S.A.;;;;;;;;;;;;;;;;;;;;;;;;;;;;;;;;;;;;;;;;;;;;;;;;;;;;;;;;;;;;;;;;;;;;;;;;;;;;;;;;;;;;;;;;;;;;;;;;;;;;;;;;;;;;;;;;;;;;;;;;;;;;;;;;;;;;;;;;;;;;;;;;;;;;;;;;;;;;;;;;;;;;;;;;;;;;;;;;;;;;;;;;;;;;;;;;;;;;;;;;;;;;;;;;;;;;;;;;;;;;;;;;;;;;;;;;;;;;;;;;;;
11/02/2026;COLOMBIA - IMPORT;PRODUCTORA NACIONAL DE AROMAS FRAGANCIAS Y COLORANTES S.A. D;COLOMBIA;ERNESTO VENTOS;INDIA;2916390000 - UNSATURATED       AC(..) AROMATIC MONOCARBOXYLIC ACIDS, THEIR ANHYDRIDES, HALIDES, PEROXIDES, PEROXYACIDS AND THEIR DERIVATIV(..);"DO I87659 PEDIDO PEDIDO 1820 DECLARACION 25 DE 34;SE APLICA DESCUENTO SEGUN NOTA DE CREDITO DEL EXPORTADOR N¿ AVB_P0012 DE 19/01/2026. RAZON: DESCUENTO DEL 1% SOBRE LAS VENTAS POR CANTIDAD O VOLUMEN (RAPPEL) RESOLUCION 1684/2014 ARTICULO 10 // MERCANCIA NUEVA //FACTURA: P30380, FECHA: 19-01-2026. ITEM 31FACTURA P30380 DEL 19-01-2026, CANTIDAD: 10KILOGRAMO, PRODUCTO: 2-FENILACETATO DE PENTILO, NOMBRE COMERCIAL: PHENYLAMYL ACETATE, NO. CAS (N¿MERO DE REGISTRO DEL CHEMICAL ABSTRACTS SERVICE): 5137-52-0, CALIDAD: FCC, ASPECTO F¿SICO: LIQUIDO FLUIDO TRANSPARENTE, CONCENTRACI¿N: 100% PHENYLAMYL ACETATE, TIPO DE EMPAQUE: BIDON PLASTICO X 10 KG, USO: MATERIA PRIMA PARA ELABORACION DE AROMAS Y FRAGANCIAS, PARA LA INDUSTRIA DE AROMAS Y FRAGANCIAS, COMO USO FINAL EN JABONES, DETERGENTES, LIMPIADORES, EN INDUSTRIA EN GENERAL TAMBIEN PUEDE SER USADO PARA ASEO DEL HOGAR, MARCA: VENTOS, LOTE: L4674904 PAIS DE ORIGEN: INDIA(361)¿";10,00;KILOGRAMS;195,74;IMPORT;MARITIME;DECLARATIONS;ERNESTO VENTOS S.A.;;;;;;;;;;;;;;;;;;;;;;;;;;;;;;;;;;;;;;;;;;;;;;;;;;;;;;;;;;;;;;;;;;;;;;;;;;;;;;;;;;;;;;;;;;;;;;;;;;;;;;;;;;;;;;;;;;;;;;;;;;;;;;;;;;;;;;;;;;;;;;;;;;;;;;;;;;;;;;;;;;;;;;;;;;;;;;;;;;;;;;;;;;;;;;;;;;;;;;;;;;;;;;;;;;;;;;;;;;;;;;;;;;;;;;;;;;;;;;;;;;
11/02/2026;COLOMBIA - IMPORT;PRODUCTORA NACIONAL DE AROMAS FRAGANCIAS Y COLORANTES S.A. D;COLOMBIA;ERNESTO VENTOS;INDIA;"3301300000 - ESSENTIAL OILS (TERPENELESS OR NOT), INCLUDING CONCRETES AND ABSOLUTES; RESINOIDS; EXTRACTED OLEORESINS; CONCEN(..) RESINOIDS";"DO I87659 PEDIDO PEDIDO 1820 DECLARACION 24 DE 34;SE APLICA DESCUENTO SEGUN NOTA DE CREDITO DEL EXPORTADOR N¿ AVB_P0012 DE 19/01/2026. RAZON: DESCUENTO DEL 1% SOBRE LAS VENTAS POR CANTIDAD O VOLUMEN (RAPPEL) RESOLUCION 1684/2014 ARTICULO 10 // MERCANCIA NUEVA //FACTURA: P30380, FECHA: 19-01-2026. ITEM 30FACTURA P30380 DEL 19-01-2026, CANTIDAD: 10KILOGRAMO, PRODUCTO: ACEITE ESENCIAL DE LEMON GRASS, ORIGEN: EXTRAIDO DE LAS HOJAS (PORCION HERBACEA) DE LA PLANTA CYMBOPOGON CITRATOS, ASPECTO F¿SICO: LIQUIDO FLUIDO TRANSPARENTE, FORMA DE PRESENTACI¿N Y EMPAQUE: BIDON DE ALUMINIO X 10 KG, USO: MATERIA PRIMA PARA ELABORACION DE AROMAS Y FRAGANCIAS, PARA LA IND DE AROMAS Y FRAGANCIAS, COMO USO FINAL EN JABONES DETERGENTES LIMPIADORES, EN INDUSTRIA EN GENERAL TAMBIENPUEDE SER USADO PARA ASEO DEL HOGAR, MARCA: VENTOS, REFERENCIA: NO TIENE, LOTE: L4661817 PAIS DE ORIGEN: INDIA(361)¿";10,00;KILOGRAMS;272,56;IMPORT;MARITIME;DECLARATIONS;ERNESTO VENTOS S.A.;;;;;;;;;;;;;;;;;;;;;;;;;;;;;;;;;;;;;;;;;;;;;;;;;;;;;;;;;;;;;;;;;;;;;;;;;;;;;;;;;;;;;;;;;;;;;;;;;;;;;;;;;;;;;;;;;;;;;;;;;;;;;;;;;;;;;;;;;;;;;;;;;;;;;;;;;;;;;;;;;;;;;;;;;;;;;;;;;;;;;;;;;;;;;;;;;;;;;;;;;;;;;;;;;;;;;;;;;;;;;;;;;;;;;;;;;;;;;;;;;;
11/02/2026;COLOMBIA - IMPORT;PRODUCTORA NACIONAL DE AROMAS FRAGANCIAS Y COLORANTES S.A. D;COLOMBIA;ERNESTO VENTOS;GERMANY;2912192000 - ALDEHYDES, WHETHER OR NOT WITH OTHER OX(..) ACYCLIC ALDEHYDES WITHOUT OTHER OXYGEN FUNCTION:OTHER CITRAL AND CITRONELLALDEHYDE;DO I87659 PEDIDO PEDIDO 1820 DECLARACION 23 DE 34SE APLICA DESCUENTO SEGUN NOTA DE CREDITO DEL EXPORTADOR NB0 AVB_P0012;25,00;KILOGRAMS;416,27;IMPORT;MARITIME;DECLARATIONS;ERNESTO VENTOS S.A.;;;;;;;;;;;;;;;;;;;;;;;;;;;;;;;;;;;;;;;;;;;;;;;;;;;;;;;;;;;;;;;;;;;;;;;;;;;;;;;;;;;;;;;;;;;;;;;;;;;;;;;;;;;;;;;;;;;;;;;;;;;;;;;;;;;;;;;;;;;;;;;;;;;;;;;;;;;;;;;;;;;;;;;;;;;;;;;;;;;;;;;;;;;;;;;;;;;;;;;;;;;;;;;;;;;;;;;;;;;;;;;;;;;;;;;;;;;;;;;;;;
11/02/2026;COLOMBIA - IMPORT;PRODUCTORA NACIONAL DE AROMAS FRAGANCIAS Y COLORANTES S.A. D;COLOMBIA;ERNESTO VENTOS;INDIA;2909499000 - ETHERS, ETHER-ALCOHOLS, (..) ETHER-ALCOHOLS AND THEIR HALOGENATED, SULPHONATED, NITRATED OR NITROSATED DERIVATIVES:OTHER OTHER;"DO I87659 PEDIDO PEDIDO 1820 DECLARACION 22 DE 34;SE APLICA DESCUENTO SEGUN NOTA DE CREDITO DEL EXPORTADOR N¿ AVB_P0012 DE 19/01/2026. RAZON: DESCUENTO DEL 1% SOBRE LAS VENTAS POR CANTIDAD O VOLUMEN (RAPPEL) RESOLUCION 1684/2014 ARTICULO 10 // MERCANCIA NUEVA //FACTURA: P30380, FECHA: 19-01-2026. ITEM 24FACTURA P30380 DEL 19-01-2026, CANTIDAD: 25KILOGRAMO, PRODUCTO: ALCOHOL PARA-METOXIBENCILICO, NOMBRE COMERCIAL: ANISYL ALCOHOL, NO. CAS (N¿MERO DE REGISTRO DEL CHEMICAL ABSTRACTS SERVICE): 105-13-5, CALIDAD: FCC, ASPECTO F¿SICO: LIQUIDO FLUIDO TRANSPARENTE, CONCENTRACI¿N: 100%, TIPO DE EMPAQUE: BIDON X 25 KG, USO: MATERIA PRIMA PARA ELABORACION DE AROMAS Y FRAGANCIAS, PARA LA INDUSTRIA DE AROMAS Y FRAGANCIAS, COMO USO FINAL EN JABONES, DETERGENTES, LIMPIADORES, EN INDUSTRIA EN GENERAL TAMBIEN PUEDE SER USADO PARA ASEO DEL HOGAR, MARCA: VENTOS, LOTE: L4662167 PAIS DE ORIGEN: INDIA(361)¿";25,00;KILOGRAMS;415,03;IMPORT;MARITIME;DECLARATIONS;ERNESTO VENTOS S.A.;;;;;;;;;;;;;;;;;;;;;;;;;;;;;;;;;;;;;;;;;;;;;;;;;;;;;;;;;;;;;;;;;;;;;;;;;;;;;;;;;;;;;;;;;;;;;;;;;;;;;;;;;;;;;;;;;;;;;;;;;;;;;;;;;;;;;;;;;;;;;;;;;;;;;;;;;;;;;;;;;;;;;;;;;;;;;;;;;;;;;;;;;;;;;;;;;;;;;;;;;;;;;;;;;;;;;;;;;;;;;;;;;;;;;;;;;;;;;;;;;;
11/02/2026;COLOMBIA - IMPORT;PRODUCTORA NACIONAL DE AROMAS FRAGANCIAS Y COLORANTES S.A. D;COLOMBIA;ERNESTO VENTOS;GERMANY;"2905192000 - ACYCLIC ALCOHOLS AND THEI(..) SATURATED MONOHYDRIC ALCOHOLS:OTHER OTHER HEXIL ALCOHOLS (HEXANOLS); HEPTYL ALCOHOLS (HEPTANOLS)";"DO I87659 PEDIDO PEDIDO 1820 DECLARACION 21 DE 34;SE APLICA DESCUENTO SEGUN NOTA DE CREDITO DEL EXPORTADOR N¿ AVB_P0012 DE 19/01/2026. RAZON: DESCUENTO DEL 1% SOBRE LAS VENTAS POR CANTIDAD O VOLUMEN (RAPPEL) RESOLUCION 1684/2014 ARTICULO 10 // MERCANCIA NUEVA //FACTURA: P30380, FECHA: 19-01-2026. ITEM 23FACTURA P30380 DEL 19-01-2026, CANTIDAD: 170 KILOGRAMO, PRODUCTO: ALCOHOL C-6 1- HEXANOL, NOMBRE COMERCIAL: HEXANOL, NO. CAS (N¿MERO DE REGISTRO DEL CHEMICAL ABSTRACTS SERVICE): 111-27-3, CALIDAD: FCC, ASPECTO F¿SICO: LIQUIDO FLUIDO TRANSPARENTE, CONCENTRACI¿N: 100%, TIPO DE EMPAQUE: TAMBOR METALICO X 170 KG, USO: MATERIA PRIMA PARA ELABORACION DE AROMAS Y FRAGANCIAS, PARA LA INDUSTRIA DE AROMAS Y FRAGANCIAS, COMO USO FINAL EN JABONES, DETERGENTES, LIMPIADORES, EN INDUSTRIA EN GENERAL TAMBIEN PUEDE SER USADO PARA ASEO DEL HOGAR, MARCA: VENTOS, LOTE: L4684326 PAIS DE ORIGEN: ALEMANIA(023)¿";170,00;KILOGRAMS;1.103,55;IMPORT;MARITIME;DECLARATIONS;ERNESTO VENTOS S.A.;;;;;;;;;;;;;;;;;;;;;;;;;;;;;;;;;;;;;;;;;;;;;;;;;;;;;;;;;;;;;;;;;;;;;;;;;;;;;;;;;;;;;;;;;;;;;;;;;;;;;;;;;;;;;;;;;;;;;;;;;;;;;;;;;;;;;;;;;;;;;;;;;;;;;;;;;;;;;;;;;;;;;;;;;;;;;;;;;;;;;;;;;;;;;;;;;;;;;;;;;;;;;;;;;;;;;;;;;;;;;;;;;;;;;;;;;;;;;;;;;;
11/02/2026;COLOMBIA - IMPORT;PRODUCTORA NACIONAL DE AROMAS FRAGANCIAS Y COLORANTES S.A. D;COLOMBIA;ERNESTO VENTOS;CHINA;2915501000 - SATURATED ACYCLIC MONOCARBOXYLIC ACIDS AND THEIR ANHYDRIDES, HALIDES, (..) PROPIONIC ACID, ITS SALTS AND ESTERS PROPIONIC ACID;"DO I87659 PEDIDO PEDIDO 1820 DECLARACION 20 DE 34;SE APLICA DESCUENTO SEGUN NOTA DE CREDITO DEL EXPORTADOR N¿ AVB_P0012 DE 19/01/2026. RAZON: DESCUENTO DEL 1% SOBRE LAS VENTAS POR CANTIDAD O VOLUMEN (RAPPEL) RESOLUCION 1684/2014 ARTICULO 10 // MERCANCIA NUEVA //FACTURA: P30380, FECHA: 19-01-2026. ITEM 22FACTURA P30380 DEL 19-01-2026, CANTIDAD: 180 KILOGRAMO, PRODUCTO: PROPIONATO DE ETILO, NOMBRE COMERCIAL: ETHYL PROPIONATE, NO. CAS (N¿MERO DE REGISTRO DEL CHEMICAL ABSTRACTS SERVICE): 105-37-3, CALIDAD: FCC,ASPECTO F¿SICO: LIQUIDO FLUIDO TRANSPARENTE, CONCENTRACI¿N: 100%, TIPO DE EMPAQUE: TAMBOR METALICO X 180 KG, USO: MATERIA PRIMA PARA ELABORACION DE AROMAS Y FRAGANCIAS, PARA LAINDUSTRIA DE AROMAS Y FRAGANCIAS, COMO USO FINAL EN JABONES, DETERGENTES, LIMPIADORES, EN INDUSTRIA EN GENERAL TAMBI¿N PUEDE SER USADO PARA ASEO DEL HOGAR, MARCA: VENTOS, LOTE: L4655860 PAIS DE ORIGEN: CHINA(215)¿";180,00;KILOGRAMS;704,61;IMPORT;MARITIME;DECLARATIONS;ERNESTO VENTOS S.A.;;;;;;;;;;;;;;;;;;;;;;;;;;;;;;;;;;;;;;;;;;;;;;;;;;;;;;;;;;;;;;;;;;;;;;;;;;;;;;;;;;;;;;;;;;;;;;;;;;;;;;;;;;;;;;;;;;;;;;;;;;;;;;;;;;;;;;;;;;;;;;;;;;;;;;;;;;;;;;;;;;;;;;;;;;;;;;;;;;;;;;;;;;;;;;;;;;;;;;;;;;;;;;;;;;;;;;;;;;;;;;;;;;;;;;;;;;;;;;;;;;
11/02/2026;COLOMBIA - IMPORT;PRODUCTORA NACIONAL DE AROMAS FRAGANCIAS Y COLORANTES S.A. D;COLOMBIA;ERNESTO VENTOS;INDIA;"2907120000 - PHENOLS; PHENOL-ALCOHOLS. MONOPHENOLS:CRESOLS AND THEIR SALTS";"DO I87659 PEDIDO PEDIDO 1820 DECLARACION 19 DE 34;SE APLICA DESCUENTO SEGUN NOTA DE CREDITO DEL EXPORTADOR N¿ AVB_P0012 DE 19/01/2026. RAZON: DESCUENTO DEL 1% SOBRE LAS VENTAS POR CANTIDAD O VOLUMEN (RAPPEL) RESOLUCION 1684/2014 ARTICULO 10 // MERCANCIA NUEVA //FACTURA: P30380, FECHA: 19-01-2026. ITEM 19FACTURA P30380 DEL 19-01-2026, CANTIDAD: 1KILOGRAMO, PRODUCTO: 1-METIL-4-HIDROXIBENCENO, NOMBRE COMERCIAL: PARA-CRESOL, NO. CAS (N¿MERO DE REGISTRO DEL CHEMICAL ABSTRACTS SERVICE): 106-44-5, CALIDAD: FCC, ASPECTO F¿SICO: LIQUIDO FLUIDO TRANSPARENTE / SOLIDO, CONCENTRACI¿N: 100%, TIPO DE EMPAQUE: BIDON X 1 KG, USO: MATERIA PRIMA PARA ELABORACION DE AROMAS Y FRAGANCIAS, PARA LA INDUSTRIA DE AROMAS Y FRAGANCIAS, COMO USO FINAL EN JABONES, DETERGENTES, LIMPIADORES, EN INDUSTRIA EN GENERAL TAMBIEN PUEDE SER USADO PARA ASEO DEL HOGAR, MARCA: VENTOS, LOTE: L4667478 PAIS DE ORIGEN: INDIA(361)¿";1,00;KILOGRAMS;109,02;IMPORT;MARITIME;DECLARATIONS;ERNESTO VENTOS S.A.;;;;;;;;;;;;;;;;;;;;;;;;;;;;;;;;;;;;;;;;;;;;;;;;;;;;;;;;;;;;;;;;;;;;;;;;;;;;;;;;;;;;;;;;;;;;;;;;;;;;;;;;;;;;;;;;;;;;;;;;;;;;;;;;;;;;;;;;;;;;;;;;;;;;;;;;;;;;;;;;;;;;;;;;;;;;;;;;;;;;;;;;;;;;;;;;;;;;;;;;;;;;;;;;;;;;;;;;;;;;;;;;;;;;;;;;;;;;;;;;;;
11/02/2026;COLOMBIA - IMPORT;PRODUCTORA NACIONAL DE AROMAS FRAGANCIAS Y COLORANTES S.A. D;COLOMBIA;ERNESTO VENTOS;UNITED KINGDOM;2918230000 - CARBOXYLIC ACIDS WIT(..) CARBOXYLIC ACIDS WITH PHENOL FUNCTION BUT WITHOUT OTHER OXYGEN FUNCTION, THEIR ANHYDRIDES, HALIDES, (..);"DO I87659 PEDIDO PEDIDO 1820 DECLARACION 18 DE 34;SE APLICA DESCUENTO SEGUN NOTA DE CREDITO DEL EXPORTADOR N¿ AVB_P0012 DE 19/01/2026. RAZON: DESCUENTO DEL 1% SOBRE LAS VENTAS POR CANTIDAD O VOLUMEN (RAPPEL) RESOLUCION 1684/2014 ARTICULO 10 // MERCANCIA NUEVA //FACTURA: P30380, FECHA: 19-01-2026. ITEM 17FACTURA P30380 DEL 19-01-2026, CANTIDAD: 210 KILOGRAMO, PRODUCTO: ORTO-HIDROXIBENZOATO DE HEXILO, NOMBRE COMERCIAL: HEXYL SALICYLATE, NO. CAS (N¿MERO DE REGISTRO DEL CHEMICAL ABSTRACTS SERVICE): 6259-76-3, CALIDAD: FCC, ASPECTO F¿SICO: LIQUIDO FLUIDO TRANSPARENTE, CONCENTRACI¿N: 100% HEXYL SALICYLATE, TIPO DE EMPAQUE: TAMBOR METALICO X 210 KG, USO: MATERIA PRIMA PARA ELABORACION DEAROMAS Y FRAGANCIAS, PARA LA INDUSTRIA DE AROMAS Y FRAGANCIAS, COMO USO FINALEN JABONES, DETERGENTES, LIMPIADORES, EN INDUSTRIA EN GENERAL TAMBIEN PUEDE SER USADO PARA ASEO DEL HOGAR, MARCA: VENTOS, LOTE: L4671629 PAIS DE ORIGEN: REINO UNIDO(628)¿,. ITEM 37, CANTIDAD: 5 KILOGRAMO, PRODUCTO: SALICILATO DE ETILO, NOMBRE COMERCIAL: ETHYL SALYCILATE, NO. CAS (N¿MERO DE REGISTRO DEL CHEMICAL ABSTRACTS SERVICE): 118-61-6, CALIDAD: FCC, ASPECTO F¿SICO: LIQUIDO FLUIDO TRANSPARENTE / SOLIDO, CONCENTRACI¿N: 100%, TIPO DE EMPAQUE: BIDON DE ALUMINIO X 5 KG, USO: MATERIA PRIMA PARA ELABORACION DE AROMAS Y FRAGANCIAS, PARA LA INDUSTRIA DE AROMAS Y FRAGANCIAS, COMO USO FINAL EN JABONES, DETERGENTES, LIMPIADORES, EN INDUSTRIA EN GENERAL TAMBIEN PUEDE SER USADO PARA ASEO DEL HOGAR, MARCA: VENTOS, LOTE: L4682473 PAIS DE ORIGEN: INDIA(361)¿";215,00;KILOGRAMS;1.290,86;IMPORT;MARITIME;DECLARATIONS;ERNESTO VENTOS S.A.;;;;;;;;;;;;;;;;;;;;;;;;;;;;;;;;;;;;;;;;;;;;;;;;;;;;;;;;;;;;;;;;;;;;;;;;;;;;;;;;;;;;;;;;;;;;;;;;;;;;;;;;;;;;;;;;;;;;;;;;;;;;;;;;;;;;;;;;;;;;;;;;;;;;;;;;;;;;;;;;;;;;;;;;;;;;;;;;;;;;;;;;;;;;;;;;;;;;;;;;;;;;;;;;;;;;;;;;;;;;;;;;;;;;;;;;;;;;;;;;;;
11/02/2026;COLOMBIA - IMPORT;PRODUCTORA NACIONAL DE AROMAS FRAGANCIAS Y COLORANTES S.A. D;COLOMBIA;ERNESTO VENTOS;CHINA;2915502200 - SATURATED ACYCLIC MONOCARBOXYLIC ACIDS AND THEIR ANHYDRIDES,(..) PROPIONIC ACID, ITS SALTS AND ESTERS SALTS AND ESTERS: ESTERS;"DO I87659 PEDIDO PEDIDO 1820 DECLARACION 17 DE 34;SE APLICA DESCUENTO SEGUN NOTA DE CREDITO DEL EXPORTADOR N¿ AVB_P0012 DE 19/01/2026. RAZON: DESCUENTO DEL 1% SOBRE LAS VENTAS POR CANTIDAD O VOLUMEN (RAPPEL) RESOLUCION 1684/2014 ARTICULO 10 // MERCANCIA NUEVA //FACTURA: P30380, FECHA: 19-01-2026. ITEM 16FACTURA P30380 DEL 19-01-2026, CANTIDAD: 400 KILOGRAMO, PRODUCTO: PROPIONATO DE HEXAHIDRO-4,7-METANO-INDENO-5(6)-ILO, NOMBRE COMERCIAL: CICLAPROP (VERDYL PROPIONATE), NO. CAS (N¿MERO DE REGISTRO DEL CHEMICALABSTRACTS SERVICE): 68912-13-0 / 17511-60-3, CALIDAD: FCC, ASPECTO F¿SICO: LIQUIDO FLUIDO TRANSPARENTE, CONCENTRACI¿N: 100% CICLAPROP (VERDYL PROPIONATE), TIPO DE EMPAQUE: TAMBORMETALICO X 200 KG, USO: MATERIA PRIMA PARA ELABORACION DE AROMAS Y FRAGANCIAS, PARA LA INDUSTRIA DE AROMAS Y FRAGANCIAS, COMO USO FINAL EN JABONES, DETERGENTES, LIMPIADORES, EN INDUSTRIA EN GENERAL TAMBIEN PUEDE SER USADO PARA ASEO DEL HOGAR, MARCA: VENTOS, LOTE: L4665527 PAIS DE ORIGEN: CHINA(215)¿,. ITEM 29, CANTIDAD: 10 KILOGRAMO, PRODUCTO: PROPANOATO DE 3-METILBUTILO, NOMBRE COMERCIAL: ISOAMYL PROPIONATE, NO. CAS (N¿MERO DE REGISTRO DEL CHEMICAL ABSTRACTS SERVICE): 105-68-0, CALIDAD: FCC, ASPECTO F¿SICO: LIQUIDO FLUIDO TRANSPARENTE, CONCENTRACI¿N: 100%, TIPO DE EMPAQUE: TAMBOR POR 10 KG, USO: MATERIA PRIMA PARA ELABORACION DE AROMAS Y FRAGANCIAS, PARA LA IND DE AROMAS Y FRAGANCIAS, COMO USO FINAL EN JABONES DETERGENTES LIMPIADORES, EN INDUSTRIA EN GENERAL TAMBIEN PUEDE SER USADO PARA ASEO DEL HOGAR, MARCA: VENTOS, LOTE: L4669957 PAIS DE ORIGEN: INDIA(361)¿,. ITEM 49, CANTIDAD: 1 KILOGRAMO, PRODUCTO: PROPIONATO DE 3,7-DIMETIL-6-OCTEN-1-ILO, NOMBRE COMERCIAL: CITRONELLYL PROPIONATE, NO. CAS (N¿MERO DE REGISTRODEL CHEMICAL ABSTRACTS SERVICE): 141-14-0, CALIDAD: FCC, ASPECTO F¿SICO: LIQUIDO FLUIDO TRANSPARENTE, CONCENTRACI¿N: 100%, TIPO DE EMPAQUE: BIDON X 1 KG, USO: MATERIA PRIMA PARA ELABORACION DE AROMAS Y FRAGANCIAS, PARA LA INDUSTRIA DE AROMAS Y FRAGANCIAS, COMO USO FINAL EN JABONES, DETERGENTES, LIMPIADORES, EN INDUSTRIAEN GENERAL TAMBIEN PUEDE SER USADO PARA ASEO DEL HOGAR, MARCA: VENTOS, LOTE: L4678050 PAIS DE ORIGEN: INDIA(361)¿";411,00;KILOGRAMS;1.625,28;IMPORT;MARITIME;DECLARATIONS;ERNESTO VENTOS S.A.;;;;;;;;;;;;;;;;;;;;;;;;;;;;;;;;;;;;;;;;;;;;;;;;;;;;;;;;;;;;;;;;;;;;;;;;;;;;;;;;;;;;;;;;;;;;;;;;;;;;;;;;;;;;;;;;;;;;;;;;;;;;;;;;;;;;;;;;;;;;;;;;;;;;;;;;;;;;;;;;;;;;;;;;;;;;;;;;;;;;;;;;;;;;;;;;;;;;;;;;;;;;;;;;;;;;;;;;;;;;;;;;;;;;;;;;;;;;;;;;;;
11/02/2026;COLOMBIA - IMPORT;PRODUCTORA NACIONAL DE AROMAS FRAGANCIAS Y COLORANTES S.A. D;COLOMBIA;ERNESTO VENTOS;SPAIN;2911000000 - ACETALS AND HEMIACET(..) ACETALS AND HEMIACETALS, WHETHER OR NOT WITH OTHER OXYGEN FUNCTION, AND THEIR HALOGENATED, SULPHONAT(..);"DO I87659 PEDIDO PEDIDO 1820 DECLARACION 16 DE 34;SE APLICA DESCUENTO SEGUN NOTA DE CREDITO DEL EXPORTADOR N¿ AVB_P0012 DE 19/01/2026. RAZON: DESCUENTO DEL 1% SOBRE LAS VENTAS POR CANTIDAD O VOLUMEN (RAPPEL) RESOLUCION 1684/2014 ARTICULO 10 // MERCANCIA NUEVA //FACTURA: P30380, FECHA: 19-01-2026. ITEM 14FACTURA P30380 DEL 19-01-2026, CANTIDAD: 5KILOGRAMO, PRODUCTO: ETIL FENILETILACETAL DEL ACETALDEHIDO, NOMBRE COMERCIAL: EFETAAL, NO. CAS (N¿MERO DE REGISTRO DEL CHEMICAL ABSTRACTS SERVICE): 2556-10-7, CALIDAD: FCC, ASPECTO F¿SICO: LIQUIDO FLUIDO TRANSPARENTE, CONCENTRACI¿N: 100% EFETAAL, TIPO DE EMPAQUE: BIDON PLASTICO X 5 KG, USO: MATERIA PRIMA PARA ELABORACION DE AROMAS Y FRAGANCIAS, PARA LA IND DE AROMAS Y FRAGANCIAS, COMO USO FINAL EN JABONES DETERGENTESLIMPIADORES, EN INDUSTRIA EN GENERAL TAMBIEN PUEDE SER USADO PARA ASEO DEL HOGAR, MARCA: VENTOS, LOTE: L4680997 PAIS DE ORIGEN: ESPA¿A(245)¿";5,00;KILOGRAMS;183,36;IMPORT;MARITIME;DECLARATIONS;ERNESTO VENTOS S.A.;;;;;;;;;;;;;;;;;;;;;;;;;;;;;;;;;;;;;;;;;;;;;;;;;;;;;;;;;;;;;;;;;;;;;;;;;;;;;;;;;;;;;;;;;;;;;;;;;;;;;;;;;;;;;;;;;;;;;;;;;;;;;;;;;;;;;;;;;;;;;;;;;;;;;;;;;;;;;;;;;;;;;;;;;;;;;;;;;;;;;;;;;;;;;;;;;;;;;;;;;;;;;;;;;;;;;;;;;;;;;;;;;;;;;;;;;;;;;;;;;;
11/02/2026;COLOMBIA - IMPORT;PRODUCTORA NACIONAL DE AROMAS FRAGANCIAS Y COLORANTES S.A. D;COLOMBIA;ERNESTO VENTOS;CHINA;2915601900 - SATURATED ACYCLIC MONO(..) BUTANOIC ACIDS, PENTANOIC ACIDS, THEIR SALTS AND ESTERS BUTANOIC ACIDS, ITS SALTS AND ESTERS: OTHER;"DO I87659 PEDIDO PEDIDO 1820 DECLARACION 15 DE 34;SE APLICA DESCUENTO SEGUN NOTA DE CREDITO DEL EXPORTADOR N¿ AVB_P0012 DE 19/01/2026. RAZON: DESCUENTO DEL 1% SOBRE LAS VENTAS POR CANTIDAD O VOLUMEN (RAPPEL) RESOLUCION 1684/2014 ARTICULO 10 // MERCANCIA NUEVA //FACTURA: P30380, FECHA: 19-01-2026. ITEM 13FACTURA P30380 DEL 19-01-2026, CANTIDAD: 5KILOGRAMO, PRODUCTO: ACIDO BUTANOICO, NOMBRE COMERCIAL: BUTYRIC ACID NATURAL, NO. CAS (N¿MERO DE REGISTRO DEL CHEMICAL ABSTRACTS SERVICE): 107-92-6, CALIDAD: FCC, ASPECTO F¿SICO: LIQUIDO FLUIDO TRANSPARENTE, CONCENTRACI¿N: 100%, TIPO DE EMPAQUE: BIDON X 5 KG, USO: MATERIA PRIMA PARA ELABORACION DE AROMAS Y FRAGANCIAS, PARA LA INDUSTRIA DE AROMAS Y FRAGANCIAS, COMO USO FINAL EN JABONES, DETERGENTES, LIMPIADORES, EN INDUSTRIA EN GENERAL TAMBIEN PUEDE SER USADO PARA ASEO DEL HOGAR, MARCA: VENTOS, LOTE: L4672982 PAIS DE ORIGEN: CHINA(215)¿,. ITEM 27, CANTIDAD: 25 KILOGRAMO, PRODUCTO: ISOPENTANOATO DE ISOPENTILO, NOMBRE COMERCIAL: ISOAMYL ISOVALERATE, NO. CAS (N¿MERO DEREGISTRO DEL CHEMICAL ABSTRACTS SERVICE): 659-70-1 / 2445-77-4, CALIDAD: FCC, ASPECTO F¿SICO: LIQUIDO FLUIDO TRANSPARENTE, CONCENTRACI¿N: 100% ISOAMYL ISOVALERATE, TIPO DE EMPAQUE: BIDON PLASTICO X 25 KG, USO: MATERIA PRIMA PARA ELABORACION DE AROMAS Y FRAGANCIAS, PARA LA INDUSTRIA DE AROMAS Y FRAGANCIAS, COMO USO FINAL EN JABONES, DETERGENTES, LIMPIADORES, EN INDUSTRIA EN GENERAL TAMBIEN PUEDE SER USADO PARA ASEO DEL HOGAR, MARCA: VENTOS, LOTE: L4676545 PAIS DE ORIGEN: INDIA(361)¿,. ITEM 48, CANTIDAD: 1KILOGRAMO, PRODUCTO: ISOPENTANOATO DE BUTILO, NOMBRE COMERCIAL: BUTYL ISOVALERATE, NO. CAS (N¿MERO DE REGISTRO DEL CHEMICAL ABSTRACTS SERVICE): 109-19-3, CALIDAD: FCC, ASPECTO F¿SICO: LIQUIDO FLUIDO TRANSPARENTE, CONCENTRACI¿N: 100%, TIPO DE EMPAQUE: BIDON X 1 KG, USO: MATERIA PRIMA PARA ELABORACION DE AROMAS Y FRAGANCIAS, PARA LA INDUSTRIA DE AROMAS Y FRAGANCIAS, COMO USO FINAL EN JABONES, DETERGENTES, LIMPIADORES, EN INDUSTRIA EN GENERAL TAMBIEN PUEDE SER USADO PARA ASEO DEL HOGAR, MARCA: VENTOS, LOTE: L4683969 PAIS DE ORIGEN: CHINA(215)¿";31,00;KILOGRAMS;832,54;IMPORT;MARITIME;DECLARATIONS;ERNESTO VENTOS S.A.;;;;;;;;;;;;;;;;;;;;;;;;;;;;;;;;;;;;;;;;;;;;;;;;;;;;;;;;;;;;;;;;;;;;;;;;;;;;;;;;;;;;;;;;;;;;;;;;;;;;;;;;;;;;;;;;;;;;;;;;;;;;;;;;;;;;;;;;;;;;;;;;;;;;;;;;;;;;;;;;;;;;;;;;;;;;;;;;;;;;;;;;;;;;;;;;;;;;;;;;;;;;;;;;;;;;;;;;;;;;;;;;;;;;;;;;;;;;;;;;;;
11/02/2026;COLOMBIA - IMPORT;PRODUCTORA NACIONAL DE AROMAS FRAGANCIAS Y COLORANTES S.A. D;COLOMBIA;ERNESTO VENTOS;CHINA;2933999000 - HETEROCYCLIC COMPOUNDS WITH NITROGEN HETERO-ATOM(S) ONLY. OTHER:OTHER OTHER;"DO I87659 PEDIDO PEDIDO 1820 DECLARACION 14 DE 34;SE APLICA DESCUENTO SEGUN NOTA DE CREDITO DEL EXPORTADOR N¿ AVB_P0012 DE 19/01/2026. RAZON: DESCUENTO DEL 1% SOBRE LAS VENTAS POR CANTIDAD O VOLUMEN (RAPPEL) RESOLUCION 1684/2014 ARTICULO 10 // MERCANCIA NUEVA //FACTURA: P30380, FECHA: 19-01-2026. ITEM 12FACTURA P30380 DEL 19-01-2026, CANTIDAD: 5KILOGRAMO, PRODUCTO: 2,3-BENZOPIRROL, NOMBRE COMERCIAL: INDOLE, NO. CAS (N¿MERO DE REGISTRO DEL CHEMICAL ABSTRACTS SERVICE): 120-72-9, CALIDAD: FCC, ASPECTO F¿SICO: SOLIDO CRISTALINO, CONCENTRACI¿N: 100%, TIPO DE EMPAQUE: BIDON DE FIBRA X 1 KG, USO: MATERIA PRIMA PARA ELABORACION DE AROMAS Y FRAGANCIAS, PARA LA INDUSTRIA DE AROMAS Y FRAGANCIAS, COMO USO FINAL EN JABONES, DETERGENTES, LIMPIADORES, EN INDUSTRIA EN GENERAL TAMBIEN PUEDE SER USADO PARA ASEO DEL HOGAR, MARCA: VENTOS, LOTE: L4673392 PAIS DE ORIGEN: INDIA(361)¿,. ITEM 15, CANTIDAD: 1.8 KILOGRAMO, PRODUCTO: 2-ACETILPIRAZINA, NOMBRE COMERCIAL: 2-ACETYLPYRAZINE, NO. CAS (N¿MERO DE REGISTRO DEL CHEMICAL ABSTRACTS SERVICE): 22047-25-2, CALIDAD: FCC, ASPECTO F¿SICO: SOLIDO CRISTALINO, CONCENTRACI¿N: 100%, TIPO DE EMPAQUE: BOTELLA DE ALUMINIO X 1,80 KG, USO: MATERIA PRIMA PARA ELABORACION DE AROMAS Y FRAGANCIAS, PARA LA INDUSTRIA DE AROMAS Y FRAGANCIAS, COMO USOFINAL EN JABONES, DETERGENTES, LIMPIADORES, EN INDUSTRIA EN GENERAL TAMBIEN PUEDE SER USADO PARA ASEO DEL HOGAR, MARCA: VENTOS, LOTE: L4686486 PAIS DE ORIGEN: CHINA(215)¿";6,80;KILOGRAMS;550,08;IMPORT;MARITIME;DECLARATIONS;ERNESTO VENTOS S.A.;;;;;;;;;;;;;;;;;;;;;;;;;;;;;;;;;;;;;;;;;;;;;;;;;;;;;;;;;;;;;;;;;;;;;;;;;;;;;;;;;;;;;;;;;;;;;;;;;;;;;;;;;;;;;;;;;;;;;;;;;;;;;;;;;;;;;;;;;;;;;;;;;;;;;;;;;;;;;;;;;;;;;;;;;;;;;;;;;;;;;;;;;;;;;;;;;;;;;;;;;;;;;;;;;;;;;;;;;;;;;;;;;;;;;;;;;;;;;;;;;;
11/02/2026;COLOMBIA - IMPORT;PRODUCTORA NACIONAL DE AROMAS FRAGANCIAS Y COLORANTES S.A. D;COLOMBIA;ERNESTO VENTOS;INDIA;2905220000 - ACYCLIC ALCOHOLS AND THEIR HALOGENATED, SULPHONATED, NITRATED OR(..) UNSATURATED MONOHYDRIC ALCOHOLS:ACYCLIC TERPENE ALCOHOLS;"DO I87659 PEDIDO PEDIDO 1820 DECLARACION 13 DE 34;SE APLICA DESCUENTO SEGUN NOTA DE CREDITO DEL EXPORTADOR N¿ AVB_P0012 DE 19/01/2026. RAZON: DESCUENTO DEL 1% SOBRE LAS VENTAS POR CANTIDAD O VOLUMEN (RAPPEL) RESOLUCION 1684/2014 ARTICULO 10 // MERCANCIA NUEVA //FACTURA: P30380, FECHA: 19-01-2026. ITEM 10FACTURA P30380 DEL 19-01-2026, CANTIDAD: 875 KILOGRAMO, PRODUCTO: 2,6DIMETIL7OCTEN2 OL, NOMBRE COMERCIAL: DIHYDROMYRCENOL, NO. CAS (N¿MERO DE REGISTRO DEL CHEMICAL ABSTRACTS SERVICE): 18479-58-8, CALIDAD: FCC, ASPECTO F¿SICO: LIQUIDO FLUIDO TRANSPARENTE, CONCENTRACI¿N: 100% DIHYDROMYRCENOL, TIPO DE EMPAQUE: TAMBOR METALICO X 175 KG, USO: MATERIA PRIMA PARA ELABORACION DE AROMASY FRAGANCIAS, PARA LA IND DE AROMAS Y FRAGANCIAS, COMO USO FINAL EN JABONES DETERGENTES LIMPIADORES, EN INDUSTRIA EN GENERAL TAMBIEN PUEDE SER USADO PARA ASEO DEL HOGAR, MARCA: VENTOS, LOTE: L4675549 PAIS DE ORIGEN: INDIA(361)¿";875,00;KILOGRAMS;8.932,25;IMPORT;MARITIME;DECLARATIONS;ERNESTO VENTOS S.A.;;;;;;;;;;;;;;;;;;;;;;;;;;;;;;;;;;;;;;;;;;;;;;;;;;;;;;;;;;;;;;;;;;;;;;;;;;;;;;;;;;;;;;;;;;;;;;;;;;;;;;;;;;;;;;;;;;;;;;;;;;;;;;;;;;;;;;;;;;;;;;;;;;;;;;;;;;;;;;;;;;;;;;;;;;;;;;;;;;;;;;;;;;;;;;;;;;;;;;;;;;;;;;;;;;;;;;;;;;;;;;;;;;;;;;;;;;;;;;;;;;
11/02/2026;COLOMBIA - IMPORT;PRODUCTORA NACIONAL DE AROMAS FRAGANCIAS Y COLORANTES S.A. D;COLOMBIA;ERNESTO VENTOS;SPAIN;"2912199000 - ALDEHYDES, WHETHER OR NOT WITH OTHER OXYGEN FUNCTION; CYCLIC P(..) ACYCLIC ALDEHYDES WITHOUT OTHER OXYGEN FUNCTION:OTHER OTHER";"DO I87659 PEDIDO PEDIDO 1820 DECLARACION 12 DE 34;SE APLICA DESCUENTO SEGUN NOTA DE CREDITO DEL EXPORTADOR N¿ AVB_P0012 DE 19/01/2026. RAZON: DESCUENTO DEL 1% SOBRE LAS VENTAS POR CANTIDAD O VOLUMEN (RAPPEL) RESOLUCION 1684/2014 ARTICULO 10 // MERCANCIA NUEVA //FACTURA: P30380, FECHA: 19-01-2026. ITEM 9FACTURA P30380 DEL 19-01-2026, CANTIDAD: 160KILOGRAMO, PRODUCTO: DECANAL, NOMBRE COMERCIAL: DECANAL, NO. CAS (N¿MERO DE REGISTRO DEL CHEMICAL ABSTRACTS SERVICE): 112-31-2, CALIDAD: FCC, ASPECTO F¿SICO: LIQUIDO FLUIDO TRANSPARENTE, CONCENTRACI¿N: 100%, TIPO DE EMPAQUE: TAMBOR METALICO X 160 KG, USO: MATERIA PRIMA PARA ELABORACION DE AROMAS Y FRAGANCIAS, PARA LA INDUSTRIA DE AROMAS YFRAGANCIAS, COMO USO FINAL EN JABONES, DETERGENTES, LIMPIADORES, EN INDUSTRIA EN GENERAL TAMBIEN PUEDE SER USADO PARA ASEO DEL HOGAR, MARCA: VENTOS, LOTE: L4682435 PAIS DE ORIGEN: ESPA¿A(245)¿,. ITEM 28, CANTIDAD: 25 KILOGRAMO, PRODUCTO: ALDEHYDO C-08, NOMBRE COMERCIAL: OCTANAL, NO. CAS (N¿MERO DE REGISTRO DEL CHEMICAL ABSTRACTS SERVICE): 124-13-0, CALIDAD: FCC, ASPECTO F¿SICO: LIQUIDO FLUIDO TRANSPARENTE, CONCENTRACI¿N: 100% OCTANAL, TIPO DE EMPAQUE: BIDON PLASTICO X 25 KG, USO: MATERIA PRIMA PARA ELABORACION DE AROMAS Y FRAGANCIAS, PARA LA INDUSTRIA DE AROMAS Y FRAGANCIAS, COMO USO FINAL EN JABONES, DETERGENTES, LIMPIADORES, EN INDUSTRIA EN GENERAL TAMBIEN PUEDE SER USADO PARAASEO DEL HOGAR, MARCA: VENTOS, LOTE: L4653365 PAIS DE ORIGEN: ESPA¿A(245)¿,. ITEM 50, CANTIDAD: 100 KILOGRAMO, PRODUCTO: 2-METILUNDECANAL, NOMBRE COMERCIAL: METHYLNONYL ACETALDEHYDE, NO. CAS (N¿MERO DE REGISTRO DEL CHEMICAL ABSTRACTS SERVICE): 110-41-8, CALIDAD: FCC, ASPECTO F¿SICO: LIQUIDO FLUIDO TRANSPARENTE, CONCENTRACI¿N: 100%, TIPODE EMPAQUE: TAMBOR X 100 KG, USO: MATERIA PRIMA PARA ELABORACION DE AROMAS Y FRAGANCIAS, PARA LA INDUSTRIA DE AROMAS Y FRAGANCIAS, COMO USO FINAL EN JABONES, DETERGENTES, LIMPIADORES, EN INDUSTRIA EN GENERAL TAMBIEN PUEDE SER USADO PARA ASEO DEL HOGAR, MARCA: VENTOS, LOTE: L4673970 PAIS DE ORIGEN: INDIA(361)¿";285,00;KILOGRAMS;2.684,36;IMPORT;MARITIME;DECLARATIONS;ERNESTO VENTOS S.A.;;;;;;;;;;;;;;;;;;;;;;;;;;;;;;;;;;;;;;;;;;;;;;;;;;;;;;;;;;;;;;;;;;;;;;;;;;;;;;;;;;;;;;;;;;;;;;;;;;;;;;;;;;;;;;;;;;;;;;;;;;;;;;;;;;;;;;;;;;;;;;;;;;;;;;;;;;;;;;;;;;;;;;;;;;;;;;;;;;;;;;;;;;;;;;;;;;;;;;;;;;;;;;;;;;;;;;;;;;;;;;;;;;;;;;;;;;;;;;;;;;
11/02/2026;COLOMBIA - IMPORT;PRODUCTORA NACIONAL DE AROMAS FRAGANCIAS Y COLORANTES S.A. D;COLOMBIA;ERNESTO VENTOS;SPAIN;2918300000 - CARBOXYLIC ACIDS WIT(..) CARBOXYLIC ACIDS WITH ALDEHYDE OR KETONE FUNCTION BUT WITHOUT OTHER OXYGEN FUNCTION, THEIR ANHYDRIDE(..);"DO I87659 PEDIDO PEDIDO 1820 DECLARACION 11 DE 34;SE APLICA DESCUENTO SEGUN NOTA DE CREDITO DEL EXPORTADOR N¿ AVB_P0012 DE 19/01/2026. RAZON: DESCUENTO DEL 1% SOBRE LAS VENTAS POR CANTIDAD O VOLUMEN (RAPPEL) RESOLUCION 1684/2014 ARTICULO 10 // MERCANCIA NUEVA //FACTURA: P30380, FECHA: 19-01-2026. ITEM 8FACTURA P30380 DEL 19-01-2026, CANTIDAD: 1 KILOGRAMO, PRODUCTO: EPI-DIHIDROJASMONATO DE METILO, NOMBRE COMERCIAL: KHARISMAL IFF, NO. CAS (N¿MERO DE REGISTRO DEL CHEMICAL ABSTRACTS SERVICE): 24851-98-7, CALIDAD: FCC, ASPECTO F¿SICO: LIQUIDO FLUIDO TRANSPARENTE, CONCENTRACI¿N: 100% KHARISMAL IFF, TIPO DE EMPAQUE: BIDON DE ALUMINIO X 1 KG, USO: MATERIA PRIMA PARA ELABORACION DE AROMAS YFRAGANCIAS, PARA LA INDUSTRIA DE AROMAS Y FRAGANCIAS, COMO USO FINAL EN JABONES, DETERGENTES, LIMPIADORES, EN INDUSTRIA EN GENERAL TAMBIEN PUEDE SER USADO PARA ASEO DEL HOGAR, MARCA: VENTOS, LOTE: L4682753 PAIS DE ORIGEN: ESPA¿A(245)¿";1,00;KILOGRAMS;203,18;IMPORT;MARITIME;DECLARATIONS;ERNESTO VENTOS S.A.;;;;;;;;;;;;;;;;;;;;;;;;;;;;;;;;;;;;;;;;;;;;;;;;;;;;;;;;;;;;;;;;;;;;;;;;;;;;;;;;;;;;;;;;;;;;;;;;;;;;;;;;;;;;;;;;;;;;;;;;;;;;;;;;;;;;;;;;;;;;;;;;;;;;;;;;;;;;;;;;;;;;;;;;;;;;;;;;;;;;;;;;;;;;;;;;;;;;;;;;;;;;;;;;;;;;;;;;;;;;;;;;;;;;;;;;;;;;;;;;;;
11/02/2026;COLOMBIA - IMPORT;PRODUCTORA NACIONAL DE AROMAS FRAGANCIAS Y COLORANTES S.A. D;COLOMBIA;ERNESTO VENTOS;GERMANY;2914500000 - KETONES AND QUINONES, WHETHER OR NOT WITH OTHER OXYGEN FUNCTION, AN(..) KETONE-PHENOLS AND KETONES WITH OTHER OXYGEN FUNCTION;"DO I87659 PEDIDO PEDIDO 1820 DECLARACION 10 DE 34;SE APLICA DESCUENTO SEGUN NOTA DE CREDITO DEL EXPORTADOR N¿ AVB_P0012 DE 19/01/2026. RAZON: DESCUENTO DEL 1% SOBRE LAS VENTAS POR CANTIDAD O VOLUMEN (RAPPEL) RESOLUCION 1684/2014 ARTICULO 10 // MERCANCIA NUEVA //FACTURA: P30380, FECHA: 19-01-2026. ITEM 7FACTURA P30380 DEL 19-01-2026, CANTIDAD: 10KILOGRAMO, PRODUCTO: 1-(4-METOXIFENIL)ETANONA, NOMBRE COMERCIAL: ACETANISOL, NO. CAS (N¿MERO DE REGISTRO DEL CHEMICAL ABSTRACTS SERVICE): 100-06-1, CALIDAD: FCC, ASPECTO F¿SICO: SOLIDO CRISTALINO, CONCENTRACI¿N: 100%, TIPO DE EMPAQUE: BIDON DE FIBRA X 10 KG, USO: MATERIA PRIMA PARA ELABORACION DE AROMAS Y FRAGANCIAS, PARA LA INDUSTRIA DE AROMAS Y FRAGANCIAS, COMO USO FINAL EN JABONES, DETERGENTES, LIMPIADORES, EN INDUSTRIA EN GENERAL TAMBIEN PUEDE SER USADO PARA ASEO DEL HOGAR, MARCA: VENTOS, LOTE: L4686310 PAIS DE ORIGEN: ALEMANIA(023)¿";10,00;KILOGRAMS;317,16;IMPORT;MARITIME;DECLARATIONS;ERNESTO VENTOS S.A.;;;;;;;;;;;;;;;;;;;;;;;;;;;;;;;;;;;;;;;;;;;;;;;;;;;;;;;;;;;;;;;;;;;;;;;;;;;;;;;;;;;;;;;;;;;;;;;;;;;;;;;;;;;;;;;;;;;;;;;;;;;;;;;;;;;;;;;;;;;;;;;;;;;;;;;;;;;;;;;;;;;;;;;;;;;;;;;;;;;;;;;;;;;;;;;;;;;;;;;;;;;;;;;;;;;;;;;;;;;;;;;;;;;;;;;;;;;;;;;;;;
11/02/2026;COLOMBIA - IMPORT;PRODUCTORA NACIONAL DE AROMAS FRAGANCIAS Y COLORANTES S.A. D;COLOMBIA;ERNESTO VENTOS;CHINA;2914230000 - KETONES AND QUINONES,(..) CYCLANIC, CYCLENIC OR CYCLOTERPENIC KETONES WITHOUT OTHER OXYGEN FUNCTION:IONONES AND METHYLIONONES;"DO I87659 PEDIDO PEDIDO 1820 DECLARACION 9 DE 34;SE APLICA DESCUENTO SEGUN NOTA DE CREDITO DEL EXPORTADOR N¿ AVB_P0012 DE 19/01/2026. RAZON: DESCUENTO DEL 1% SOBRE LAS VENTAS POR CANTIDAD O VOLUMEN (RAPPEL) RESOLUCION 1684/2014 ARTICULO 10 // MERCANCIA NUEVA //FACTURA: P30380, FECHA: 19-01-2026. ITEM 6FACTURA P30380 DEL 19-01-2026, CANTIDAD: 25 KILOGRAMO, PRODUCTO: 4-(2,2,6-TRIMETIL-2-CICLOHEXEN-1-IL)-3-BUTEN-2-ONA, NOMBRE COMERCIAL: ALPHA IONONE, NO. CAS (N¿MERO DE REGISTRO DEL CHEMICAL ABSTRACTS SERVICE): 127-41-3, CALIDAD: FCC, ASPECTO F¿SICO: LIQUIDO FLUIDO TRANSPARENTE, CONCENTRACI¿N: 100% ALPHA IONONE, TIPO DE EMPAQUE: BIDON X 25 KG, USO: MATERIA PRIMA PARA ELABORACION DE AROMAS Y FRAGANCIAS, PARA LA INDUSTRIA DE AROMAS Y FRAGANCIAS, COMO USO FINAL ENJABONES, DETERGENTES, LIMPIADORES, EN INDUSTRIA EN GENERAL TAMBIEN PUEDE SER USADO PARA ASEO DEL HOGAR, MARCA: VENTOS, LOTE: L4672383 PAIS DE ORIGEN: CHINA(215)¿";25,00;KILOGRAMS;464,62;IMPORT;MARITIME;DECLARATIONS;ERNESTO VENTOS S.A.;;;;;;;;;;;;;;;;;;;;;;;;;;;;;;;;;;;;;;;;;;;;;;;;;;;;;;;;;;;;;;;;;;;;;;;;;;;;;;;;;;;;;;;;;;;;;;;;;;;;;;;;;;;;;;;;;;;;;;;;;;;;;;;;;;;;;;;;;;;;;;;;;;;;;;;;;;;;;;;;;;;;;;;;;;;;;;;;;;;;;;;;;;;;;;;;;;;;;;;;;;;;;;;;;;;;;;;;;;;;;;;;;;;;;;;;;;;;;;;;;;
11/02/2026;COLOMBIA - IMPORT;PRODUCTORA NACIONAL DE AROMAS FRAGANCIAS Y COLORANTES S.A. D;COLOMBIA;ERNESTO VENTOS;CHINA;3301299000 - ESSENTIAL OILS (TERPENELESS OR NOT), INCLUDING CONCRETES AND A(..) ESSENTIAL OILS OTHER THAN THOSE OF CITRUS FRUIT:OTHER OTHER;"DO I87659 PEDIDO PEDIDO 1820 DECLARACION 8 DE 34;SE APLICA DESCUENTO SEGUN NOTA DE CREDITO DEL EXPORTADOR N¿ AVB_P0012 DE 19/01/2026. RAZON: DESCUENTO DEL 1% SOBRE LAS VENTAS POR CANTIDAD O VOLUMEN (RAPPEL) RESOLUCION 1684/2014 ARTICULO 10 // MERCANCIA NUEVA //FACTURA: P30380, FECHA: 19-01-2026. ITEM 5FACTURA P30380 DEL 19-01-2026, CANTIDAD: 25 KILOGRAMO, PRODUCTO: ACEITE ESENCIAL DE CLAVO, ORIGEN: EXTRAIDO DE LAS HOJAS DE LA PLANTA EUGENIA CARYOPHYLLATA THUNB, ASPECTO F¿SICO: LIQUIDO FLUIDO TRANSPARENTE, FORMA DE PRESENTACI¿N Y EMPAQUE: BIDON X 25 KG, USO: MATERIA PRIMA PARA ELABORACION DE AROMAS Y FRAGANCIAS, PARA LA INDUSTRIA DE AROMAS Y FRAGANCIAS, COMO USO FINAL EN JABONES, DETERGENTES, LIMPIADORES, EN INDUSTRIA EN GENERAL TAMBIEN PUEDE SER USADO PARAASEO DEL HOGAR, MARCA: VENTOS, REFERENCIA: 50789, LOTE: L4663720 PAIS DE ORIGEN: INDONESIA(365)¿,. ITEM 20, CANTIDAD: 180 KILOGRAMO, PRODUCTO: ACEITE ESENCIAL DE CITRONELA OIL, ORIGEN: ACEITE ESENCIAL EXTRAIDO DE LAS HOJAS DE LA PLANTA CYMBOPOGON WINTERLANUS JOWITT, ASPECTO F¿SICO: LIQUIDO FLUIDO TRANSPARENTE, FORMA DE PRESENTACI¿N Y EMPAQUE: TAMBOR METALICO X 180 KG, USO: MATERIA PRIMA PARA ELABORACION DE AROMAS Y FRAGANCIAS, PARA LA IND DE AROMAS Y FRAGANCIAS, COMO USO FINAL EN JABONES DETERGENTES LIMPIADORES, EN INDUSTRIA EN GENERAL TAMBIEN PUEDE SER USADO PARA ASEO DEL HOGAR, MARCA: VENTOS, REFERENCIA: NO TIENE, LOTE: L4687867 PAIS DE ORIGEN: CHINA(215)¿";205,00;KILOGRAMS;6.038,41;IMPORT;MARITIME;DECLARATIONS;ERNESTO VENTOS S.A.;;;;;;;;;;;;;;;;;;;;;;;;;;;;;;;;;;;;;;;;;;;;;;;;;;;;;;;;;;;;;;;;;;;;;;;;;;;;;;;;;;;;;;;;;;;;;;;;;;;;;;;;;;;;;;;;;;;;;;;;;;;;;;;;;;;;;;;;;;;;;;;;;;;;;;;;;;;;;;;;;;;;;;;;;;;;;;;;;;;;;;;;;;;;;;;;;;;;;;;;;;;;;;;;;;;;;;;;;;;;;;;;;;;;;;;;;;;;;;;;;;
11/02/2026;COLOMBIA - IMPORT;PRODUCTORA NACIONAL DE AROMAS FRAGANCIAS Y COLORANTES S.A. D;COLOMBIA;ERNESTO VENTOS;INDIA;2914299000 - KETONES AND QUINONES, WHETHER OR NOT(..) CYCLANIC, CYCLENIC OR CYCLOTERPENIC KETONES WITHOUT OTHER OXYGEN FUNCTION:OTHER OTHER;"DO I87659 PEDIDO PEDIDO 1820 DECLARACION 7 DE 34;SE APLICA DESCUENTO SEGUN NOTA DE CREDITO DEL EXPORTADOR N¿ AVB_P0012 DE 19/01/2026. RAZON: DESCUENTO DEL 1% SOBRE LAS VENTAS POR CANTIDAD O VOLUMEN (RAPPEL) RESOLUCION 1684/2014 ARTICULO 10 // MERCANCIA NUEVA //FACTURA: P30380, FECHA: 19-01-2026. ITEM 4FACTURA P30380 DEL 19-01-2026, CANTIDAD: 25 KILOGRAMO, PRODUCTO: PARA-MENTAN-3-ONA, NOMBRE COMERCIAL: LMENTHONE, NO. CAS (N¿MERO DE REGISTRO DEL CHEMICAL ABSTRACTS SERVICE): 89-80-5 / 90063-97-1, CALIDAD: FCC,ASPECTO F¿SICO: LIQUIDO FLUIDO TRANSPARENTE, CONCENTRACI¿N: 100%, TIPO DE EMPAQUE: BIDON X 25 KG, USO: MATERIA PRIMA PARA ELABORACION DE AROMAS Y FRAGANCIAS, PARA LA INDUSTRIADE AROMAS Y FRAGANCIAS, COMO USO FINAL EN JABONES, DETERGENTES, LIMPIADORES, ENINDUSTRIA EN GENERAL TAMBIEN PUEDE SER USADO PARA ASEO DEL HOGAR, MARCA: VENTOS, LOTE: L4670623 PAIS DE ORIGEN: INDIA(361)¿,. ITEM 11, CANTIDAD: 25 KILOGRAMO, PRODUCTO: L-CARVONA, NOMBRE COMERCIAL: L-CARVONA, NO. CAS (N¿MERO DE REGISTRO DEL CHEMICAL ABSTRACTS SERVICE): 6485-40-1, CALIDAD: FCC, ASPECTO F¿SICO: LIQUIDO FLUIDO TRANSPARENTE, CONCENTRACI¿N: 100%, TIPO DE EMPAQUE: BIDON X 25 KG, USO: MATERIA PRIMA PARA ELABORACION DE AROMAS Y FRAGANCIAS, PARA LA INDUSTRIA DE AROMAS Y FRAGANCIAS, COMO USO FINAL EN JABONES, DETERGENTES, LIMPIADORES, EN INDUSTRIA EN GENERAL TAMBIEN PUEDE SER USADO PARA ASEO DEL HOGAR, MARCA: VENTOS, LOTE: L4667795 PAIS DE ORIGEN: INDIA(361)¿,. ITEM 35, CANTIDAD: 5 KILOGRAMO, PRODUCTO: 3.METHYL-2-(2-PENTEN-1-ONE)., NOMBRE COMERCIAL: CIS-JASMONE, NO. CAS (N¿MERO DE REGISTRO DEL CHEMICAL ABSTRACTS SERVICE): 488-10-8, CALIDAD: FCC, ASPECTO F¿SICO: LIQUIDO FLUIDO TRANSPARENTE, CONCENTRACI¿N: 100% CIS-JASMONE, TIPO DE EMPAQUE: BIDON DE ALUMINIO X 5 KG, USO: MATERIA PRIMA PARA ELABORACION DE AROMAS Y FRAGANCIAS, PARA LA IND DE AROMAS Y FRAGANCIAS, COMO USO FINAL EN JABONES DETERGENTES LIMPIADORES, EN INDUSTRIA EN GENERAL TAMBIEN PUEDE SER USADO PARA ASEO DEL HOGAR, MARCA: VENTOS, LOTE: L4670588 PAIS DE ORIGEN: CHINA(215)¿,. ITEM 40,CANTIDAD: 5 KILOGRAMO, PRODUCTO: (E)-1-(2,6,6-TRIMETIL-2-CICLOHEXEN-1-IL)-2-BUTEN-1-ONA, NOMBRE COMERCIAL: ALPHA DAMASCONE, NO. CAS (N¿MERO DE REGISTRO DEL CHEMICAL ABSTRACTS SERVICE): 24720-09-0, CALIDAD: FCC, ASPECTO F¿SICO: LIQUIDO FLUIDO TRANSPARENTE,CONCENTRACI¿N: 100%, TIPO DE EMPAQUE: BIDON X 5 KG, USO: MATERIA PRIMA PARA ELABORACION DE AROMAS Y FRAGANCIAS, PARA LA INDUSTRIA DE AROMAS Y FRAGANCIAS, COMO USO FINAL EN JABONES, DETERGENTES, LIMPIADORES, EN INDUSTRIA EN GENERAL TAMBIEN PUEDE SER USADOPARA ASEO DEL HOGAR, MARCA: VENTOS, LOTE: L4672907 PAIS DE ORIGEN: CHINA(215)¿,. ITEM 44, CANTIDAD: 1 KILOGRAMO, PRODUCTO: 4-TERT-PENTIL-CICLOHEXANONA, NOMBRE COMERCIAL: ORIVONE, NO. CAS (N¿MERO DE REGISTRO DEL CHEMICAL ABSTRACTS SERVICE): 16587-71-6, CALIDAD: FCC, ASPECTO F¿SICO: LIQUIDO FLUIDO TRANSPARENTE, CONCENTRACI¿N: 100%, TIPO DE EMPAQUE: BIDON X 1 KG, USO: MATERIA PRIMA PARA ELABORACION DE AROMAS Y FRAGANCIAS, PARA LA INDUSTRIA DE AROMAS Y FRAGANCIAS, COMO USO FINAL EN JABONES, DETERGENTES, LIMPIADORES, EN INDUSTRIA EN GENERAL TAMBIEN PUEDE SER USADO PARA ASEO DEL HOGAR, MARCA: VENTOS, LOTE: L4675049 PAIS DE ORIGEN: CHINA(215)¿,. ITEM 51, CANTIDAD: 1 KILOGRAMO, PRODUCTO: CICLOHEXADECANONA, NOMBRE COMERCIAL: ISOMUSCONE (CYCLOHEXADECANONE), NO.CAS (N¿MERO DE REGISTRO DEL CHEMICAL ABSTRACTS SERVICE): 2550-52-9, CALIDAD: FCC, ASPECTO F¿SICO: POLVO, ESCAMAS OGRANULADO, CONCENTRACI¿N: 100%, TIPO DE EMPAQUE: BIDON DE FIBRA X 1 KG, USO: MATERIA PRIMA PARA ELABORACION DE AROMAS Y FRAGANCIAS, PARA LA INDUSTRIA DE AROMAS Y FRAGANCIAS, COMO USO FINAL EN JABONES, DETERGENTES, LIMPIADORES, EN INDUSTRIA EN GENERAL TAMBIEN PUEDE SER USADO PARA ASEO DEL HOGAR, MARCA: VENTOS, LOTE: L4670791 PAIS DE ORIGEN: ALEMANIA(023)¿";62,00;KILOGRAMS;3.369,84;IMPORT;MARITIME;DECLARATIONS;ERNESTO VENTOS S.A.;;;;;;;;;;;;;;;;;;;;;;;;;;;;;;;;;;;;;;;;;;;;;;;;;;;;;;;;;;;;;;;;;;;;;;;;;;;;;;;;;;;;;;;;;;;;;;;;;;;;;;;;;;;;;;;;;;;;;;;;;;;;;;;;;;;;;;;;;;;;;;;;;;;;;;;;;;;;;;;;;;;;;;;;;;;;;;;;;;;;;;;;;;;;;;;;;;;;;;;;;;;;;;;;;;;;;;;;;;;;;;;;;;;;;;;;;;;;;;;;;;
11/02/2026;COLOMBIA - IMPORT;PRODUCTORA NACIONAL DE AROMAS FRAGANCIAS Y COLORANTES S.A. D;COLOMBIA;ERNESTO VENTOS;CHINA;2906290000 - CYCLIC ALCOHOLS AND THEIR HALOGENATED, SULPHONATED, NITRATED OR NITROSATED DERIVATIVES. AROMATIC:OTHER;"DO I87659 PEDIDO PEDIDO 1820 DECLARACION 6 DE 34;SE APLICA DESCUENTO SEGUN NOTA DE CREDITO DEL EXPORTADOR N¿ AVB_P0012 DE 19/01/2026. RAZON: DESCUENTO DEL 1% SOBRE LAS VENTAS POR CANTIDAD O VOLUMEN (RAPPEL) RESOLUCION 1684/2014 ARTICULO 10 // MERCANCIA NUEVA //FACTURA: P30380, FECHA: 19-01-2026. ITEM 2FACTURA P30380 DEL 19-01-2026, CANTIDAD: 600KILOGRAMO, PRODUCTO: 2-FENILETILALCOHOL, NOMBRE COMERCIAL: 2-PHENYL ETHYL ALCOHOL, NO. CAS (N¿MERO DE REGISTRO DEL CHEMICAL ABSTRACTS SERVICE): 60-12-8, CALIDAD: FCC, ASPECTO F¿SICO: LIQUIDO FLUIDO TRANSPARENTE, CONCENTRACI¿N: 100% 2-PHENYL ETHYL ALCOHOL, TIPO DE EMPAQUE: TAMBOR METALICO X 200 KG, USO: MATERIA PRIMA PARA ELABORACION DE AROMAS Y FRAGANCIAS, PARA LA INDUSTRIA DE AROMAS Y FRAGANCIAS, COMO USO FINAL EN JABONES, DETERGENTES, LIMPIADORES, EN INDUSTRIA EN GENERAL TAMBIEN PUEDE SER USADO PARA ASEO DEL HOGAR, MARCA: VENTOS, LOTE: L4670420 PAIS DE ORIGEN: CHINA(215)¿";600,00;KILOGRAMS;2.259,51;IMPORT;MARITIME;DECLARATIONS;ERNESTO VENTOS S.A.;;;;;;;;;;;;;;;;;;;;;;;;;;;;;;;;;;;;;;;;;;;;;;;;;;;;;;;;;;;;;;;;;;;;;;;;;;;;;;;;;;;;;;;;;;;;;;;;;;;;;;;;;;;;;;;;;;;;;;;;;;;;;;;;;;;;;;;;;;;;;;;;;;;;;;;;;;;;;;;;;;;;;;;;;;;;;;;;;;;;;;;;;;;;;;;;;;;;;;;;;;;;;;;;;;;;;;;;;;;;;;;;;;;;;;;;;;;;;;;;;;
11/02/2026;COLOMBIA - IMPORT;PRODUCTORA NACIONAL DE AROMAS FRAGANCIAS Y COLORANTES S.A. D;COLOMBIA;ERNESTO VENTOS;MALAYSIA;"2915909000 - SATURATED ACYCLIC MONOCARBOXYLIC ACIDS AND THEIR ANHYDRIDES, HALIDES, PEROXIDES AND PEROXYACIDS; THEIR HALOGEN(..) OTHER OTHER";"DO I87659 PEDIDO PEDIDO 1820 DECLARACION 5 DE 34;SE APLICA DESCUENTO SEGUN NOTA DE CREDITO DEL EXPORTADOR N¿ AVB_P0012 DE 19/01/2026. RAZON: DESCUENTO DEL 1% SOBRE LAS VENTAS POR CANTIDAD O VOLUMEN (RAPPEL) RESOLUCION 1684/2014 ARTICULO 10 // MERCANCIA NUEVA //FACTURA: P30293, FECHA: 15-01-2026. ITEM 3FACTURA P30293 DEL 15-01-2026, CANTIDAD: 180KILOGRAMO, PRODUCTO: HEXANOATO DE ETILO, NOMBRE COMERCIAL: ETHYL CAPROATE, NO. CAS (N¿MERO DE REGISTRO DEL CHEMICAL ABSTRACTS SERVICE): 123-66-0, CALIDAD: FCC, ASPECTO F¿SICO: LIQUIDO, CONCENTRACI¿N: 100% ETHYL CAPROATE, TIPO DE EMPAQUE: TAMBOR X 180 KG, USO: MATERIA PRIMA PARA ELABORACION DE AROMAS Y FRAGANCIAS, PARA LA INDUSTRIA DE AROMASY FRAGANCIAS, COMO USO FINAL EN JABONES, DETERGENTES, LIMPIADORES, EN INDUSTRIA EN GENERAL TAMBIEN PUEDE SER USADO PARA ASEO DEL HOGAR, MARCA: VENTOS, LOTE: L4676307 PAIS DE ORIGEN: CHINA(215)¿,//FACTURA: P30380, FECHA: 19-01-2026. ITEM 1FACTURA P30380 DEL 19-01-2026, CANTIDAD: 1,400 KILOGRAMO, PRODUCTO: TETRADECANOATO DE ISOPROPILO,NOMBRE COMERCIAL: ISOPROPYL MYRISTATE, NO. CAS (N¿MERO DE REGISTRO DEL CHEMICAL ABSTRACTS SERVICE): 110-27-0, CALIDAD: FCC, ASPECTO F¿SICO: LIQUIDO FLUIDO TRANSPARENTE, CONCENTRACI¿N: 100%, TIPO DE EMPAQUE: EN TAMBOR METALICO X 175 KG, USO: MATERIA PRIMAPARA ELABORACION DE AROMAS Y FRAGANCIAS, PARA LA INDUSTRIA DE AROMAS Y FRAGANCIAS, COMO USO FINAL EN JABONES, DETERGENTES, LIMPIADORES, EN INDUSTRIA EN GENERAL TAMBIEN PUEDE SER USADO PARA ASEO DEL HOGAR, MARCA: VENTOS, LOTE: L4684371 PAIS DE ORIGEN: MALASIA(455)¿,. ITEM 25, CANTIDAD: 25 KILOGRAMO, PRODUCTO: ACIDO OCTANOICO, NOMBRE COMERCIAL: CAPRILIC ACID, NO. CAS (N¿MERO DE REGISTRO DEL CHEMICAL ABSTRACTS SERVICE): 124-07-2, CALIDAD: FCC, ASPECTO F¿SICO: LIQUIDO FLUIDO TRANSPARENTE, CONCENTRACI¿N: 100%, TIPO DE EMPAQUE: BIDON DE PLASTICO X 25 KG, USO: MATERIA PRIMA PARA ELABORACION DE AROMAS Y FRAGANCIAS, PARA LA INDUSTRIA DE AROMAS Y FRAGANCIAS, COMO USO FINAL EN JABONES, DETERGENTES, LIMPIADORES, EN INDUSTRIA EN GENERAL TAMBIEN PUEDE SER USADO PARAASEO DEL HOGAR, MARCA: VENTOS, LOTE: L4678604 PAIS DE ORIGEN: MALASIA(455)¿,. ITEM 47, CANTIDAD: 1 KILOGRAMO, PRODUCTO: ETHYL HEXANOATE, NOMBRE COMERCIAL: ETHYL CAPROATE NATURAL (ETHYL HEXANOATE NATURAL), NO. CAS (N¿MERO DE REGISTRO DEL CHEMICAL ABSTRACTS SERVICE): 123-66-0, CALIDAD: FCC, ASPECTO F¿SICO: LIQUIDO FLUIDO TRANSPARENTE, CONCENTRACI¿N: 100%, TIPO DE EMPAQUE: BIDON DE ALUMINIO X 1 KG, USO: MATERIA PRIMA PARA ELABORACION DE AROMAS Y FRAGANCIAS, PARA LA INDUSTRIA DE AROMAS Y FRAGANCIAS, COMO USOFINAL EN JABONES, DETERGENTES, LIMPIADORES, EN INDUSTRIA EN GENERAL TAMBIEN PUEDE SER USADO PARA ASEO DEL HOGAR, MARCA: VENTOS, LOTE: L4651441 PAIS DE ORIGEN: FRANCIA(275)¿";1.606,00;KILOGRAMS;8.740,09;IMPORT;MARITIME;DECLARATIONS;ERNESTO VENTOS S.A.;;;;;;;;;;;;;;;;;;;;;;;;;;;;;;;;;;;;;;;;;;;;;;;;;;;;;;;;;;;;;;;;;;;;;;;;;;;;;;;;;;;;;;;;;;;;;;;;;;;;;;;;;;;;;;;;;;;;;;;;;;;;;;;;;;;;;;;;;;;;;;;;;;;;;;;;;;;;;;;;;;;;;;;;;;;;;;;;;;;;;;;;;;;;;;;;;;;;;;;;;;;;;;;;;;;;;;;;;;;;;;;;;;;;;;;;;;;;;;;;;;
11/02/2026;COLOMBIA - IMPORT;PRODUCTORA NACIONAL DE AROMAS FRAGANCIAS Y COLORANTES S.A. D;COLOMBIA;ERNESTO VENTOS;INDIA;2912499000 - ALDEHYDES, WHETHER OR NOT WITH OTHE(..) ALDEHYDE-ETHERS, ALDEHYDE-PHENOLS AND ALDEHYDES WITH OTHER OXYGEN FUNCTION:OTHER OTHER;"DO I87659 PEDIDO PEDIDO 1820 DECLARACION 4 DE 34;SE APLICA DESCUENTO SEGUN NOTA DE CREDITO DEL EXPORTADOR N¿ AVB_P0012 DE 19/01/2026. RAZON: DESCUENTO DEL 1% SOBRE LAS VENTAS POR CANTIDAD O VOLUMEN (RAPPEL) RESOLUCION 1684/2014 ARTICULO 10 // MERCANCIA NUEVA //FACTURA: P30293, FECHA: 15-01-2026. ITEM 2FACTURA P30293 DEL 15-01-2026, CANTIDAD: 225KILOGRAMO, PRODUCTO: 4-METOXIBENZALDEHIDO, NOMBRE COMERCIAL: ANISIC ALDEHYDE, NO. CAS (N¿MERO DE REGISTRO DEL CHEMICAL ABSTRACTS SERVICE): 123-11-5, CALIDAD: FCC, ASPECTO F¿SICO: LIQUIDO FLUIDO TRANSPARENTE, CONCENTRACI¿N: 100%, TIPO DE EMPAQUE: TAMBOR METALICO X 225 KG, USO: MATERIA PRIMA PARA ELABORACION DE AROMAS Y FRAGANCIAS, PARA LA IND DE AROMAS Y FRAGANCIAS, COMO USO FINAL EN JABONES DETERGENTES LIMPIADORES, EN INDUSTRIA EN GENERAL TAMBIEN PUEDE SER USADO PARA ASEO DEL HOGAR, MARCA: VENTOS, LOTE: L4682460 PAIS DE ORIGEN: INDIA(361)¿";225,00;KILOGRAMS;2.118,44;IMPORT;MARITIME;DECLARATIONS;ERNESTO VENTOS S.A.;;;;;;;;;;;;;;;;;;;;;;;;;;;;;;;;;;;;;;;;;;;;;;;;;;;;;;;;;;;;;;;;;;;;;;;;;;;;;;;;;;;;;;;;;;;;;;;;;;;;;;;;;;;;;;;;;;;;;;;;;;;;;;;;;;;;;;;;;;;;;;;;;;;;;;;;;;;;;;;;;;;;;;;;;;;;;;;;;;;;;;;;;;;;;;;;;;;;;;;;;;;;;;;;;;;;;;;;;;;;;;;;;;;;;;;;;;;;;;;;;;
11/02/2026;COLOMBIA - IMPORT;PRODUCTORA NACIONAL DE AROMAS FRAGANCIAS Y COLORANTES S.A. D;COLOMBIA;ERNESTO VENTOS;CHINA;2912420000 - ALDEHYDES, WHETHER O(..) ALDEHYDE-ETHERS, ALDEHYDE-PHENOLS AND ALDEHYDES WITH OTHER OXYGEN FUNCTION:ETHYLVANILLIN (3-ETHOXY-4(..);"DO I87659 PEDIDO PEDIDO 1820 DECLARACION 3 DE 34;SE APLICA DESCUENTO SEGUN NOTA DE CREDITO DEL EXPORTADOR N¿ AVB_P0012 DE 19/01/2026. RAZON: DESCUENTO DEL 1% SOBRE LAS VENTAS POR CANTIDAD O VOLUMEN (RAPPEL) RESOLUCION 1684/2014 ARTICULO 10 // MERCANCIA NUEVA //FACTURA: P30293, FECHA: 15-01-2026. ITEM 1FACTURA P30293 DEL 15-01-2026, CANTIDAD: 500KILOGRAMO, PRODUCTO: 3-ETOXI-4-HIDROXIBENZALDEHIDO, NOMBRE COMERCIAL: ETHYL VAINILLIN, NO. CAS (N¿MERO DE REGISTRO DEL CHEMICAL ABSTRACTS SERVICE): 121-32-4, CALIDAD: FCC, ASPECTO F¿SICO: POLVO CRISTALINO, CONCENTRACI¿N: 100%, TIPO DE EMPAQUE: CAJA DE CARTON X 25 KG, USO: MATERIA PRIMA PARA ELABORACION DE AROMAS Y FRAGANCIAS, PARA LA INDUSTRIA DE AROMAS Y FRAGANCIAS, COMO USO FINAL EN JABONES, DETERGENTES, LIMPIADORES, EN INDUSTRIA EN GENERAL TAMBIEN PUEDE SER USADO PARA ASEO DEL HOGAR, MARCA: VENTOS, LOTE: L4674045 PAIS DE ORIGEN: CHINA(215)¿";500,00;KILOGRAMS;4.930,67;IMPORT;MARITIME;DECLARATIONS;ERNESTO VENTOS S.A.;;;;;;;;;;;;;;;;;;;;;;;;;;;;;;;;;;;;;;;;;;;;;;;;;;;;;;;;;;;;;;;;;;;;;;;;;;;;;;;;;;;;;;;;;;;;;;;;;;;;;;;;;;;;;;;;;;;;;;;;;;;;;;;;;;;;;;;;;;;;;;;;;;;;;;;;;;;;;;;;;;;;;;;;;;;;;;;;;;;;;;;;;;;;;;;;;;;;;;;;;;;;;;;;;;;;;;;;;;;;;;;;;;;;;;;;;;;;;;;;;;
11/02/2026;COLOMBIA - IMPORT;PRODUCTORA NACIONAL DE AROMAS FRAGANCIAS Y COLORANTES S.A. D;COLOMBIA;ERNESTO VENTOS;CHINA;2915399090 - SATURATED ACYCLIC MONOCARBOXYLIC ACIDS AND THEIR ANHYDRIDES, HALIDES, PEROXIDES A(..) ESTERS OF ACETIC ACID:OTHER OTHER: OTHER;"DO I87659 PEDIDO PEDIDO 1820 DECLARACION 2 DE 34;SE APLICA DESCUENTO SEGUN NOTA DE CREDITO DEL EXPORTADOR N¿ AVB_P0012 DE 19/01/2026. RAZON: DESCUENTO DEL 1% SOBRE LAS VENTAS POR CANTIDAD O VOLUMEN (RAPPEL) RESOLUCION 1684/2014 ARTICULO 10 // MERCANCIA NUEVA //FACTURA: P30303, FECHA: 15-01-2026. ITEM 2FACTURA P30303 DEL 15-01-2026, CANTIDAD: 185KILOGRAMO, PRODUCTO: P-METH-1-EN-8YL-ACETATE, NOMBRE COMERCIAL: TERPINYL ACETATE, NO. CAS (N¿MERO DE REGISTRO DEL CHEMICAL ABSTRACTS SERVICE): 8007-35-0, CALIDAD: FCC, ASPECTO F¿SICO: LIQUIDO, CONCENTRACI¿N: 100% TERPINYL ACETATE, TIPO DE EMPAQUE: TAMBOR METALICO X 185 KG, USO: MATERIA PRIMA PARA ELABORACION DE AROMAS Y FRAGANCIAS, PARA LAIND DE AROMAS Y FRAGANCIAS, COMO USO FINAL EN JABONES DETERGENTES LIMPIADORES,EN INDUSTRIA EN GENERAL TAMBIEN PUEDE SER USADO PARA ASEO DEL HOGAR, MARCA: VENTOS, LOTE: L4673640 PAIS DE ORIGEN: CHINA(215)¿,. ITEM 3, CANTIDAD: 400 KILOGRAMO, PRODUCTO: ACETATO DE DIHIDRO-DICICLOPENTADIENILO, NOMBRE COMERCIAL: VERDYL ACETATE, NO. CAS(N¿MERO DEREGISTRO DEL CHEMICAL ABSTRACTS SERVICE): 5413-60-5 / 54830-99-8, CALIDAD: FCC, ASPECTO F¿SICO: LIQUIDO FLUIDO TRANSPARENTE, CONCENTRACI¿N: 100% VERDYL ACETATE, TIPO DE EMPAQUE: TAMBOR METALICO X 200 KG, USO: MATERIA PRIMA PARA ELABORACION DE AROMAS Y FRAGANCIAS, PARA LA INDUSTRIA DE AROMAS Y FRAGANCIAS, COMO USO FINAL EN JABONES DETERGENTESLIMPIADORES, EN INDUSTRIA EN GENERAL TAMBIEN PUEDE SER USADO PARA ASEO DEL HOGAR, MARCA: VENTOS, LOTE: L4683480 PAIS DE ORIGEN: CHINA(215)¿,//FACTURA: P30380,FECHA: 19-01-2026. ITEM 3FACTURA P30380 DEL 19-01-2026, CANTIDAD: 760 KILOGRAMO, PRODUCTO: ACETATO DE PARA-TERT-BUTILCICLOHEXILO, NOMBRE COMERCIAL: P TERBUTYL CICLOHEXYL ACETATE, NO. CAS (N¿MERO DE REGISTRO DEL CHEMICAL ABSTRACTS SERVICE): 32210-23-4, CALIDAD: FCC, ASPECTO F¿SICO: LIQUIDO FLUIDO TRANSPARENTE, CONCENTRACI¿N: 100% P TERBUTYL CICLOHEXYL ACETATE, TIPO DE EMPAQUE: TAMBOR X 190 KG, USO: MATERIA PRIMA PARA ELABORACION DE AROMAS Y FRAGANCIAS, PARA LA INDUSTRIA DE AROMAS Y FRAGANCIAS, COMO USO FINAL EN JABONES, DETERGENTES, LIMPIADORES, EN INDUSTRIA EN GENERAL TAMBIEN PUEDE SER USADO PARA ASEO DEL HOGAR, MARCA: VENTOS, LOTE: L4679732 PAIS DE ORIGEN: CHINA(215)¿,. ITEM 18, CANTIDAD: 570 KILOGRAMO, PRODUCTO: ACETATO DE ORTO-TERTBUTILCICLOHEXILO, NOMBRE COMERCIAL: VERDOX, NO. CAS (N¿MERO DE REGISTRO DEL CHEMICAL ABSTRACTS SERVICE): 20298-69-5 / 88-41-5,CALIDAD: FCC, ASPECTO F¿SICO: LIQUIDO, CONCENTRACI¿N: 100% VERDOX, TIPO DE EMPAQUE: TAMBOR X 190 KG, USO: MATERIA PRIMA PARA ELABORACION DE AROMAS Y FRAGANCIAS, PARA LA INDUSTRIA DE AROMAS Y FRAGANCIAS, COMO USO FINAL EN JABONES, DETERGENTES, LIMPIADORES, EN INDUSTRIA EN GENERAL TAMBIEN PUEDE SER USADO PARA ASEO DEL HOGAR, MARCA: VENTOS, LOTE: L4679766 PAIS DE ORIGEN: CHINA(215)¿,. ITEM 21, CANTIDAD: 180 KILOGRAMO, PRODUCTO: ACETATO DE ALFA,ALFA-DIMETILFENILETILO, NOMBRE COMERCIAL: DIMETHYL BENZYL CARBINYL ACETATE, NO. CAS (N¿MERO DE REGISTRO DEL CHEMICAL ABSTRACTS SERVICE): 151-05-3, CALIDAD: FCC, ASPECTO F¿SICO: LIQUIDO FLUIDO TRANSPARENTE / SOLIDOTRANSLUCIDO, CONCENTRACI¿N: 100% DIMETHYL BENZYL CARBINYL ACETATE, TIPO DE EMPAQUE: TAMBOR METALICO X 180 KG, USO: MATERIA PRIMA PARA ELABORACION DE AROMAS Y FRAGANCIAS, PARA LA INDUSTRIA DE AROMAS Y FRAGANCIAS, COMO USO FINAL EN JABONES, DETERGENTES, LIMPIADORES, EN INDUSTRIA EN GENERAL TAMBIEN PUEDE SER USADO PARA ASEO DEL HOGAR, MARCA: VENTOS, LOTE: L4673749 PAIS DEORIGEN: CHINA(215)¿,. ITEM 33, CANTIDAD: 5 KILOGRAMO, PRODUCTO: ACETATO DE TRANS-2-HEXENILO, NOMBRE COMERCIAL: TRANS-2-HEXENYL ACETATE, NO. CAS (N¿MERO DE REGISTRO DEL CHEMICAL ABSTRACTS SERVICE): 2497-18-9, CALIDAD: FCC, ASPECTO F¿SICO: LIQUIDO FLUIDO TRANSPARENTE, CONCENTRACI¿N: 100%, TIPO DE EMPAQUE: BIDON X 5 KG, USO: MATERIA PRIMAPARA ELABORACION DE AROMAS Y FRAGANCIAS, PARA LA INDUSTRIA DE AROMAS Y FRAGANCIAS, COMO USO FINAL EN JABONES, DETERGENTES, LIMPIADORES, EN INDUSTRIA EN GENERAL TAMBIEN PUEDE SER USADO PARA ASEO DEL HOGAR, MARCA: VENTOS, LOTE: L4682891 PAIS DE ORIGEN: RUMANIA(670)¿";2.100,00;KILOGRAMS;9.023,96;IMPORT;MARITIME;DECLARATIONS;ERNESTO VENTOS S.A.;;;;;;;;;;;;;;;;;;;;;;;;;;;;;;;;;;;;;;;;;;;;;;;;;;;;;;;;;;;;;;;;;;;;;;;;;;;;;;;;;;;;;;;;;;;;;;;;;;;;;;;;;;;;;;;;;;;;;;;;;;;;;;;;;;;;;;;;;;;;;;;;;;;;;;;;;;;;;;;;;;;;;;;;;;;;;;;;;;;;;;;;;;;;;;;;;;;;;;;;;;;;;;;;;;;;;;;;;;;;;;;;;;;;;;;;;;;;;;;;;;
11/02/2026;COLOMBIA - IMPORT;PRODUCTORA NACIONAL DE AROMAS FRAGANCIAS Y COLORANTES S.A. D;COLOMBIA;ERNESTO VENTOS;INDIA;2906210000 - CYCLIC ALCOHOLS AND THEIR HALOGENATED, SULPHONATED, NITRATED OR NITROSATED DERIVATIVES. AROMATIC:BENZYL ALCOHOL;"DO I87659 PEDIDO PEDIDO 1820 DECLARACION 1 DE 34;SE APLICA DESCUENTO SEGUN NOTA DE CREDITO DEL EXPORTADOR N¿ AVB_P0012 DE 19/01/2026. RAZON: DESCUENTO DEL 1% SOBRE LAS VENTAS POR CANTIDAD O VOLUMEN (RAPPEL) RESOLUCION 1684/2014 ARTICULO 10 // MERCANCIA NUEVA //FACTURA: P30303, FECHA: 15-01-2026. ITEM 1FACTURA P30303 DEL 15-01-2026, CANTIDAD: 460KILOGRAMO, PRODUCTO: ALCOHOL BENCILICO, NOMBRE COMERCIAL: BENZYL ALCOHOL, NO. CAS (N¿MERO DE REGISTRO DEL CHEMICAL ABSTRACTS SERVICE): 100-51-6, CALIDAD: FCC, ASPECTO F¿SICO: LIQUIDO FLUIDO TRANSPARENTE, CONCENTRACI¿N: 100% BENZYL ALCOHOL, TIPO DE EMPAQUE: TAMBOR PLASTICO X 230 KG, USO: MATERIA PRIMA PARA ELABORACION DE AROMAS Y FRAGANCIAS,PARA LA INDUSTRIA DE AROMAS Y FRAGANCIAS, COMO USO FINAL EN JABONES, DETERGENTES, LIMPIADORES, EN INDUSTRIA EN GENERAL TAMBIEN PUEDE SER USADO PARA ASEO DEL HOGAR, MARCA: VENTOS, LOTE: L4678551 PAIS DE ORIGEN: INDIA(361)¿";460,00;KILOGRAMS;1.185,31;IMPORT;MARITIME;DECLARATIONS;ERNESTO VENTOS S.A.;;;;;;;;;;;;;;;;;;;;;;;;;;;;;;;;;;;;;;;;;;;;;;;;;;;;;;;;;;;;;;;;;;;;;;;;;;;;;;;;;;;;;;;;;;;;;;;;;;;;;;;;;;;;;;;;;;;;;;;;;;;;;;;;;;;;;;;;;;;;;;;;;;;;;;;;;;;;;;;;;;;;;;;;;;;;;;;;;;;;;;;;;;;;;;;;;;;;;;;;;;;;;;;;;;;;;;;;;;;;;;;;;;;;;;;;;;;;;;;;;;
10/02/2026;MEXICO - PEDIMENTOS IMPORTS;VENTOS, ESENCIAS Y QUIMICOS SA DE CV;MEXICO;ERNESTO VENTOS, S.A;SPAIN;"2915909999 - SATURATED ACYCLIC MONOCARBOXYLIC ACIDS AND THEIR ANHYDRIDES, HALIDES, PEROXIDES AND PEROXYACIDS; THEIR (..) OTHER OTHER: OTHER";HEXANOATO DE CIS-3-HEXENILO;0,01;KILOGRAMS;0,99;IMPORT;AIR;DECLARATIONS;ERNESTO VENTOS S.A.;;;;;;;;;;;;;;;;;;;;;;;;;;;;;;;;;;;;;;;;;;;;;;;;;;;;;;;;;;;;;;;;;;;;;;;;;;;;;;;;;;;;;;;;;;;;;;;;;;;;;;;;;;;;;;;;;;;;;;;;;;;;;;;;;;;;;;;;;;;;;;;;;;;;;;;;;;;;;;;;;;;;;;;;;;;;;;;;;;;;;;;;;;;;;;;;;;;;;;;;;;;;;;;;;;;;;;;;;;;;;;;;;;;;;;;;;;;;;;;;;;
10/02/2026;MEXICO - PEDIMENTOS IMPORTS;VENTOS, ESENCIAS Y QUIMICOS SA DE CV;MEXICO;ERNESTO VENTOS, S.A;SPAIN;2915391700 - SATURATED ACYCLIC MONOCARBOXYLIC ACIDS AND THEIR ANHYDRIDES, HALIDES, PEROXI(..) ESTERS OF ACETIC ACID:OTHER ISOBUTYL ACETATE.;ACETATO DE ISOBUTILO.;0,03;KILOGRAMS;0,99;IMPORT;AIR;DECLARATIONS;ERNESTO VENTOS S.A.;;;;;;;;;;;;;;;;;;;;;;;;;;;;;;;;;;;;;;;;;;;;;;;;;;;;;;;;;;;;;;;;;;;;;;;;;;;;;;;;;;;;;;;;;;;;;;;;;;;;;;;;;;;;;;;;;;;;;;;;;;;;;;;;;;;;;;;;;;;;;;;;;;;;;;;;;;;;;;;;;;;;;;;;;;;;;;;;;;;;;;;;;;;;;;;;;;;;;;;;;;;;;;;;;;;;;;;;;;;;;;;;;;;;;;;;;;;;;;;;;;
10/02/2026;MEXICO - PEDIMENTOS IMPORTS;VENTOS, ESENCIAS Y QUIMICOS SA DE CV;MEXICO;ERNESTO VENTOS, S.A;SPAIN;2926909999 - NITRILE -FUNCTION COMPOUNDS. OTHER OTHER: OTHER;CINAMIL NITRILO;0,03;KILOGRAMS;0,99;IMPORT;AIR;DECLARATIONS;ERNESTO VENTOS S.A.;;;;;;;;;;;;;;;;;;;;;;;;;;;;;;;;;;;;;;;;;;;;;;;;;;;;;;;;;;;;;;;;;;;;;;;;;;;;;;;;;;;;;;;;;;;;;;;;;;;;;;;;;;;;;;;;;;;;;;;;;;;;;;;;;;;;;;;;;;;;;;;;;;;;;;;;;;;;;;;;;;;;;;;;;;;;;;;;;;;;;;;;;;;;;;;;;;;;;;;;;;;;;;;;;;;;;;;;;;;;;;;;;;;;;;;;;;;;;;;;;;
10/02/2026;MEXICO - PEDIMENTOS IMPORTS;VENTOS, ESENCIAS Y QUIMICOS SA DE CV;MEXICO;ERNESTO VENTOS, S.A;SPAIN;2915609999 - SATURATED ACYCLIC MONOCARBOXYLIC ACIDS AND THEIR ANHY(..) BUTANOIC ACIDS, PENTANOIC ACIDS, THEIR SALTS AND ESTERS OTHER: OTHER;ACIDO ISOBUTIRICO;0,03;KILOGRAMS;0,99;IMPORT;AIR;DECLARATIONS;ERNESTO VENTOS S.A.;;;;;;;;;;;;;;;;;;;;;;;;;;;;;;;;;;;;;;;;;;;;;;;;;;;;;;;;;;;;;;;;;;;;;;;;;;;;;;;;;;;;;;;;;;;;;;;;;;;;;;;;;;;;;;;;;;;;;;;;;;;;;;;;;;;;;;;;;;;;;;;;;;;;;;;;;;;;;;;;;;;;;;;;;;;;;;;;;;;;;;;;;;;;;;;;;;;;;;;;;;;;;;;;;;;;;;;;;;;;;;;;;;;;;;;;;;;;;;;;;;
10/02/2026;MEXICO - PEDIMENTOS IMPORTS;VENTOS, ESENCIAS Y QUIMICOS SA DE CV;MEXICO;ERNESTO VENTOS, S.A;SPAIN;2915399999 - SATURATED ACYCLIC MONOCARBOXYLIC ACIDS AND THEIR ANHYDRIDES, HALIDES, PEROXIDES A(..) ESTERS OF ACETIC ACID:OTHER OTHER: OTHER;ACETATO DE ANISILO;0,00;KILOGRAMS;0,99;IMPORT;AIR;DECLARATIONS;ERNESTO VENTOS S.A.;;;;;;;;;;;;;;;;;;;;;;;;;;;;;;;;;;;;;;;;;;;;;;;;;;;;;;;;;;;;;;;;;;;;;;;;;;;;;;;;;;;;;;;;;;;;;;;;;;;;;;;;;;;;;;;;;;;;;;;;;;;;;;;;;;;;;;;;;;;;;;;;;;;;;;;;;;;;;;;;;;;;;;;;;;;;;;;;;;;;;;;;;;;;;;;;;;;;;;;;;;;;;;;;;;;;;;;;;;;;;;;;;;;;;;;;;;;;;;;;;;
10/02/2026;MEXICO - PEDIMENTOS IMPORTS;VENTOS, ESENCIAS Y QUIMICOS SA DE CV;MEXICO;ERNESTO VENTOS, S.A;SPAIN;2915399999 - SATURATED ACYCLIC MONOCARBOXYLIC ACIDS AND THEIR ANHYDRIDES, HALIDES, PEROXIDES A(..) ESTERS OF ACETIC ACID:OTHER OTHER: OTHER;ACETATO DE VETIVERILO;0,01;KILOGRAMS;0,99;IMPORT;AIR;DECLARATIONS;ERNESTO VENTOS S.A.;;;;;;;;;;;;;;;;;;;;;;;;;;;;;;;;;;;;;;;;;;;;;;;;;;;;;;;;;;;;;;;;;;;;;;;;;;;;;;;;;;;;;;;;;;;;;;;;;;;;;;;;;;;;;;;;;;;;;;;;;;;;;;;;;;;;;;;;;;;;;;;;;;;;;;;;;;;;;;;;;;;;;;;;;;;;;;;;;;;;;;;;;;;;;;;;;;;;;;;;;;;;;;;;;;;;;;;;;;;;;;;;;;;;;;;;;;;;;;;;;;
10/02/2026;MEXICO - PEDIMENTOS IMPORTS;VENTOS, ESENCIAS Y QUIMICOS SA DE CV;MEXICO;ERNESTO VENTOS, S.A;SPAIN;2915399999 - SATURATED ACYCLIC MONOCARBOXYLIC ACIDS AND THEIR ANHYDRIDES, HALIDES, PEROXIDES A(..) ESTERS OF ACETIC ACID:OTHER OTHER: OTHER;ACETATO DE EUGENILO;0,01;KILOGRAMS;0,99;IMPORT;AIR;DECLARATIONS;ERNESTO VENTOS S.A.;;;;;;;;;;;;;;;;;;;;;;;;;;;;;;;;;;;;;;;;;;;;;;;;;;;;;;;;;;;;;;;;;;;;;;;;;;;;;;;;;;;;;;;;;;;;;;;;;;;;;;;;;;;;;;;;;;;;;;;;;;;;;;;;;;;;;;;;;;;;;;;;;;;;;;;;;;;;;;;;;;;;;;;;;;;;;;;;;;;;;;;;;;;;;;;;;;;;;;;;;;;;;;;;;;;;;;;;;;;;;;;;;;;;;;;;;;;;;;;;;;
10/02/2026;MEXICO - PEDIMENTOS IMPORTS;VENTOS, ESENCIAS Y QUIMICOS SA DE CV;MEXICO;ERNESTO VENTOS, S.A;SPAIN;3302909900 - MIXTURES OF ODORIFEROUS SUBSTANCES AND MIXTURES (INCLUDING ALCOHOLIC SOLUTIONS) WITH A BASIS OF ONE OR MORE OF(..) OTHER OTHER;MEZCLA DE SUSTANCIA ODORIFERA;0,02;KILOGRAMS;0,99;IMPORT;AIR;DECLARATIONS;ERNESTO VENTOS S.A.;;;;;;;;;;;;;;;;;;;;;;;;;;;;;;;;;;;;;;;;;;;;;;;;;;;;;;;;;;;;;;;;;;;;;;;;;;;;;;;;;;;;;;;;;;;;;;;;;;;;;;;;;;;;;;;;;;;;;;;;;;;;;;;;;;;;;;;;;;;;;;;;;;;;;;;;;;;;;;;;;;;;;;;;;;;;;;;;;;;;;;;;;;;;;;;;;;;;;;;;;;;;;;;;;;;;;;;;;;;;;;;;;;;;;;;;;;;;;;;;;;
10/02/2026;MEXICO - PEDIMENTOS IMPORTS;VENTOS, ESENCIAS Y QUIMICOS SA DE CV;MEXICO;ERNESTO VENTOS, S.A;SPAIN;3301299999 - ESSENTIAL OILS (TERPENELESS OR NOT), INCLUDING CONCRETE(..) ESSENTIAL OILS OTHER THAN THOSE OF CITRUS FRUIT:OTHER OTHER: OTHER;ACEITE ESENCIAL DE CEDRO;0,01;KILOGRAMS;0,99;IMPORT;AIR;DECLARATIONS;ERNESTO VENTOS S.A.;;;;;;;;;;;;;;;;;;;;;;;;;;;;;;;;;;;;;;;;;;;;;;;;;;;;;;;;;;;;;;;;;;;;;;;;;;;;;;;;;;;;;;;;;;;;;;;;;;;;;;;;;;;;;;;;;;;;;;;;;;;;;;;;;;;;;;;;;;;;;;;;;;;;;;;;;;;;;;;;;;;;;;;;;;;;;;;;;;;;;;;;;;;;;;;;;;;;;;;;;;;;;;;;;;;;;;;;;;;;;;;;;;;;;;;;;;;;;;;;;;
10/02/2026;KAZAKHSTAN - IMPORT;NONE;KAZAKHSTAN;ERNESTO VENTOS SA;SPAIN;2916199500 - UNSATURATED       AC(..) UNSATURATED ACYCLIC MONOCARBOXYLIC ACIDS, THEIR ANHYDRIDES, HALIDES, PEROXIDES, PEROXYACIDS AND(..) OTHER;1. ????(E,Z)-????-2,4-???????,;1,00;KILOGRAMS;1.501,00;IMPORT;NOT CLASSIFIED;DECLARATIONS;ERNESTO VENTOS SA;;;;;;;;;;;;;;;;;;;;;;;;;;;;;;;;;;;;;;;;;;;;;;;;;;;;;;;;;;;;;;;;;;;;;;;;;;;;;;;;;;;;;;;;;;;;;;;;;;;;;;;;;;;;;;;;;;;;;;;;;;;;;;;;;;;;;;;;;;;;;;;;;;;;;;;;;;;;;;;;;;;;;;;;;;;;;;;;;;;;;;;;;;;;;;;;;;;;;;;;;;;;;;;;;;;;;;;;;;;;;;;;;;;;;;;;;;;;;;;;;;
10/02/2026;KAZAKHSTAN - IMPORT;NONE;KAZAKHSTAN;ERNESTO VENTOS SA;SPAIN;2905299000 - ACYCLIC ALCOHOLS AND THEIR HALOGENATED, SULPHONATED, NITRATED OR NITROSATED DE(..) UNSATURATED MONOHYDRIC ALCOHOLS:OTHER OTHER;1. ????-3(???)-??-1-??,;49,00;KILOGRAMS;2.313,00;IMPORT;NOT CLASSIFIED;DECLARATIONS;ERNESTO VENTOS SA;;;;;;;;;;;;;;;;;;;;;;;;;;;;;;;;;;;;;;;;;;;;;;;;;;;;;;;;;;;;;;;;;;;;;;;;;;;;;;;;;;;;;;;;;;;;;;;;;;;;;;;;;;;;;;;;;;;;;;;;;;;;;;;;;;;;;;;;;;;;;;;;;;;;;;;;;;;;;;;;;;;;;;;;;;;;;;;;;;;;;;;;;;;;;;;;;;;;;;;;;;;;;;;;;;;;;;;;;;;;;;;;;;;;;;;;;;;;;;;;;;
10/02/2026;KAZAKHSTAN - IMPORT;NONE;KAZAKHSTAN;ERNESTO VENTOS SA;SPAIN;2902190000 - CYCLIC HYDROCARBONS. CYCLANES, CYCLENES AND CYCLOTERPENES:OTHER;1. ???????????? ??? ????????,;5,00;KILOGRAMS;5.872,00;IMPORT;NOT CLASSIFIED;DECLARATIONS;ERNESTO VENTOS SA;;;;;;;;;;;;;;;;;;;;;;;;;;;;;;;;;;;;;;;;;;;;;;;;;;;;;;;;;;;;;;;;;;;;;;;;;;;;;;;;;;;;;;;;;;;;;;;;;;;;;;;;;;;;;;;;;;;;;;;;;;;;;;;;;;;;;;;;;;;;;;;;;;;;;;;;;;;;;;;;;;;;;;;;;;;;;;;;;;;;;;;;;;;;;;;;;;;;;;;;;;;;;;;;;;;;;;;;;;;;;;;;;;;;;;;;;;;;;;;;;;
10/02/2026;KAZAKHSTAN - IMPORT;NONE;KAZAKHSTAN;ERNESTO VENTOS SA;SPAIN;2930909508 - ORGANO-SULPHUR COMPOUNDS. OTHER OTHER: OTHER;1. 8-????????-?-??????-3-??,;1,00;KILOGRAMS;819,00;IMPORT;NOT CLASSIFIED;DECLARATIONS;ERNESTO VENTOS SA;;;;;;;;;;;;;;;;;;;;;;;;;;;;;;;;;;;;;;;;;;;;;;;;;;;;;;;;;;;;;;;;;;;;;;;;;;;;;;;;;;;;;;;;;;;;;;;;;;;;;;;;;;;;;;;;;;;;;;;;;;;;;;;;;;;;;;;;;;;;;;;;;;;;;;;;;;;;;;;;;;;;;;;;;;;;;;;;;;;;;;;;;;;;;;;;;;;;;;;;;;;;;;;;;;;;;;;;;;;;;;;;;;;;;;;;;;;;;;;;;;
10/02/2026;KAZAKHSTAN - IMPORT;NONE;KAZAKHSTAN;ERNESTO VENTOS SA;SPAIN;2930909508 - ORGANO-SULPHUR COMPOUNDS. OTHER OTHER: OTHER;1. ????? ????????????,;25,00;KILOGRAMS;1.097,00;IMPORT;NOT CLASSIFIED;DECLARATIONS;ERNESTO VENTOS SA;;;;;;;;;;;;;;;;;;;;;;;;;;;;;;;;;;;;;;;;;;;;;;;;;;;;;;;;;;;;;;;;;;;;;;;;;;;;;;;;;;;;;;;;;;;;;;;;;;;;;;;;;;;;;;;;;;;;;;;;;;;;;;;;;;;;;;;;;;;;;;;;;;;;;;;;;;;;;;;;;;;;;;;;;;;;;;;;;;;;;;;;;;;;;;;;;;;;;;;;;;;;;;;;;;;;;;;;;;;;;;;;;;;;;;;;;;;;;;;;;;
10/02/2026;KAZAKHSTAN - IMPORT;NONE;KAZAKHSTAN;ERNESTO VENTOS SA;SPAIN;2930909508 - ORGANO-SULPHUR COMPOUNDS. OTHER OTHER: OTHER;1. ?????? ?????????,;40,00;KILOGRAMS;3.227,00;IMPORT;NOT CLASSIFIED;DECLARATIONS;ERNESTO VENTOS SA;;;;;;;;;;;;;;;;;;;;;;;;;;;;;;;;;;;;;;;;;;;;;;;;;;;;;;;;;;;;;;;;;;;;;;;;;;;;;;;;;;;;;;;;;;;;;;;;;;;;;;;;;;;;;;;;;;;;;;;;;;;;;;;;;;;;;;;;;;;;;;;;;;;;;;;;;;;;;;;;;;;;;;;;;;;;;;;;;;;;;;;;;;;;;;;;;;;;;;;;;;;;;;;;;;;;;;;;;;;;;;;;;;;;;;;;;;;;;;;;;;
10/02/2026;INDIA - DECLARATIONS EXPORTS;ERNESTO VENTOS;SPAIN;VENTOS INDIA PRIVATE LIMITED;INDIA;29153999 - SATURATED ACYCLIC MONOCARBOXYLIC ACIDS AND THEIR ANHYDRIDES, HALIDES, PEROXIDES A(..) ESTERS OF ACETIC ACID:OTHER OTHER: OTHER;ROSALIN;4.500,00;KILOGRAMS;14.489,50;EXPORT;MARITIME;DECLARATIONS;VENTOS INDIA PRIVATE LIMITED;;;;;;;;;;;;;;;;;;;;;;;;;;;;;;;;;;;;;;;;;;;;;;;;;;;;;;;;;;;;;;;;;;;;;;;;;;;;;;;;;;;;;;;;;;;;;;;;;;;;;;;;;;;;;;;;;;;;;;;;;;;;;;;;;;;;;;;;;;;;;;;;;;;;;;;;;;;;;;;;;;;;;;;;;;;;;;;;;;;;;;;;;;;;;;;;;;;;;;;;;;;;;;;;;;;;;;;;;;;;;;;;;;;;;;;;;;;;;;;;;;
10/02/2026;INDIA - DECLARATIONS EXPORTS;ERNESTO VENTOS;SPAIN;VENTOS INDIA PRIVATE LIMITED;INDIA;29153999 - SATURATED ACYCLIC MONOCARBOXYLIC ACIDS AND THEIR ANHYDRIDES, HALIDES, PEROXIDES A(..) ESTERS OF ACETIC ACID:OTHER OTHER: OTHER;ROSALIN;9.000,00;KILOGRAMS;28.979,00;EXPORT;MARITIME;DECLARATIONS;VENTOS INDIA PRIVATE LIMITED;;;;;;;;;;;;;;;;;;;;;;;;;;;;;;;;;;;;;;;;;;;;;;;;;;;;;;;;;;;;;;;;;;;;;;;;;;;;;;;;;;;;;;;;;;;;;;;;;;;;;;;;;;;;;;;;;;;;;;;;;;;;;;;;;;;;;;;;;;;;;;;;;;;;;;;;;;;;;;;;;;;;;;;;;;;;;;;;;;;;;;;;;;;;;;;;;;;;;;;;;;;;;;;;;;;;;;;;;;;;;;;;;;;;;;;;;;;;;;;;;;
10/02/2026;INDIA - DECLARATIONS EXPORTS;ERNESTO VENTOS;SPAIN;VENTOS INDIA PRIVATE LIMITED;INDIA;"29152100 - SATURATED ACYCLIC MONOCARBOXYLIC ACIDS AND THEIR ANHYDRIDES, HALI(..) ACETIC ACID AND ITS SALTS; ACETIC ANHYDRIDE:ACETIC ACID";ACETIC ACID NATURAL,C.A.S.NO-64-19-7, LOT NO. L4214021;600,00;KILOGRAMS;1.184,56;EXPORT;AIR;DECLARATIONS;VENTOS INDIA PRIVATE LIMITED;;;;;;;;;;;;;;;;;;;;;;;;;;;;;;;;;;;;;;;;;;;;;;;;;;;;;;;;;;;;;;;;;;;;;;;;;;;;;;;;;;;;;;;;;;;;;;;;;;;;;;;;;;;;;;;;;;;;;;;;;;;;;;;;;;;;;;;;;;;;;;;;;;;;;;;;;;;;;;;;;;;;;;;;;;;;;;;;;;;;;;;;;;;;;;;;;;;;;;;;;;;;;;;;;;;;;;;;;;;;;;;;;;;;;;;;;;;;;;;;;;
10/02/2026;INDIA - DECLARATIONS EXPORTS;ERNESTO VENTOS;SPAIN;ETERNIS FINE CHEMICALS LIMITED;INDIA;29122930 - ALDEHYDES, WHETHER OR NOT WITH OTHER OXYGEN F(..) CYCLIC ALDEHYDES WITHOUT OTHER OXYGEN FUNCTION:OTHER HEXYL CINNAMIC ALDEHYDE;HEXYL CINNAMIC ALDEHYDE;15.200,00;KILOGRAMS;67.390,64;EXPORT;ROAD;DECLARATIONS;ETERNIS FINE CHEMICALS LIMITED;;;;;;;;;;;;;;;;;;;;;;;;;;;;;;;;;;;;;;;;;;;;;;;;;;;;;;;;;;;;;;;;;;;;;;;;;;;;;;;;;;;;;;;;;;;;;;;;;;;;;;;;;;;;;;;;;;;;;;;;;;;;;;;;;;;;;;;;;;;;;;;;;;;;;;;;;;;;;;;;;;;;;;;;;;;;;;;;;;;;;;;;;;;;;;;;;;;;;;;;;;;;;;;;;;;;;;;;;;;;;;;;;;;;;;;;;;;;;;;;;;
10/02/2026;ECUADOR - IMPORT;FLORASINTESIS FRAGANCIAS Y AROMAS CIA. LTDA;ECUADOR;ERNESTO VENTOS DHL EXPRESS MIA;SPAIN;9807204000 -   SAMPLES WITHOUT COMMERCIAL VALUE;MUESTRA ACEITES ESENCIALES;0,50;KILOGRAMS;4,31;IMPORT;AIR;DECLARATIONS;ERNESTO VENTOS S.A.-DHL EXPRESS USA (MIA);;;;;;;;;;;;;;;;;;;;;;;;;;;;;;;;;;;;;;;;;;;;;;;;;;;;;;;;;;;;;;;;;;;;;;;;;;;;;;;;;;;;;;;;;;;;;;;;;;;;;;;;;;;;;;;;;;;;;;;;;;;;;;;;;;;;;;;;;;;;;;;;;;;;;;;;;;;;;;;;;;;;;;;;;;;;;;;;;;;;;;;;;;;;;;;;;;;;;;;;;;;;;;;;;;;;;;;;;;;;;;;;;;;;;;;;;;;;;;;;;;
09/02/2026;COLOMBIA - IMPORT;LA TOUR S.A.;COLOMBIA;ERNESTO VENTOS;INDIA;3301250000 - ESSENTIAL OILS (TERPENELESS OR NOT), INCLUDING CONCRETES A(..) ESSENTIAL OILS OTHER THAN THOSE OF CITRUS FRUIT:OF OTHER MINTS;"DO ICLO9010,PEDIDO: IMP5577,FORMATO 2 DE 3; FACTURA(S)...P30493 23/01/2026;MERCANCIA QUE NO REQUIERE REGISTRO DE IMPORTACION DECRETO 925 DE MAYO 9/2013;50.00 KILOS;PRODUCTO: MENTA CRESPA CHINA 80% A.E. ORIGEN BROTES DE LA PLANTA MENTHA SPICATA. NOMBRE QU¿MICO: ACEITE ESENCIAL DE MENTA CRESPA. NO. CAS: 84696-51-5. ASPECTO F¿SICO: LIQUIDOFORMA DE PRESENTACI¿N Y EMPAQUE: 1 ENVASE PLASTICO X 50 KG. USO: INDUSTRIAL- MATERIA PRIMA PARA LA ELABORACIONDE PRODUCTOS INTERMEDIOS (SABORIZANTES), POR PARTE DE LA INDUSTRIA DE SABORES. NO ES PRODUCTO DE CONSUMO. INVIMA DG 100-00309-12. MARCA: VENTOS. REFERENCIA: NO TIENE. COD: 3142.LOTE: L4680961;CODIGO: UN3082;";50,00;KILOGRAMS;2.743,93;IMPORT;AIR;DECLARATIONS;ERNESTO VENTOS SA;;;;;;;;;;;;;;;;;;;;;;;;;;;;;;;;;;;;;;;;;;;;;;;;;;;;;;;;;;;;;;;;;;;;;;;;;;;;;;;;;;;;;;;;;;;;;;;;;;;;;;;;;;;;;;;;;;;;;;;;;;;;;;;;;;;;;;;;;;;;;;;;;;;;;;;;;;;;;;;;;;;;;;;;;;;;;;;;;;;;;;;;;;;;;;;;;;;;;;;;;;;;;;;;;;;;;;;;;;;;;;;;;;;;;;;;;;;;;;;;;;
09/02/2026;COLOMBIA - IMPORT;LA TOUR S.A.;COLOMBIA;ERNESTO VENTOS;GERMANY;"2912199000 - ALDEHYDES, WHETHER OR NOT WITH OTHER OXYGEN FUNCTION; CYCLIC P(..) ACYCLIC ALDEHYDES WITHOUT OTHER OXYGEN FUNCTION:OTHER OTHER";"DO ICLO9010,PEDIDO: IMP5577,FORMATO 1 DE 3;FACTURA(S)...P30493 23/01/2026;MERCANCIA QUE NO REQUIERE REGISTRO DE IMPORTACION DECRETO 925 DE MAYO 9/2013;ARANCEL 0% DE ACUERDO AL DECRETO 272 DE 2018 Y 1881 DE 2021;10.00 KILOS;PRODUCTO: EJEMPLO: ALDEHIDO N-VALERICO. NOMBRE COMERCIAL: ALDEHIDO N-VALERICO. NOMBRE QUIMICO: N-PENTANAL. NO. CAS110-62-3.CALIDAD: F.C.C;ASPECTO F¿SICO: LIQUIDO;CONCENTRACI¿N: 95% ALDEHIDO N-VALERICO Y 5% ELEMENTOS DE LA S¿NTESIS.TIPO DE EMPAQUE: 2 ENVASES DE ALUMINIO X 5 KG.USO: INDUSTRIAL- MATERIA PRIMA PARA LA ELABORACION DE PRODUCTOS INTERMEDIOS (FRAGANCIAS Y SABORIZANTES), POR PARTE DE LA INDUSTRIA DE SABORES Y FRAGANCIAS. NO ES PRODUCTO DECONSUMO.MARCA: VENTOS.COD: 1462.LOTE: L4678238;CODIGO: UN2058;";10,00;KILOGRAMS;245,35;IMPORT;AIR;DECLARATIONS;ERNESTO VENTOS SA;;;;;;;;;;;;;;;;;;;;;;;;;;;;;;;;;;;;;;;;;;;;;;;;;;;;;;;;;;;;;;;;;;;;;;;;;;;;;;;;;;;;;;;;;;;;;;;;;;;;;;;;;;;;;;;;;;;;;;;;;;;;;;;;;;;;;;;;;;;;;;;;;;;;;;;;;;;;;;;;;;;;;;;;;;;;;;;;;;;;;;;;;;;;;;;;;;;;;;;;;;;;;;;;;;;;;;;;;;;;;;;;;;;;;;;;;;;;;;;;;;
06/02/2026;INDIA - DECLARATIONS IMPORTS;VENTOS INDIA PRIVATE LIMITED;INDIA;ERNESTO VENTOS;CHINA;29309099 - ORGANO-SULPHUR COMPOUNDS. OTHER OTHER: OTHER;METHYL SULPHIDE NATURAL EU BESTALLY METHYL SULPHIDE NATURAL EU BESTALLY;5,00;KILOGRAMS;1.497,02;IMPORT;AIR;DECLARATIONS;ERNESTO VENTOS SA;;;;;;;;;;;;;;;;;;;;;;;;;;;;;;;;;;;;;;;;;;;;;;;;;;;;;;;;;;;;;;;;;;;;;;;;;;;;;;;;;;;;;;;;;;;;;;;;;;;;;;;;;;;;;;;;;;;;;;;;;;;;;;;;;;;;;;;;;;;;;;;;;;;;;;;;;;;;;;;;;;;;;;;;;;;;;;;;;;;;;;;;;;;;;;;;;;;;;;;;;;;;;;;;;;;;;;;;;;;;;;;;;;;;;;;;;;;;;;;;;;
06/02/2026;INDIA - DECLARATIONS IMPORTS;VENTOS INDIA PRIVATE LIMITED;INDIA;ERNESTO VENTOS;SPAIN;33012990 - ESSENTIAL OILS (TERPENELESS OR NOT), INCLUDING CONCRETES AND A(..) ESSENTIAL OILS OTHER THAN THOSE OF CITRUS FRUIT:OTHER OTHER;CYPRESS OIL CYPRESS OIL;100,00;KILOGRAMS;5.359,34;IMPORT;AIR;DECLARATIONS;ERNESTO VENTOS SA;;;;;;;;;;;;;;;;;;;;;;;;;;;;;;;;;;;;;;;;;;;;;;;;;;;;;;;;;;;;;;;;;;;;;;;;;;;;;;;;;;;;;;;;;;;;;;;;;;;;;;;;;;;;;;;;;;;;;;;;;;;;;;;;;;;;;;;;;;;;;;;;;;;;;;;;;;;;;;;;;;;;;;;;;;;;;;;;;;;;;;;;;;;;;;;;;;;;;;;;;;;;;;;;;;;;;;;;;;;;;;;;;;;;;;;;;;;;;;;;;;
06/02/2026;INDIA - DECLARATIONS EXPORTS;ERNESTO VENTOS;SPAIN;VENTOS INDIA PRIVATE LIMITED;INDIA;"33019079 - ESSENTIAL OILS (TERPENELESS OR NOT), INCLUDING CONCRETES AND ABSOLUTES; R(..) OTHER AQUEOUS SOLUTIONS OF ESSENTIAL OILS: OTHER";AMYRIS OIL LOT NO:L4213959 (01 BOTTEL OF 20ML);1,00;PIECES;14,84;EXPORT;AIR;DECLARATIONS;VENTOS INDIA PRIVATE LIMITED;;;;;;;;;;;;;;;;;;;;;;;;;;;;;;;;;;;;;;;;;;;;;;;;;;;;;;;;;;;;;;;;;;;;;;;;;;;;;;;;;;;;;;;;;;;;;;;;;;;;;;;;;;;;;;;;;;;;;;;;;;;;;;;;;;;;;;;;;;;;;;;;;;;;;;;;;;;;;;;;;;;;;;;;;;;;;;;;;;;;;;;;;;;;;;;;;;;;;;;;;;;;;;;;;;;;;;;;;;;;;;;;;;;;;;;;;;;;;;;;;;
06/02/2026;ECUADOR - IMPORT;EXTRACTOS ANDINOS CA;ECUADOR;ERNESTO VENTOS DHL EXPRESS MIA;SPAIN;9807204000 -   SAMPLES WITHOUT COMMERCIAL VALUE;MUESTRAS DE ACEITES ESENCIALES;0,50;KILOGRAMS;4,31;IMPORT;AIR;DECLARATIONS;ERNESTO VENTOS S.A.-DHL EXPRESS USA (MIA);;;;;;;;;;;;;;;;;;;;;;;;;;;;;;;;;;;;;;;;;;;;;;;;;;;;;;;;;;;;;;;;;;;;;;;;;;;;;;;;;;;;;;;;;;;;;;;;;;;;;;;;;;;;;;;;;;;;;;;;;;;;;;;;;;;;;;;;;;;;;;;;;;;;;;;;;;;;;;;;;;;;;;;;;;;;;;;;;;;;;;;;;;;;;;;;;;;;;;;;;;;;;;;;;;;;;;;;;;;;;;;;;;;;;;;;;;;;;;;;;;
06/02/2026;COLOMBIA - IMPORT;VENTOS COLOMBIA S.A.S.;COLOMBIA;ERNESTO VENTOS;SWITZERLAND;3302900000 - MIXTURES OF ODORIFEROUS SUBSTANCES AND MIXTURES (INCLUDING ALCOHOLIC SOLUTIONS) WITH A BASIS OF ONE OR MORE OF THES(..) OTHER;"DO: 01260442,, DECLARACION 1 DE 1, // FACTURA: P30633, FECHA: 29-01-2026 MERCANCIA NUEVA. REGISTRO DE IMPORTACION NO. REG-50018654-20260130N. FECHA DE APROBACION 2026-01-29. FECHA DE VIGENCIA: 2026-07-29. VISTO BUENO INVIMA VINVIMA-26-0013297 DEL 2026-01-29. PRODUCTO: FIXATEUR FIRMENICH 505, COMPOSICI¿N: ESTER DE COLOFONIA HIDROGENADA CAS: 8050-15-5; DODECAHIDRO-3A,6,6,9 A-TETRAMETILNAFTO 2,1-B FURANO CAS: 3738-00-9; ALFA-ISOMETIL IONONA CAS: 127-51-5, ORIGEN: ARTIFICIAL, ASPECTO F¿SICO: LIQUIDO, FORMA DE PRESENTACI¿N Y EMPAQUE: 1 BIDON DE 4.75KG. EN UNA CAJA DE CARTON, USO: MATERIA PRIMA USADA EN LA FABRICACION DE FRAGANCIAS PARA AROMATIZAR JABONERIA, DESODORANTES, AMBIENTADORESY PRODUCTOS DE ASEO DOMESTICO. SECTOR AL CUAL VA DIRIGIDO: INDUSTRIA INTERMEDIADE FRAGANCIAS, MARCA: VENTOS, REFERENCIA: SIN FERENCIA LOTE: L4669221. FECHA DE ELABORACION: ENERO 2026. FECHA DE VENCIMIENTO: ENERO DE 2028. PAIS DE ORIGEN: SUIZA(767) 4.75 KILOGRAMO (ITEM 1)";4,75;KILOGRAMS;3.676,10;IMPORT;AIR;DECLARATIONS;ERNESTO VENTOS S.A.;;;;;;;;;;;;;;;;;;;;;;;;;;;;;;;;;;;;;;;;;;;;;;;;;;;;;;;;;;;;;;;;;;;;;;;;;;;;;;;;;;;;;;;;;;;;;;;;;;;;;;;;;;;;;;;;;;;;;;;;;;;;;;;;;;;;;;;;;;;;;;;;;;;;;;;;;;;;;;;;;;;;;;;;;;;;;;;;;;;;;;;;;;;;;;;;;;;;;;;;;;;;;;;;;;;;;;;;;;;;;;;;;;;;;;;;;;;;;;;;;;
05/02/2026;VIETNAM - IMPORT;NEZ D'OR COMPANY LIMITED;VIET NAM;VENTOS VOS PTE LTD;SPAIN;29153990 - SATURATED ACYCLIC MONOCARBOXYLIC ACIDS AND THEIR ANHYDRIDES, HALIDES, PEROXIDES AND PERO(..) ESTERS OF ACETIC ACID:OTHER OTHER;VETIVERYL ACETATE (EX VETIVER, HAITI) (CAS CODE: 84082-84-8) RAW MATERIALS USED IN THE MANUFACTURE OF FLAVORING SUBSTANCES CREATE PERFUME. NSX: ERNESTO VENTOS S. A, 100% NEW;1,00;KILOGRAMS;1.280,00;IMPORT;MARITIME;DECLARATIONS;VENTOS-VOS PTE LTD;;;;;;;;;;;;;;;;;;;;;;;;;;;;;;;;;;;;;;;;;;;;;;;;;;;;;;;;;;;;;;;;;;;;;;;;;;;;;;;;;;;;;;;;;;;;;;;;;;;;;;;;;;;;;;;;;;;;;;;;;;;;;;;;;;;;;;;;;;;;;;;;;;;;;;;;;;;;;;;;;;;;;;;;;;;;;;;;;;;;;;;;;;;;;;;;;;;;;;;;;;;;;;;;;;;;;;;;;;;;;;;;;;;;;;;;;;;;;;;;;;
04/02/2026;VIETNAM - EXPORT;ERNESTO VENTOS;SPAIN;RADOIN.,JSC;VIET NAM;"29122900 - ALDEHYDES, WHETHER OR NOT WITH OTHER OXYGEN FUNCTION; CYCLIC POLYMER(..) CYCLIC ALDEHYDES WITHOUT OTHER OXYGEN FUNCTION:OTHER";"CINNAMIC ALDEHYDE NATURAL, USED IN INDUSTRY, FLAVORS AND FRAGRANCES, 200KG/DRUM,NOT USED AS PHARMACEUTICAL MATERIAL,NSX: CORPORATION TECHVINA HOLDING NEW GOODS 100%#&AMP;VN";400,00;KGM;10.840,00;EXPORT;AIR;DECLARATIONS;;;;;;;;;;;;;;;;;;;;;;;;;;;;;;;;;;;;;;;;;;;;;;;;;;;;;;;;;;;;;;;;;;;;;;;;;;;;;;;;;;;;;;;;;;;;;;;;;;;;;;;;;;;;;;;;;;;;;;;;;;;;;;;;;;;;;;;;;;;;;;;;;;;;;;;;;;;;;;;;;;;;;;;;;;;;;;;;;;;;;;;;;;;;;;;;;;;;;;;;;;;;;;;;;;;;;;;;;;;;;;;;;;;;;;;;;;;;;;;;;;;
04/02/2026;COLOMBIA - IMPORT;VENTOS COLOMBIA S.A.S.;COLOMBIA;ERNESTO VENTOS;INDONESIA;3301299000 - ESSENTIAL OILS (TERPENELESS OR NOT), INCLUDING CONCRETES AND A(..) ESSENTIAL OILS OTHER THAN THOSE OF CITRUS FRUIT:OTHER OTHER;DO: 01260331,, DECLARACION 1 DE 1, // FACTURA: P30498, FECHA: 23-01-2026 MERCANCIA NUEVA. REGISTRO DE IMPORTACION NO. REG-50018049-20260129N. FECHA DE APROBACION: 2026-01-29. FECHA DE VIGENCIA: 2026-07-29. VISTO BUENO INVIMA NO. VINVIMA-26-0012645. FECHA DEAPROBACION: 2026-01-28 PRODUCTO: PATCHOULI MD 30% VENTOS, ORIGEN: SE OBTIENE DE LAS FLORES Y HOJAS DEL ARBOL DE PACHULI, ASPECTO F¿SICO: LIQUIDO VISCOSO TRANSPARENTE, FORMA DE PRESENTACI¿N Y EMPAQUE: 4 TAMBORES DE 200KG. CADA UNO, USO: MATERIA PRIMA USADA EN LA FABRICACION DE FRAGANCIAS PARA AROMATIZAR JABONERIA, DESODORANTES, AMBIENTADORES Y PRODUCTOS DE ASEO DOMESTICO. SECTOR AL CUAL VA DIRIGIDO: INDUSTRIA INTERMEDIA DE FRAGANCIAS, MARCA: VENTOS, REFERENCIA: SIN FERENCIA LOTE: L4688451. FECHA DE ELABORACION: ENERO 2026. FECHA DE VENCIMIENTO: ENERO 2028. MERCANCIA PELIGROSA UN3082 9 III PAIS DE ORIGEN: INDONESIA(365) 800 KILOGRAMO (ITEM 1);800,00;KILOGRAMS;53.299,88;IMPORT;AIR;DECLARATIONS;ERNESTO VENTOS S.A.;;;;;;;;;;;;;;;;;;;;;;;;;;;;;;;;;;;;;;;;;;;;;;;;;;;;;;;;;;;;;;;;;;;;;;;;;;;;;;;;;;;;;;;;;;;;;;;;;;;;;;;;;;;;;;;;;;;;;;;;;;;;;;;;;;;;;;;;;;;;;;;;;;;;;;;;;;;;;;;;;;;;;;;;;;;;;;;;;;;;;;;;;;;;;;;;;;;;;;;;;;;;;;;;;;;;;;;;;;;;;;;;;;;;;;;;;;;;;;;;;;
03/02/2026;VIETNAM - EXPORT;ERNESTO VENTOS;VIET NAM;MARIGOLD GLOBAL RESOURCES COMPANY LIMITED;VIET NAM;33012920 - ESSENTIAL OILS (TERPENELESS OR NOT), INCLUDING CONCRET(..) ESSENTIAL OILS OTHER THAN THOSE OF CITRUS FRUIT:OTHER OF SANDALWOOD;"SDWO#&AMP;SANDALWOOD OIL SANDALWOOD ESSENTIAL OIL USED CONCOCTED IN THE PRODUCTION OF PERFUMES, BATCH ID: MG398#&AMP;VN";25,00;KGM;27.875,00;EXPORT;AIR;DECLARATIONS;;;;;;;;;;;;;;;;;;;;;;;;;;;;;;;;;;;;;;;;;;;;;;;;;;;;;;;;;;;;;;;;;;;;;;;;;;;;;;;;;;;;;;;;;;;;;;;;;;;;;;;;;;;;;;;;;;;;;;;;;;;;;;;;;;;;;;;;;;;;;;;;;;;;;;;;;;;;;;;;;;;;;;;;;;;;;;;;;;;;;;;;;;;;;;;;;;;;;;;;;;;;;;;;;;;;;;;;;;;;;;;;;;;;;;;;;;;;;;;;;;;
03/02/2026;INDIA - DECLARATIONS EXPORTS;ERNESTO VENTOS;SPAIN;WILD BLOOMS INDIA PRIVATE LIMITED;INDIA;"33012944 - ESSENTIAL OILS (TERP(..) ESSENTIAL OILS OTHER(..) CAMPHOR OIL; LEMON GRASS OIL; YLANG YLANG OIL; DAVANA OIL; CUMIN OIL; CELERY SEE(..)";DAVANA OIL-02047083-10000001 BATCH NO:WB10076;25,00;KILOGRAMS;9.370,19;EXPORT;AIR;DECLARATIONS;WILD BLOOMS INDIA PRIVATE LIMITED;;;;;;;;;;;;;;;;;;;;;;;;;;;;;;;;;;;;;;;;;;;;;;;;;;;;;;;;;;;;;;;;;;;;;;;;;;;;;;;;;;;;;;;;;;;;;;;;;;;;;;;;;;;;;;;;;;;;;;;;;;;;;;;;;;;;;;;;;;;;;;;;;;;;;;;;;;;;;;;;;;;;;;;;;;;;;;;;;;;;;;;;;;;;;;;;;;;;;;;;;;;;;;;;;;;;;;;;;;;;;;;;;;;;;;;;;;;;;;;;;;
02/02/2026;ECUADOR - IMPORT;APPTEK CIA. LTDA.;ECUADOR;ERNESTO VENTOS DHL EXPRESS MIA;UNITED STATES OF AMERICA;8471300000 - AUTOMATIC DATA PROCE(..) PORTABLE AUTOMATIC DATA PROCESSING MACHINES, WEIGHING NOT MORE THAN 10 KG, CONSISTING OF A LEAST A C(..);TABLETA IPAD;1,09;KILOGRAMS;288,47;IMPORT;AIR;DECLARATIONS;ERNESTO VENTOS S.A.-DHL EXPRESS USA (MIA);;;;;;;;;;;;;;;;;;;;;;;;;;;;;;;;;;;;;;;;;;;;;;;;;;;;;;;;;;;;;;;;;;;;;;;;;;;;;;;;;;;;;;;;;;;;;;;;;;;;;;;;;;;;;;;;;;;;;;;;;;;;;;;;;;;;;;;;;;;;;;;;;;;;;;;;;;;;;;;;;;;;;;;;;;;;;;;;;;;;;;;;;;;;;;;;;;;;;;;;;;;;;;;;;;;;;;;;;;;;;;;;;;;;;;;;;;;;;;;;;;
31/01/2026;INDIA - DECLARATIONS IMPORTS;VENTOS INDIA PRIVATE LIMITED;INDIA;ERNESTO VENTOS;SPAIN;"33011990 - ESSENTIAL OILS (TERPENELESS OR NOT), INCLUDING CONCRETES AND ABSOLUTES; RESINOI(..) ESSENTIAL OILS OF CITRUS FRUIT:OTHER OTHER";LEMON OIL, SPAIN N.I. LEMON OIL, SPAIN N.I.;850,00;KILOGRAMS;8.432,08;IMPORT;MARITIME;DECLARATIONS;ERNESTO VENTOS SA;;;;;;;;;;;;;;;;;;;;;;;;;;;;;;;;;;;;;;;;;;;;;;;;;;;;;;;;;;;;;;;;;;;;;;;;;;;;;;;;;;;;;;;;;;;;;;;;;;;;;;;;;;;;;;;;;;;;;;;;;;;;;;;;;;;;;;;;;;;;;;;;;;;;;;;;;;;;;;;;;;;;;;;;;;;;;;;;;;;;;;;;;;;;;;;;;;;;;;;;;;;;;;;;;;;;;;;;;;;;;;;;;;;;;;;;;;;;;;;;;;
31/01/2026;INDIA - DECLARATIONS IMPORTS;VENTOS INDIA PRIVATE LIMITED;INDIA;ERNESTO VENTOS;CHINA;29153999 - SATURATED ACYCLIC MONOCARBOXYLIC ACIDS AND THEIR ANHYDRIDES, HALIDES, PEROXIDES A(..) ESTERS OF ACETIC ACID:OTHER OTHER: OTHER;ANISYL ACETATE NATURAL EU ANISYL ACETATE NATURAL EU;50,00;KILOGRAMS;11.378,94;IMPORT;MARITIME;DECLARATIONS;ERNESTO VENTOS SA;;;;;;;;;;;;;;;;;;;;;;;;;;;;;;;;;;;;;;;;;;;;;;;;;;;;;;;;;;;;;;;;;;;;;;;;;;;;;;;;;;;;;;;;;;;;;;;;;;;;;;;;;;;;;;;;;;;;;;;;;;;;;;;;;;;;;;;;;;;;;;;;;;;;;;;;;;;;;;;;;;;;;;;;;;;;;;;;;;;;;;;;;;;;;;;;;;;;;;;;;;;;;;;;;;;;;;;;;;;;;;;;;;;;;;;;;;;;;;;;;;
31/01/2026;INDIA - DECLARATIONS IMPORTS;VENTOS INDIA PRIVATE LIMITED;INDIA;ERNESTO VENTOS;SPAIN;"33011990 - ESSENTIAL OILS (TERPENELESS OR NOT), INCLUDING CONCRETES AND ABSOLUTES; RESINOI(..) ESSENTIAL OILS OF CITRUS FRUIT:OTHER OTHER";LEMON OIL, SPAIN N.I. LEMON OIL, SPAIN N.I.;1.150,00;KILOGRAMS;11.408,11;IMPORT;MARITIME;DECLARATIONS;ERNESTO VENTOS SA;;;;;;;;;;;;;;;;;;;;;;;;;;;;;;;;;;;;;;;;;;;;;;;;;;;;;;;;;;;;;;;;;;;;;;;;;;;;;;;;;;;;;;;;;;;;;;;;;;;;;;;;;;;;;;;;;;;;;;;;;;;;;;;;;;;;;;;;;;;;;;;;;;;;;;;;;;;;;;;;;;;;;;;;;;;;;;;;;;;;;;;;;;;;;;;;;;;;;;;;;;;;;;;;;;;;;;;;;;;;;;;;;;;;;;;;;;;;;;;;;;
31/01/2026;INDIA - DECLARATIONS IMPORTS;VENTOS INDIA PRIVATE LIMITED;INDIA;ERNESTO VENTOS;SPAIN;29153999 - SATURATED ACYCLIC MONOCARBOXYLIC ACIDS AND THEIR ANHYDRIDES, HALIDES, PEROXIDES A(..) ESTERS OF ACETIC ACID:OTHER OTHER: OTHER;BORNYL ACETATE BORNYL ACETATE;360,00;KILOGRAMS;9.411,26;IMPORT;MARITIME;DECLARATIONS;ERNESTO VENTOS SA;;;;;;;;;;;;;;;;;;;;;;;;;;;;;;;;;;;;;;;;;;;;;;;;;;;;;;;;;;;;;;;;;;;;;;;;;;;;;;;;;;;;;;;;;;;;;;;;;;;;;;;;;;;;;;;;;;;;;;;;;;;;;;;;;;;;;;;;;;;;;;;;;;;;;;;;;;;;;;;;;;;;;;;;;;;;;;;;;;;;;;;;;;;;;;;;;;;;;;;;;;;;;;;;;;;;;;;;;;;;;;;;;;;;;;;;;;;;;;;;;;
31/01/2026;INDIA - DECLARATIONS IMPORTS;VENTOS INDIA PRIVATE LIMITED;INDIA;ERNESTO VENTOS;FRANCE;33012990 - ESSENTIAL OILS (TERPENELESS OR NOT), INCLUDING CONCRETES AND A(..) ESSENTIAL OILS OTHER THAN THOSE OF CITRUS FRUIT:OTHER OTHER;CLARY SAGE OIL CLARY SAGE OIL;100,00;KILOGRAMS;12.254,24;IMPORT;MARITIME;DECLARATIONS;ERNESTO VENTOS SA;;;;;;;;;;;;;;;;;;;;;;;;;;;;;;;;;;;;;;;;;;;;;;;;;;;;;;;;;;;;;;;;;;;;;;;;;;;;;;;;;;;;;;;;;;;;;;;;;;;;;;;;;;;;;;;;;;;;;;;;;;;;;;;;;;;;;;;;;;;;;;;;;;;;;;;;;;;;;;;;;;;;;;;;;;;;;;;;;;;;;;;;;;;;;;;;;;;;;;;;;;;;;;;;;;;;;;;;;;;;;;;;;;;;;;;;;;;;;;;;;;
31/01/2026;INDIA - DECLARATIONS IMPORTS;VENTOS INDIA PRIVATE LIMITED;INDIA;ERNESTO VENTOS;CHINA;29309099 - ORGANO-SULPHUR COMPOUNDS. OTHER OTHER: OTHER;DIMETHYL DISULPHIDE DIMETHYL DISULPHIDE;25,00;KILOGRAMS;933,66;IMPORT;MARITIME;DECLARATIONS;ERNESTO VENTOS SA;;;;;;;;;;;;;;;;;;;;;;;;;;;;;;;;;;;;;;;;;;;;;;;;;;;;;;;;;;;;;;;;;;;;;;;;;;;;;;;;;;;;;;;;;;;;;;;;;;;;;;;;;;;;;;;;;;;;;;;;;;;;;;;;;;;;;;;;;;;;;;;;;;;;;;;;;;;;;;;;;;;;;;;;;;;;;;;;;;;;;;;;;;;;;;;;;;;;;;;;;;;;;;;;;;;;;;;;;;;;;;;;;;;;;;;;;;;;;;;;;;
31/01/2026;INDIA - DECLARATIONS IMPORTS;VENTOS INDIA PRIVATE LIMITED;INDIA;ERNESTO VENTOS;FRANCE;33012990 - ESSENTIAL OILS (TERPENELESS OR NOT), INCLUDING CONCRETES AND A(..) ESSENTIAL OILS OTHER THAN THOSE OF CITRUS FRUIT:OTHER OTHER;CLARY SAGE OIL CLARY SAGE OIL;200,00;KILOGRAMS;24.508,48;IMPORT;MARITIME;DECLARATIONS;ERNESTO VENTOS SA;;;;;;;;;;;;;;;;;;;;;;;;;;;;;;;;;;;;;;;;;;;;;;;;;;;;;;;;;;;;;;;;;;;;;;;;;;;;;;;;;;;;;;;;;;;;;;;;;;;;;;;;;;;;;;;;;;;;;;;;;;;;;;;;;;;;;;;;;;;;;;;;;;;;;;;;;;;;;;;;;;;;;;;;;;;;;;;;;;;;;;;;;;;;;;;;;;;;;;;;;;;;;;;;;;;;;;;;;;;;;;;;;;;;;;;;;;;;;;;;;;
30/01/2026;PAKISTAN - IMPORT;INTERNATIONAL FRAGRANCE FACTORY;PAKISTAN;ERNESTO VENTOS S.A;SPAIN;29052900 - ACYCLIC ALCOHOLS AND THEIR HALOGENATED, SULPHONATED, NITRATED OR NITROSATED DERIVAT(..) UNSATURATED MONOHYDRIC ALCOHOLS:OTHER;(R)-ACETYL-ALPHA-CEDRENE (INDUSTRIAL GRADE)...QTY:400 KGS...PACKED IN 200 KGS EACH NET WT STEEL DRUM;400,00;KILOGRAMS;2.657,00;IMPORT;NOT DECLARED;DECLARATIONS;ERNESTO VENTOS S.A;;;;;;;;;;;;;;;;;;;;;;;;;;;;;;;;;;;;;;;;;;;;;;;;;;;;;;;;;;;;;;;;;;;;;;;;;;;;;;;;;;;;;;;;;;;;;;;;;;;;;;;;;;;;;;;;;;;;;;;;;;;;;;;;;;;;;;;;;;;;;;;;;;;;;;;;;;;;;;;;;;;;;;;;;;;;;;;;;;;;;;;;;;;;;;;;;;;;;;;;;;;;;;;;;;;;;;;;;;;;;;;;;;;;;;;;;;;;;;;;;;
30/01/2026;PAKISTAN - IMPORT;INTERNATIONAL FRAGRANCE FACTORY;PAKISTAN;ERNESTO VENTOS S.A;SPAIN;29052900 - ACYCLIC ALCOHOLS AND THEIR HALOGENATED, SULPHONATED, NITRATED OR NITROSATED DERIVAT(..) UNSATURATED MONOHYDRIC ALCOHOLS:OTHER;3 7-DIMETYL-1 6-NONADIEN-3-OL (INDUSTRAIL GRADE)...QTY:340 KGS...PACKED IN 170 KG EACH NET WT STEEL DRUM;340,00;KILOGRAMS;2.258,45;IMPORT;NOT DECLARED;DECLARATIONS;ERNESTO VENTOS S.A;;;;;;;;;;;;;;;;;;;;;;;;;;;;;;;;;;;;;;;;;;;;;;;;;;;;;;;;;;;;;;;;;;;;;;;;;;;;;;;;;;;;;;;;;;;;;;;;;;;;;;;;;;;;;;;;;;;;;;;;;;;;;;;;;;;;;;;;;;;;;;;;;;;;;;;;;;;;;;;;;;;;;;;;;;;;;;;;;;;;;;;;;;;;;;;;;;;;;;;;;;;;;;;;;;;;;;;;;;;;;;;;;;;;;;;;;;;;;;;;;;
27/01/2026;PARAGUAY - IMPORT;TRAFALGAR SRL;PARAGUAY;ERNESTO VENTOS S.A.;SPAIN;"29122990 - ALDEHYDES, WHETHER OR NOT WITH OTHER OXYGEN FUNCTION; CYCLIC PO(..) CYCLIC ALDEHYDES WITHOUT OTHER OXYGEN FUNCTION:OTHER OTHER";ALDEHIDOS, INCLUSO CON OTRAS FUNCIONES OXIGENADAS, LAS DEMAS, EN: 25 KG CONTENIENDO BENZALDEHYDE FCC / BENZALDEHYDE PG;25,00;KILOGRAMS;1.005,74;IMPORT;AIR;DECLARATIONS;ERNESTO VENTOS S.A.;;;;;;;;;;;;;;;;;;;;;;;;;;;;;;;;;;;;;;;;;;;;;;;;;;;;;;;;;;;;;;;;;;;;;;;;;;;;;;;;;;;;;;;;;;;;;;;;;;;;;;;;;;;;;;;;;;;;;;;;;;;;;;;;;;;;;;;;;;;;;;;;;;;;;;;;;;;;;;;;;;;;;;;;;;;;;;;;;;;;;;;;;;;;;;;;;;;;;;;;;;;;;;;;;;;;;;;;;;;;;;;;;;;;;;;;;;;;;;;;;;
27/01/2026;INDIA - DECLARATIONS EXPORTS;ERNESTO VENTOS;SPAIN;VENTOS INDIA PRIVATE LIMITED;INDIA;29061990 - CYCLIC ALCOHOLS AND THEIR HALOGENATED, SULPHONATED, NITRATED OR NITROSATED(..) CYCLANIC, CYCLENIC OR CYCLOTERPENIC:OTHER OTHER;NORLIMWOOD;3.060,00;KILOGRAMS;182.495,63;EXPORT;MARITIME;DECLARATIONS;VENTOS INDIA PRIVATE LIMITED;;;;;;;;;;;;;;;;;;;;;;;;;;;;;;;;;;;;;;;;;;;;;;;;;;;;;;;;;;;;;;;;;;;;;;;;;;;;;;;;;;;;;;;;;;;;;;;;;;;;;;;;;;;;;;;;;;;;;;;;;;;;;;;;;;;;;;;;;;;;;;;;;;;;;;;;;;;;;;;;;;;;;;;;;;;;;;;;;;;;;;;;;;;;;;;;;;;;;;;;;;;;;;;;;;;;;;;;;;;;;;;;;;;;;;;;;;;;;;;;;;
27/01/2026;INDIA - DECLARATIONS EXPORTS;ERNESTO VENTOS;SPAIN;VENTOS INDIA PRIVATE LIMITED;INDIA;29280090 - ORGANIC DERIVATIVES OF HYDRAZINE OR OF HYDROXYLAMINE. ORGANIC DERIVATIVES OF HYDRAZINE OR OF HYDROXYLAMINE. OTHER;HEPTOXIME (STEMONE);1.080,00;KILOGRAMS;12.459,69;EXPORT;MARITIME;DECLARATIONS;VENTOS INDIA PRIVATE LIMITED;;;;;;;;;;;;;;;;;;;;;;;;;;;;;;;;;;;;;;;;;;;;;;;;;;;;;;;;;;;;;;;;;;;;;;;;;;;;;;;;;;;;;;;;;;;;;;;;;;;;;;;;;;;;;;;;;;;;;;;;;;;;;;;;;;;;;;;;;;;;;;;;;;;;;;;;;;;;;;;;;;;;;;;;;;;;;;;;;;;;;;;;;;;;;;;;;;;;;;;;;;;;;;;;;;;;;;;;;;;;;;;;;;;;;;;;;;;;;;;;;;
27/01/2026;INDIA - DECLARATIONS EXPORTS;ERNESTO VENTOS;SPAIN;VENTOS INDIA PRIVATE LIMITED;INDIA;29161290 - UNSATURATED       AC(..) UNSATURATED ACYCLIC MONOCARBOXYLIC ACIDS, THEIR ANHYDRIDES, HALIDES, PEROXIDES, PEROXYACIDS AND(..) OTHER;PHENYL ETHYL PHENYLACETATE;6.200,00;KILOGRAMS;38.170,73;EXPORT;MARITIME;DECLARATIONS;VENTOS INDIA PRIVATE LIMITED;;;;;;;;;;;;;;;;;;;;;;;;;;;;;;;;;;;;;;;;;;;;;;;;;;;;;;;;;;;;;;;;;;;;;;;;;;;;;;;;;;;;;;;;;;;;;;;;;;;;;;;;;;;;;;;;;;;;;;;;;;;;;;;;;;;;;;;;;;;;;;;;;;;;;;;;;;;;;;;;;;;;;;;;;;;;;;;;;;;;;;;;;;;;;;;;;;;;;;;;;;;;;;;;;;;;;;;;;;;;;;;;;;;;;;;;;;;;;;;;;;
27/01/2026;INDIA - DECLARATIONS EXPORTS;ERNESTO VENTOS;SPAIN;VENTOS INDIA PRIVATE LIMITED;INDIA;29122910 - ALDEHYDES, WHETHER OR NOT WITH OTHER OXYGEN FUNCTIO(..) CYCLIC ALDEHYDES WITHOUT OTHER OXYGEN FUNCTION:OTHER CINNAMIC ALDEHYDE;5-METHYL-2-PHENYL-2-HEXENAL;100,00;KILOGRAMS;9.284,70;EXPORT;MARITIME;DECLARATIONS;VENTOS INDIA PRIVATE LIMITED;;;;;;;;;;;;;;;;;;;;;;;;;;;;;;;;;;;;;;;;;;;;;;;;;;;;;;;;;;;;;;;;;;;;;;;;;;;;;;;;;;;;;;;;;;;;;;;;;;;;;;;;;;;;;;;;;;;;;;;;;;;;;;;;;;;;;;;;;;;;;;;;;;;;;;;;;;;;;;;;;;;;;;;;;;;;;;;;;;;;;;;;;;;;;;;;;;;;;;;;;;;;;;;;;;;;;;;;;;;;;;;;;;;;;;;;;;;;;;;;;;
27/01/2026;INDIA - DECLARATIONS EXPORTS;ERNESTO VENTOS;SPAIN;VENTOS INDIA PRIVATE LIMITED;INDIA;29280090 - ORGANIC DERIVATIVES OF HYDRAZINE OR OF HYDROXYLAMINE. ORGANIC DERIVATIVES OF HYDRAZINE OR OF HYDROXYLAMINE. OTHER;HEPTOXIME (STEMONE;2.160,00;KILOGRAMS;24.919,35;EXPORT;MARITIME;DECLARATIONS;VENTOS INDIA PRIVATE LIMITED;;;;;;;;;;;;;;;;;;;;;;;;;;;;;;;;;;;;;;;;;;;;;;;;;;;;;;;;;;;;;;;;;;;;;;;;;;;;;;;;;;;;;;;;;;;;;;;;;;;;;;;;;;;;;;;;;;;;;;;;;;;;;;;;;;;;;;;;;;;;;;;;;;;;;;;;;;;;;;;;;;;;;;;;;;;;;;;;;;;;;;;;;;;;;;;;;;;;;;;;;;;;;;;;;;;;;;;;;;;;;;;;;;;;;;;;;;;;;;;;;;
27/01/2026;INDIA - DECLARATIONS EXPORTS;ERNESTO VENTOS;SPAIN;VENTOS INDIA PRIVATE LIMITED;INDIA;29122910 - ALDEHYDES, WHETHER OR NOT WITH OTHER OXYGEN FUNCTIO(..) CYCLIC ALDEHYDES WITHOUT OTHER OXYGEN FUNCTION:OTHER CINNAMIC ALDEHYDE;5-METHYL-2-PHENYL-2-HEXENAL;100,00;KILOGRAMS;8.307,36;EXPORT;MARITIME;DECLARATIONS;VENTOS INDIA PRIVATE LIMITED;;;;;;;;;;;;;;;;;;;;;;;;;;;;;;;;;;;;;;;;;;;;;;;;;;;;;;;;;;;;;;;;;;;;;;;;;;;;;;;;;;;;;;;;;;;;;;;;;;;;;;;;;;;;;;;;;;;;;;;;;;;;;;;;;;;;;;;;;;;;;;;;;;;;;;;;;;;;;;;;;;;;;;;;;;;;;;;;;;;;;;;;;;;;;;;;;;;;;;;;;;;;;;;;;;;;;;;;;;;;;;;;;;;;;;;;;;;;;;;;;;
27/01/2026;INDIA - DECLARATIONS EXPORTS;ERNESTO VENTOS;SPAIN;VENTOS INDIA PRIVATE LIMITED;INDIA;29280090 - ORGANIC DERIVATIVES OF HYDRAZINE OR OF HYDROXYLAMINE. ORGANIC DERIVATIVES OF HYDRAZINE OR OF HYDROXYLAMINE. OTHER;HEPTOXIME (STEMONE);1.800,00;KILOGRAMS;20.766,14;EXPORT;MARITIME;DECLARATIONS;VENTOS INDIA PRIVATE LIMITED;;;;;;;;;;;;;;;;;;;;;;;;;;;;;;;;;;;;;;;;;;;;;;;;;;;;;;;;;;;;;;;;;;;;;;;;;;;;;;;;;;;;;;;;;;;;;;;;;;;;;;;;;;;;;;;;;;;;;;;;;;;;;;;;;;;;;;;;;;;;;;;;;;;;;;;;;;;;;;;;;;;;;;;;;;;;;;;;;;;;;;;;;;;;;;;;;;;;;;;;;;;;;;;;;;;;;;;;;;;;;;;;;;;;;;;;;;;;;;;;;;
27/01/2026;INDIA - DECLARATIONS EXPORTS;ERNESTO VENTOS;SPAIN;VENTOS INDIA PRIVATE LIMITED;INDIA;29142990 - KETONES AND QUINONES, WHETHER OR NOT(..) CYCLANIC, CYCLENIC OR CYCLOTERPENIC KETONES WITHOUT OTHER OXYGEN FUNCTION:OTHER OTHER;ISOLONGIFOLANONE;2.520,00;KILOGRAMS;34.228,39;EXPORT;MARITIME;DECLARATIONS;VENTOS INDIA PRIVATE LIMITED;;;;;;;;;;;;;;;;;;;;;;;;;;;;;;;;;;;;;;;;;;;;;;;;;;;;;;;;;;;;;;;;;;;;;;;;;;;;;;;;;;;;;;;;;;;;;;;;;;;;;;;;;;;;;;;;;;;;;;;;;;;;;;;;;;;;;;;;;;;;;;;;;;;;;;;;;;;;;;;;;;;;;;;;;;;;;;;;;;;;;;;;;;;;;;;;;;;;;;;;;;;;;;;;;;;;;;;;;;;;;;;;;;;;;;;;;;;;;;;;;;
27/01/2026;INDIA - DECLARATIONS EXPORTS;ERNESTO VENTOS;SPAIN;VENTOS INDIA PRIVATE LIMITED;INDIA;29161290 - UNSATURATED       AC(..) UNSATURATED ACYCLIC MONOCARBOXYLIC ACIDS, THEIR ANHYDRIDES, HALIDES, PEROXIDES, PEROXYACIDS AND(..) OTHER;ETHYL SAFRANATE;200,00;KILOGRAMS;13.746,33;EXPORT;MARITIME;DECLARATIONS;VENTOS INDIA PRIVATE LIMITED;;;;;;;;;;;;;;;;;;;;;;;;;;;;;;;;;;;;;;;;;;;;;;;;;;;;;;;;;;;;;;;;;;;;;;;;;;;;;;;;;;;;;;;;;;;;;;;;;;;;;;;;;;;;;;;;;;;;;;;;;;;;;;;;;;;;;;;;;;;;;;;;;;;;;;;;;;;;;;;;;;;;;;;;;;;;;;;;;;;;;;;;;;;;;;;;;;;;;;;;;;;;;;;;;;;;;;;;;;;;;;;;;;;;;;;;;;;;;;;;;;
27/01/2026;INDIA - DECLARATIONS EXPORTS;ERNESTO VENTOS;SPAIN;VENTOS INDIA PRIVATE LIMITED;INDIA;"29122990 - ALDEHYDES, WHETHER OR NOT WITH OTHER OXYGEN FUNCTION; CYCLIC PO(..) CYCLIC ALDEHYDES WITHOUT OTHER OXYGEN FUNCTION:OTHER OTHER";SAFRANAL, FOOD GRADE;50,00;KILOGRAMS;8.603,68;EXPORT;MARITIME;DECLARATIONS;VENTOS INDIA PRIVATE LIMITED;;;;;;;;;;;;;;;;;;;;;;;;;;;;;;;;;;;;;;;;;;;;;;;;;;;;;;;;;;;;;;;;;;;;;;;;;;;;;;;;;;;;;;;;;;;;;;;;;;;;;;;;;;;;;;;;;;;;;;;;;;;;;;;;;;;;;;;;;;;;;;;;;;;;;;;;;;;;;;;;;;;;;;;;;;;;;;;;;;;;;;;;;;;;;;;;;;;;;;;;;;;;;;;;;;;;;;;;;;;;;;;;;;;;;;;;;;;;;;;;;;
27/01/2026;INDIA - DECLARATIONS EXPORTS;ERNESTO VENTOS;SPAIN;VENTOS INDIA PRIVATE LIMITED;INDIA;29061990 - CYCLIC ALCOHOLS AND THEIR HALOGENATED, SULPHONATED, NITRATED OR NITROSATED(..) CYCLANIC, CYCLENIC OR CYCLOTERPENIC:OTHER OTHER;SANDAL CORE;720,00;KILOGRAMS;11.685,35;EXPORT;MARITIME;DECLARATIONS;VENTOS INDIA PRIVATE LIMITED;;;;;;;;;;;;;;;;;;;;;;;;;;;;;;;;;;;;;;;;;;;;;;;;;;;;;;;;;;;;;;;;;;;;;;;;;;;;;;;;;;;;;;;;;;;;;;;;;;;;;;;;;;;;;;;;;;;;;;;;;;;;;;;;;;;;;;;;;;;;;;;;;;;;;;;;;;;;;;;;;;;;;;;;;;;;;;;;;;;;;;;;;;;;;;;;;;;;;;;;;;;;;;;;;;;;;;;;;;;;;;;;;;;;;;;;;;;;;;;;;;
27/01/2026;INDIA - DECLARATIONS EXPORTS;ERNESTO VENTOS;SPAIN;VENTOS INDIA PRIVATE LIMITED;INDIA;29151290 - SATURATED ACYCLIC MONOCARBOXYLIC ACIDS AND THEIR ANHYDRIDES, (..) FORMIC ACID, ITS SALTS AND ESTERS:SALTS OF FORMIC ACID OTHER;ACETIC ACID, NATURAL;2.000,00;KILOGRAMS;4.888,44;EXPORT;MARITIME;DECLARATIONS;VENTOS INDIA PRIVATE LIMITED;;;;;;;;;;;;;;;;;;;;;;;;;;;;;;;;;;;;;;;;;;;;;;;;;;;;;;;;;;;;;;;;;;;;;;;;;;;;;;;;;;;;;;;;;;;;;;;;;;;;;;;;;;;;;;;;;;;;;;;;;;;;;;;;;;;;;;;;;;;;;;;;;;;;;;;;;;;;;;;;;;;;;;;;;;;;;;;;;;;;;;;;;;;;;;;;;;;;;;;;;;;;;;;;;;;;;;;;;;;;;;;;;;;;;;;;;;;;;;;;;;
27/01/2026;INDIA - DECLARATIONS EXPORTS;ERNESTO VENTOS;SPAIN;VENTOS INDIA PRIVATE LIMITED;INDIA;29142990 - KETONES AND QUINONES, WHETHER OR NOT(..) CYCLANIC, CYCLENIC OR CYCLOTERPENIC KETONES WITHOUT OTHER OXYGEN FUNCTION:OTHER OTHER;ISOLONGIFOLANONE;2.200,00;KILOGRAMS;29.886,96;EXPORT;MARITIME;DECLARATIONS;VENTOS INDIA PRIVATE LIMITED;;;;;;;;;;;;;;;;;;;;;;;;;;;;;;;;;;;;;;;;;;;;;;;;;;;;;;;;;;;;;;;;;;;;;;;;;;;;;;;;;;;;;;;;;;;;;;;;;;;;;;;;;;;;;;;;;;;;;;;;;;;;;;;;;;;;;;;;;;;;;;;;;;;;;;;;;;;;;;;;;;;;;;;;;;;;;;;;;;;;;;;;;;;;;;;;;;;;;;;;;;;;;;;;;;;;;;;;;;;;;;;;;;;;;;;;;;;;;;;;;;
27/01/2026;ECUADOR - IMPORT;IMPORTACIONES Y REPRESENTACIONES AROMCOLOR SA;ECUADOR;ERNESTO VENTOS;ARGENTINA;2902190000 - CYCLIC HYDROCARBONS. CYCLANES, CYCLENES AND CYCLOTERPENES:OTHER;D LIMONENE;3.060,00;KILOGRAMS;39.735,97;IMPORT;MARITIME;DECLARATIONS;ERNESTO VENTS, S.A.;;;;;;;;;;;;;;;;;;;;;;;;;;;;;;;;;;;;;;;;;;;;;;;;;;;;;;;;;;;;;;;;;;;;;;;;;;;;;;;;;;;;;;;;;;;;;;;;;;;;;;;;;;;;;;;;;;;;;;;;;;;;;;;;;;;;;;;;;;;;;;;;;;;;;;;;;;;;;;;;;;;;;;;;;;;;;;;;;;;;;;;;;;;;;;;;;;;;;;;;;;;;;;;;;;;;;;;;;;;;;;;;;;;;;;;;;;;;;;;;;;
27/01/2026;COLOMBIA - IMPORT;VENTOS COLOMBIA S.A.S.;COLOMBIA;ERNESTO VENTOS;CHINA;3301299000 - ESSENTIAL OILS (TERPENELESS OR NOT), INCLUDING CONCRETES AND A(..) ESSENTIAL OILS OTHER THAN THOSE OF CITRUS FRUIT:OTHER OTHER;DO: 01260060,, DECLARACION 1 DE 1, // FACTURA: P30295, FECHA: 15-01-2026 MERCANCIA NUEVA. REGISTRO DE IMPORTACION NO. REG-50007344-20260114N. FECHA DE APROBACION 2026-01-14. FECHA DE VIGENCIA: 2026-07-14. VISTO BUENO INVIMA VINVIMA-26-0005318. DEL 2026-01-14. PRODUCTO: ANISE OIL, STAR, ORIGEN: SE OBTIENE PRINCIPALMENTE POR DESTILACI¿N POR ARRASTRE DE VAPOR DE AGUA DE LOS FRUTOS MADUROS Y SEMILLAS DEL ANIS ESTRELLADO, ASPECTO F¿SICO: LIQUIDO FLUIDO TRANSPARENTE/SOLIDO, FORMA DE PRESENTACI¿N Y EMPAQUE: 1 TAMBOR DE 200KG., USO: INGREDIENTE SECUNDARIO DE USO INDUSTRIAL PARA LA ELABORACION DE FRAGANCIAS POR PARTE DE LA INDUSTRIA INTERMEDIA Y NO ES DE CONSUMO DIRECTO. SECTOR AL CUAL VA DIRIGIDO: INDUSTRIA DE FRAGANCIAS., MARCA: VENTOS, REFERENCIA: SIN FERENCIA LOTE: L4657993. FECHA DE ELABORACION: NOVIEMBRE DE 2025. FECHA DE VENCIMIENTO: NOVIEMBRE 2027 PAIS DE ORIGEN: CHINA(215) 200 KILOGRAMO (ITEM 1);200,00;KILOGRAMS;4.311,62;IMPORT;AIR;DECLARATIONS;ERNESTO VENTOS S.A.;;;;;;;;;;;;;;;;;;;;;;;;;;;;;;;;;;;;;;;;;;;;;;;;;;;;;;;;;;;;;;;;;;;;;;;;;;;;;;;;;;;;;;;;;;;;;;;;;;;;;;;;;;;;;;;;;;;;;;;;;;;;;;;;;;;;;;;;;;;;;;;;;;;;;;;;;;;;;;;;;;;;;;;;;;;;;;;;;;;;;;;;;;;;;;;;;;;;;;;;;;;;;;;;;;;;;;;;;;;;;;;;;;;;;;;;;;;;;;;;;;
26/01/2026;UZBEKISTAN - IMPORT;"?? ""KOC CONSTRUCTION MEKANIK VE ELEKTRIK A.S."",";UZBEKISTAN;ERNESTO VENTOS S A;CHINA;8525811900 - TRANSMISSION      AP(..) TELEVISION CAMERAS, DIGITAL CAMERAS AND VIDEO CAMERA RECORDERS:HIGH-SPEED GOODS AS (..) TV CAMERAS: OTHER;;100,00;KILOGRAMS;5.784,57;IMPORT;NOT CLASSIFIED;DECLARATIONS;"""CTRADE GROUP LIMITED"",";;;;;;;;;;;;;;;;;;;;;;;;;;;;;;;;;;;;;;;;;;;;;;;;;;;;;;;;;;;;;;;;;;;;;;;;;;;;;;;;;;;;;;;;;;;;;;;;;;;;;;;;;;;;;;;;;;;;;;;;;;;;;;;;;;;;;;;;;;;;;;;;;;;;;;;;;;;;;;;;;;;;;;;;;;;;;;;;;;;;;;;;;;;;;;;;;;;;;;;;;;;;;;;;;;;;;;;;;;;;;;;;;;;;;;;;;;;;;;;;;;
26/01/2026;UZBEKISTAN - IMPORT;"?? ""KOC CONSTRUCTION MEKANIK VE ELEKTRIK A.S."",";UZBEKISTAN;ERNESTO VENTOS S A;CHINA;8525811900 - TRANSMISSION      AP(..) TELEVISION CAMERAS, DIGITAL CAMERAS AND VIDEO CAMERA RECORDERS:HIGH-SPEED GOODS AS (..) TV CAMERAS: OTHER;;27,00;KILOGRAMS;1.577,61;IMPORT;NOT CLASSIFIED;DECLARATIONS;"""CTRADE GROUP LIMITED"",";;;;;;;;;;;;;;;;;;;;;;;;;;;;;;;;;;;;;;;;;;;;;;;;;;;;;;;;;;;;;;;;;;;;;;;;;;;;;;;;;;;;;;;;;;;;;;;;;;;;;;;;;;;;;;;;;;;;;;;;;;;;;;;;;;;;;;;;;;;;;;;;;;;;;;;;;;;;;;;;;;;;;;;;;;;;;;;;;;;;;;;;;;;;;;;;;;;;;;;;;;;;;;;;;;;;;;;;;;;;;;;;;;;;;;;;;;;;;;;;;;
26/01/2026;UZBEKISTAN - IMPORT;"?? ""KOC CONSTRUCTION MEKANIK VE ELEKTRIK A.S."",";UZBEKISTAN;ERNESTO VENTOS S A;CHINA;7325999009 - OTHER CAST ARTICLES OF IRON OR STEEL. OTHER:OTHER OTHER: OTHER;;4,00;KILOGRAMS;405,00;IMPORT;NOT CLASSIFIED;DECLARATIONS;"""CTRADE GROUP LIMITED"",";;;;;;;;;;;;;;;;;;;;;;;;;;;;;;;;;;;;;;;;;;;;;;;;;;;;;;;;;;;;;;;;;;;;;;;;;;;;;;;;;;;;;;;;;;;;;;;;;;;;;;;;;;;;;;;;;;;;;;;;;;;;;;;;;;;;;;;;;;;;;;;;;;;;;;;;;;;;;;;;;;;;;;;;;;;;;;;;;;;;;;;;;;;;;;;;;;;;;;;;;;;;;;;;;;;;;;;;;;;;;;;;;;;;;;;;;;;;;;;;;;
26/01/2026;UZBEKISTAN - IMPORT;"?? ""KOC CONSTRUCTION MEKANIK VE ELEKTRIK A.S."",";UZBEKISTAN;ERNESTO VENTOS S A;CHINA;"8528599000 - MONITORS    AND PROJECTORS, NOT INCORPORATING TELEVISION RECEPTION APPARATUS; RECEPTION APPARA(..) OTHER MONITORS:OTHER COLOUR";;26,00;KILOGRAMS;1.886,50;IMPORT;NOT CLASSIFIED;DECLARATIONS;"""CTRADE GROUP LIMITED"",";;;;;;;;;;;;;;;;;;;;;;;;;;;;;;;;;;;;;;;;;;;;;;;;;;;;;;;;;;;;;;;;;;;;;;;;;;;;;;;;;;;;;;;;;;;;;;;;;;;;;;;;;;;;;;;;;;;;;;;;;;;;;;;;;;;;;;;;;;;;;;;;;;;;;;;;;;;;;;;;;;;;;;;;;;;;;;;;;;;;;;;;;;;;;;;;;;;;;;;;;;;;;;;;;;;;;;;;;;;;;;;;;;;;;;;;;;;;;;;;;;
26/01/2026;UZBEKISTAN - IMPORT;"?? ""KOC CONSTRUCTION MEKANIK VE ELEKTRIK A.S."",";UZBEKISTAN;ERNESTO VENTOS S A;CHINA;"8543708009 - ELECTRICAL MACHINES AND APPARATUS, HAVING INDIVIDUAL FUNCTIONS, NOT SPECIFIED OR INCLUD(..) OTHER MACHINES AND APPARATUS OTHER; 8543708009";;2,66;KILOGRAMS;1.125,00;IMPORT;NOT CLASSIFIED;DECLARATIONS;"""CTRADE GROUP LIMITED"",";;;;;;;;;;;;;;;;;;;;;;;;;;;;;;;;;;;;;;;;;;;;;;;;;;;;;;;;;;;;;;;;;;;;;;;;;;;;;;;;;;;;;;;;;;;;;;;;;;;;;;;;;;;;;;;;;;;;;;;;;;;;;;;;;;;;;;;;;;;;;;;;;;;;;;;;;;;;;;;;;;;;;;;;;;;;;;;;;;;;;;;;;;;;;;;;;;;;;;;;;;;;;;;;;;;;;;;;;;;;;;;;;;;;;;;;;;;;;;;;;;
26/01/2026;UZBEKISTAN - IMPORT;"?? ""KOC CONSTRUCTION MEKANIK VE ELEKTRIK A.S."",";UZBEKISTAN;ERNESTO VENTOS S A;CHINA;"8543708009 - ELECTRICAL MACHINES AND APPARATUS, HAVING INDIVIDUAL FUNCTIONS, NOT SPECIFIED OR INCLUD(..) OTHER MACHINES AND APPARATUS OTHER; 8543708009";;1,44;KILOGRAMS;880,00;IMPORT;NOT CLASSIFIED;DECLARATIONS;"""CTRADE GROUP LIMITED"",";;;;;;;;;;;;;;;;;;;;;;;;;;;;;;;;;;;;;;;;;;;;;;;;;;;;;;;;;;;;;;;;;;;;;;;;;;;;;;;;;;;;;;;;;;;;;;;;;;;;;;;;;;;;;;;;;;;;;;;;;;;;;;;;;;;;;;;;;;;;;;;;;;;;;;;;;;;;;;;;;;;;;;;;;;;;;;;;;;;;;;;;;;;;;;;;;;;;;;;;;;;;;;;;;;;;;;;;;;;;;;;;;;;;;;;;;;;;;;;;;;
26/01/2026;UZBEKISTAN - IMPORT;"?? ""KOC CONSTRUCTION MEKANIK VE ELEKTRIK A.S."",";UZBEKISTAN;ERNESTO VENTOS S A;CHINA;8523494500 - DISCS, TAPES, SOLID-(..) OPTICAL MEDIA:OTHER DISCS FOR LASER READING SYSTEMS: OTHER: FOR REPRODUCING OF COMMANDS, DATA, SOUND (..);;2,68;KILOGRAMS;2.895,00;IMPORT;NOT CLASSIFIED;DECLARATIONS;"""CTRADE GROUP LIMITED"",";;;;;;;;;;;;;;;;;;;;;;;;;;;;;;;;;;;;;;;;;;;;;;;;;;;;;;;;;;;;;;;;;;;;;;;;;;;;;;;;;;;;;;;;;;;;;;;;;;;;;;;;;;;;;;;;;;;;;;;;;;;;;;;;;;;;;;;;;;;;;;;;;;;;;;;;;;;;;;;;;;;;;;;;;;;;;;;;;;;;;;;;;;;;;;;;;;;;;;;;;;;;;;;;;;;;;;;;;;;;;;;;;;;;;;;;;;;;;;;;;;
26/01/2026;UZBEKISTAN - IMPORT;"?? ""KOC CONSTRUCTION MEKANIK VE ELEKTRIK A.S."",";UZBEKISTAN;ERNESTO VENTOS S A;CHINA;"8301409000 - PADLOCKS AND LOCKS (KEY, COMBINATION OR ELECTRICALLY OPERATED), OF BASE METAL; CLASPS AND FRAMES W(..) OTHER LOCKS OTHER LOCKS";;789,70;KILOGRAMS;2.606,01;IMPORT;NOT CLASSIFIED;DECLARATIONS;"""CTRADE GROUP LIMITED"",";;;;;;;;;;;;;;;;;;;;;;;;;;;;;;;;;;;;;;;;;;;;;;;;;;;;;;;;;;;;;;;;;;;;;;;;;;;;;;;;;;;;;;;;;;;;;;;;;;;;;;;;;;;;;;;;;;;;;;;;;;;;;;;;;;;;;;;;;;;;;;;;;;;;;;;;;;;;;;;;;;;;;;;;;;;;;;;;;;;;;;;;;;;;;;;;;;;;;;;;;;;;;;;;;;;;;;;;;;;;;;;;;;;;;;;;;;;;;;;;;;
26/01/2026;UZBEKISTAN - IMPORT;"?? ""KOC CONSTRUCTION MEKANIK VE ELEKTRIK A.S."",";UZBEKISTAN;ERNESTO VENTOS S A;CHINA;9403208009 - OTHER FURNITURE AND PARTS THEREOF. OTHER METAL FURNITURE OTHER: OTHER;;52,60;KILOGRAMS;2.750,28;IMPORT;NOT CLASSIFIED;DECLARATIONS;"""CTRADE GROUP LIMITED"",";;;;;;;;;;;;;;;;;;;;;;;;;;;;;;;;;;;;;;;;;;;;;;;;;;;;;;;;;;;;;;;;;;;;;;;;;;;;;;;;;;;;;;;;;;;;;;;;;;;;;;;;;;;;;;;;;;;;;;;;;;;;;;;;;;;;;;;;;;;;;;;;;;;;;;;;;;;;;;;;;;;;;;;;;;;;;;;;;;;;;;;;;;;;;;;;;;;;;;;;;;;;;;;;;;;;;;;;;;;;;;;;;;;;;;;;;;;;;;;;;;
26/01/2026;UZBEKISTAN - IMPORT;"?? ""KOC CONSTRUCTION MEKANIK VE ELEKTRIK A.S."",";UZBEKISTAN;ERNESTO VENTOS S A;CHINA;9403208009 - OTHER FURNITURE AND PARTS THEREOF. OTHER METAL FURNITURE OTHER: OTHER;;16,00;KILOGRAMS;1.293,96;IMPORT;NOT CLASSIFIED;DECLARATIONS;"""CTRADE GROUP LIMITED"",";;;;;;;;;;;;;;;;;;;;;;;;;;;;;;;;;;;;;;;;;;;;;;;;;;;;;;;;;;;;;;;;;;;;;;;;;;;;;;;;;;;;;;;;;;;;;;;;;;;;;;;;;;;;;;;;;;;;;;;;;;;;;;;;;;;;;;;;;;;;;;;;;;;;;;;;;;;;;;;;;;;;;;;;;;;;;;;;;;;;;;;;;;;;;;;;;;;;;;;;;;;;;;;;;;;;;;;;;;;;;;;;;;;;;;;;;;;;;;;;;;
26/01/2026;UZBEKISTAN - IMPORT;"?? ""KOC CONSTRUCTION MEKANIK VE ELEKTRIK A.S."",";UZBEKISTAN;ERNESTO VENTOS S A;CHINA;9403208009 - OTHER FURNITURE AND PARTS THEREOF. OTHER METAL FURNITURE OTHER: OTHER;;33,30;KILOGRAMS;2.366,52;IMPORT;NOT CLASSIFIED;DECLARATIONS;"""CTRADE GROUP LIMITED"",";;;;;;;;;;;;;;;;;;;;;;;;;;;;;;;;;;;;;;;;;;;;;;;;;;;;;;;;;;;;;;;;;;;;;;;;;;;;;;;;;;;;;;;;;;;;;;;;;;;;;;;;;;;;;;;;;;;;;;;;;;;;;;;;;;;;;;;;;;;;;;;;;;;;;;;;;;;;;;;;;;;;;;;;;;;;;;;;;;;;;;;;;;;;;;;;;;;;;;;;;;;;;;;;;;;;;;;;;;;;;;;;;;;;;;;;;;;;;;;;;;
23/01/2026;INDIA - DECLARATIONS EXPORTS;ERNESTO VENTOS;SPAIN;SOM EXTRACTS LIMITED;INDIA;33012990 - ESSENTIAL OILS (TERPENELESS OR NOT), INCLUDING CONCRETES AND A(..) ESSENTIAL OILS OTHER THAN THOSE OF CITRUS FRUIT:OTHER OTHER;CYPRIOL OIL , LOT NO.271225, MFG DT : DEC, 2025, EXP DT: DEC, 2027;200,00;KILOGRAMS;47.642,14;EXPORT;AIR;DECLARATIONS;SOM EXTRACTS LIMITED;;;;;;;;;;;;;;;;;;;;;;;;;;;;;;;;;;;;;;;;;;;;;;;;;;;;;;;;;;;;;;;;;;;;;;;;;;;;;;;;;;;;;;;;;;;;;;;;;;;;;;;;;;;;;;;;;;;;;;;;;;;;;;;;;;;;;;;;;;;;;;;;;;;;;;;;;;;;;;;;;;;;;;;;;;;;;;;;;;;;;;;;;;;;;;;;;;;;;;;;;;;;;;;;;;;;;;;;;;;;;;;;;;;;;;;;;;;;;;;;;;
23/01/2026;ECUADOR - IMPORT;FLORASINTESIS FRAGANCIAS Y AROMAS CIA. LTDA;ECUADOR;ERNESTO VENTOS DHL EXPRESS MIA;SPAIN;9807204000 -   SAMPLES WITHOUT COMMERCIAL VALUE;MUESTRA DE ACEITES ESENCIALES 2 PCS;0,50;KILOGRAMS;4,29;IMPORT;AIR;DECLARATIONS;ERNESTO VENTOS S.A.-DHL EXPRESS USA (MIA);;;;;;;;;;;;;;;;;;;;;;;;;;;;;;;;;;;;;;;;;;;;;;;;;;;;;;;;;;;;;;;;;;;;;;;;;;;;;;;;;;;;;;;;;;;;;;;;;;;;;;;;;;;;;;;;;;;;;;;;;;;;;;;;;;;;;;;;;;;;;;;;;;;;;;;;;;;;;;;;;;;;;;;;;;;;;;;;;;;;;;;;;;;;;;;;;;;;;;;;;;;;;;;;;;;;;;;;;;;;;;;;;;;;;;;;;;;;;;;;;;
21/01/2026;PAKISTAN - IMPORT;FRANSCENT (PRIVATE) LIMITED;PAKISTAN;ERNESTO VENTOS S.A;SPAIN;"29252990 - CARBOXYIMIDE -FUNCTI(..) IMINES AND THEIR DERIVATIVES; SALTS THEREO(..) IMINES AND THEIR DERIVATIVES; SALTS THEREOF : OTHER: OTHER";SALICYNALVA IFF (AROMATIC CHEMICALS);132,00;KILOGRAMS;11.403,26;IMPORT;NOT DECLARED;DECLARATIONS;ERNESTO VENTOS S.A;;;;;;;;;;;;;;;;;;;;;;;;;;;;;;;;;;;;;;;;;;;;;;;;;;;;;;;;;;;;;;;;;;;;;;;;;;;;;;;;;;;;;;;;;;;;;;;;;;;;;;;;;;;;;;;;;;;;;;;;;;;;;;;;;;;;;;;;;;;;;;;;;;;;;;;;;;;;;;;;;;;;;;;;;;;;;;;;;;;;;;;;;;;;;;;;;;;;;;;;;;;;;;;;;;;;;;;;;;;;;;;;;;;;;;;;;;;;;;;;;;
21/01/2026;MEXICO - PEDIMENTOS IMPORTS;VENTOS, ESENCIAS Y QUIMICOS SA DE CV;MEXICO;ERNESTO VENTOS, S.A;SPAIN;2905199999 - ACYCLIC ALCOHOLS AND THEIR HALOGENATED, SULPHONATED, NITRATED OR NITROSAT(..) SATURATED MONOHYDRIC ALCOHOLS:OTHER OTHER: OTHER;TETRAHIDROMIRCENO;1.360,00;KILOGRAMS;18.009,47;IMPORT;MARITIME;DECLARATIONS;ERNESTO VENTOS, S.A.;;;;;;;;;;;;;;;;;;;;;;;;;;;;;;;;;;;;;;;;;;;;;;;;;;;;;;;;;;;;;;;;;;;;;;;;;;;;;;;;;;;;;;;;;;;;;;;;;;;;;;;;;;;;;;;;;;;;;;;;;;;;;;;;;;;;;;;;;;;;;;;;;;;;;;;;;;;;;;;;;;;;;;;;;;;;;;;;;;;;;;;;;;;;;;;;;;;;;;;;;;;;;;;;;;;;;;;;;;;;;;;;;;;;;;;;;;;;;;;;;;
21/01/2026;INDIA - DECLARATIONS EXPORTS;ERNESTO VENTOS;SPAIN;VENTOS INDIA PRIVATE LIMITED;INDIA;29161290 - UNSATURATED       AC(..) UNSATURATED ACYCLIC MONOCARBOXYLIC ACIDS, THEIR ANHYDRIDES, HALIDES, PEROXIDES, PEROXYACIDS AND(..) OTHER;PHENYL ETHYL PHENYLACETATE;6.200,00;KILOGRAMS;38.170,05;EXPORT;MARITIME;DECLARATIONS;VENTOS INDIA PRIVATE LIMITED;;;;;;;;;;;;;;;;;;;;;;;;;;;;;;;;;;;;;;;;;;;;;;;;;;;;;;;;;;;;;;;;;;;;;;;;;;;;;;;;;;;;;;;;;;;;;;;;;;;;;;;;;;;;;;;;;;;;;;;;;;;;;;;;;;;;;;;;;;;;;;;;;;;;;;;;;;;;;;;;;;;;;;;;;;;;;;;;;;;;;;;;;;;;;;;;;;;;;;;;;;;;;;;;;;;;;;;;;;;;;;;;;;;;;;;;;;;;;;;;;;
21/01/2026;INDIA - DECLARATIONS EXPORTS;ERNESTO VENTOS;SPAIN;VENTOS INDIA PRIVATE LIMITED;INDIA;29122910 - ALDEHYDES, WHETHER OR NOT WITH OTHER OXYGEN FUNCTIO(..) CYCLIC ALDEHYDES WITHOUT OTHER OXYGEN FUNCTION:OTHER CINNAMIC ALDEHYDE;5-METHYL-2-PHENYL-2-HEXENAL;100,00;KILOGRAMS;9.284,53;EXPORT;MARITIME;DECLARATIONS;VENTOS INDIA PRIVATE LIMITED;;;;;;;;;;;;;;;;;;;;;;;;;;;;;;;;;;;;;;;;;;;;;;;;;;;;;;;;;;;;;;;;;;;;;;;;;;;;;;;;;;;;;;;;;;;;;;;;;;;;;;;;;;;;;;;;;;;;;;;;;;;;;;;;;;;;;;;;;;;;;;;;;;;;;;;;;;;;;;;;;;;;;;;;;;;;;;;;;;;;;;;;;;;;;;;;;;;;;;;;;;;;;;;;;;;;;;;;;;;;;;;;;;;;;;;;;;;;;;;;;;
21/01/2026;INDIA - DECLARATIONS EXPORTS;ERNESTO VENTOS;SPAIN;VENTOS INDIA PRIVATE LIMITED;INDIA;29280090 - ORGANIC DERIVATIVES OF HYDRAZINE OR OF HYDROXYLAMINE. ORGANIC DERIVATIVES OF HYDRAZINE OR OF HYDROXYLAMINE. OTHER;HEPTOXIME (STEMONE;2.160,00;KILOGRAMS;24.918,92;EXPORT;MARITIME;DECLARATIONS;VENTOS INDIA PRIVATE LIMITED;;;;;;;;;;;;;;;;;;;;;;;;;;;;;;;;;;;;;;;;;;;;;;;;;;;;;;;;;;;;;;;;;;;;;;;;;;;;;;;;;;;;;;;;;;;;;;;;;;;;;;;;;;;;;;;;;;;;;;;;;;;;;;;;;;;;;;;;;;;;;;;;;;;;;;;;;;;;;;;;;;;;;;;;;;;;;;;;;;;;;;;;;;;;;;;;;;;;;;;;;;;;;;;;;;;;;;;;;;;;;;;;;;;;;;;;;;;;;;;;;;
21/01/2026;INDIA - DECLARATIONS EXPORTS;ERNESTO VENTOS;SPAIN;VENTOS INDIA PRIVATE LIMITED;INDIA;29122910 - ALDEHYDES, WHETHER OR NOT WITH OTHER OXYGEN FUNCTIO(..) CYCLIC ALDEHYDES WITHOUT OTHER OXYGEN FUNCTION:OTHER CINNAMIC ALDEHYDE;5-METHYL-2-PHENYL-2-HEXENAL;100,00;KILOGRAMS;8.307,22;EXPORT;MARITIME;DECLARATIONS;VENTOS INDIA PRIVATE LIMITED;;;;;;;;;;;;;;;;;;;;;;;;;;;;;;;;;;;;;;;;;;;;;;;;;;;;;;;;;;;;;;;;;;;;;;;;;;;;;;;;;;;;;;;;;;;;;;;;;;;;;;;;;;;;;;;;;;;;;;;;;;;;;;;;;;;;;;;;;;;;;;;;;;;;;;;;;;;;;;;;;;;;;;;;;;;;;;;;;;;;;;;;;;;;;;;;;;;;;;;;;;;;;;;;;;;;;;;;;;;;;;;;;;;;;;;;;;;;;;;;;;
21/01/2026;INDIA - DECLARATIONS EXPORTS;ERNESTO VENTOS;SPAIN;VENTOS INDIA PRIVATE LIMITED;INDIA;29280090 - ORGANIC DERIVATIVES OF HYDRAZINE OR OF HYDROXYLAMINE. ORGANIC DERIVATIVES OF HYDRAZINE OR OF HYDROXYLAMINE. OTHER;HEPTOXIME (STEMONE);1.800,00;KILOGRAMS;20.765,78;EXPORT;MARITIME;DECLARATIONS;VENTOS INDIA PRIVATE LIMITED;;;;;;;;;;;;;;;;;;;;;;;;;;;;;;;;;;;;;;;;;;;;;;;;;;;;;;;;;;;;;;;;;;;;;;;;;;;;;;;;;;;;;;;;;;;;;;;;;;;;;;;;;;;;;;;;;;;;;;;;;;;;;;;;;;;;;;;;;;;;;;;;;;;;;;;;;;;;;;;;;;;;;;;;;;;;;;;;;;;;;;;;;;;;;;;;;;;;;;;;;;;;;;;;;;;;;;;;;;;;;;;;;;;;;;;;;;;;;;;;;;
21/01/2026;INDIA - DECLARATIONS EXPORTS;ERNESTO VENTOS;SPAIN;VENTOS INDIA PRIVATE LIMITED;INDIA;29142990 - KETONES AND QUINONES, WHETHER OR NOT(..) CYCLANIC, CYCLENIC OR CYCLOTERPENIC KETONES WITHOUT OTHER OXYGEN FUNCTION:OTHER OTHER;ISOLONGIFOLANONE;2.520,00;KILOGRAMS;34.227,79;EXPORT;MARITIME;DECLARATIONS;VENTOS INDIA PRIVATE LIMITED;;;;;;;;;;;;;;;;;;;;;;;;;;;;;;;;;;;;;;;;;;;;;;;;;;;;;;;;;;;;;;;;;;;;;;;;;;;;;;;;;;;;;;;;;;;;;;;;;;;;;;;;;;;;;;;;;;;;;;;;;;;;;;;;;;;;;;;;;;;;;;;;;;;;;;;;;;;;;;;;;;;;;;;;;;;;;;;;;;;;;;;;;;;;;;;;;;;;;;;;;;;;;;;;;;;;;;;;;;;;;;;;;;;;;;;;;;;;;;;;;;
21/01/2026;INDIA - DECLARATIONS EXPORTS;ERNESTO VENTOS;SPAIN;VENTOS INDIA PRIVATE LIMITED;INDIA;29161290 - UNSATURATED       AC(..) UNSATURATED ACYCLIC MONOCARBOXYLIC ACIDS, THEIR ANHYDRIDES, HALIDES, PEROXIDES, PEROXYACIDS AND(..) OTHER;ETHYL SAFRANATE;200,00;KILOGRAMS;13.746,09;EXPORT;MARITIME;DECLARATIONS;VENTOS INDIA PRIVATE LIMITED;;;;;;;;;;;;;;;;;;;;;;;;;;;;;;;;;;;;;;;;;;;;;;;;;;;;;;;;;;;;;;;;;;;;;;;;;;;;;;;;;;;;;;;;;;;;;;;;;;;;;;;;;;;;;;;;;;;;;;;;;;;;;;;;;;;;;;;;;;;;;;;;;;;;;;;;;;;;;;;;;;;;;;;;;;;;;;;;;;;;;;;;;;;;;;;;;;;;;;;;;;;;;;;;;;;;;;;;;;;;;;;;;;;;;;;;;;;;;;;;;;
21/01/2026;INDIA - DECLARATIONS EXPORTS;ERNESTO VENTOS;SPAIN;VENTOS INDIA PRIVATE LIMITED;INDIA;"29122990 - ALDEHYDES, WHETHER OR NOT WITH OTHER OXYGEN FUNCTION; CYCLIC PO(..) CYCLIC ALDEHYDES WITHOUT OTHER OXYGEN FUNCTION:OTHER OTHER";SAFRANAL, FOOD GRADE;50,00;KILOGRAMS;8.603,53;EXPORT;MARITIME;DECLARATIONS;VENTOS INDIA PRIVATE LIMITED;;;;;;;;;;;;;;;;;;;;;;;;;;;;;;;;;;;;;;;;;;;;;;;;;;;;;;;;;;;;;;;;;;;;;;;;;;;;;;;;;;;;;;;;;;;;;;;;;;;;;;;;;;;;;;;;;;;;;;;;;;;;;;;;;;;;;;;;;;;;;;;;;;;;;;;;;;;;;;;;;;;;;;;;;;;;;;;;;;;;;;;;;;;;;;;;;;;;;;;;;;;;;;;;;;;;;;;;;;;;;;;;;;;;;;;;;;;;;;;;;;
21/01/2026;INDIA - DECLARATIONS EXPORTS;ERNESTO VENTOS;SPAIN;VENTOS INDIA PRIVATE LIMITED;INDIA;29061990 - CYCLIC ALCOHOLS AND THEIR HALOGENATED, SULPHONATED, NITRATED OR NITROSATED(..) CYCLANIC, CYCLENIC OR CYCLOTERPENIC:OTHER OTHER;SANDAL CORE;720,00;KILOGRAMS;11.685,15;EXPORT;MARITIME;DECLARATIONS;VENTOS INDIA PRIVATE LIMITED;;;;;;;;;;;;;;;;;;;;;;;;;;;;;;;;;;;;;;;;;;;;;;;;;;;;;;;;;;;;;;;;;;;;;;;;;;;;;;;;;;;;;;;;;;;;;;;;;;;;;;;;;;;;;;;;;;;;;;;;;;;;;;;;;;;;;;;;;;;;;;;;;;;;;;;;;;;;;;;;;;;;;;;;;;;;;;;;;;;;;;;;;;;;;;;;;;;;;;;;;;;;;;;;;;;;;;;;;;;;;;;;;;;;;;;;;;;;;;;;;;
21/01/2026;INDIA - DECLARATIONS EXPORTS;ERNESTO VENTOS;SPAIN;VENTOS INDIA PRIVATE LIMITED;INDIA;29151290 - SATURATED ACYCLIC MONOCARBOXYLIC ACIDS AND THEIR ANHYDRIDES, (..) FORMIC ACID, ITS SALTS AND ESTERS:SALTS OF FORMIC ACID OTHER;ACETIC ACID, NATURAL;2.000,00;KILOGRAMS;4.888,35;EXPORT;MARITIME;DECLARATIONS;VENTOS INDIA PRIVATE LIMITED;;;;;;;;;;;;;;;;;;;;;;;;;;;;;;;;;;;;;;;;;;;;;;;;;;;;;;;;;;;;;;;;;;;;;;;;;;;;;;;;;;;;;;;;;;;;;;;;;;;;;;;;;;;;;;;;;;;;;;;;;;;;;;;;;;;;;;;;;;;;;;;;;;;;;;;;;;;;;;;;;;;;;;;;;;;;;;;;;;;;;;;;;;;;;;;;;;;;;;;;;;;;;;;;;;;;;;;;;;;;;;;;;;;;;;;;;;;;;;;;;;
21/01/2026;INDIA - DECLARATIONS EXPORTS;ERNESTO VENTOS;SPAIN;VENTOS INDIA PRIVATE LIMITED;INDIA;29142990 - KETONES AND QUINONES, WHETHER OR NOT(..) CYCLANIC, CYCLENIC OR CYCLOTERPENIC KETONES WITHOUT OTHER OXYGEN FUNCTION:OTHER OTHER;ISOLONGIFOLANONE;2.200,00;KILOGRAMS;29.886,44;EXPORT;MARITIME;DECLARATIONS;VENTOS INDIA PRIVATE LIMITED;;;;;;;;;;;;;;;;;;;;;;;;;;;;;;;;;;;;;;;;;;;;;;;;;;;;;;;;;;;;;;;;;;;;;;;;;;;;;;;;;;;;;;;;;;;;;;;;;;;;;;;;;;;;;;;;;;;;;;;;;;;;;;;;;;;;;;;;;;;;;;;;;;;;;;;;;;;;;;;;;;;;;;;;;;;;;;;;;;;;;;;;;;;;;;;;;;;;;;;;;;;;;;;;;;;;;;;;;;;;;;;;;;;;;;;;;;;;;;;;;;
21/01/2026;INDIA - DECLARATIONS EXPORTS;ERNESTO VENTOS;SPAIN;VENTOS INDIA PRIVATE LIMITED;INDIA;29061990 - CYCLIC ALCOHOLS AND THEIR HALOGENATED, SULPHONATED, NITRATED OR NITROSATED(..) CYCLANIC, CYCLENIC OR CYCLOTERPENIC:OTHER OTHER;NORLIMWOOD;3.060,00;KILOGRAMS;182.492,42;EXPORT;MARITIME;DECLARATIONS;VENTOS INDIA PRIVATE LIMITED;;;;;;;;;;;;;;;;;;;;;;;;;;;;;;;;;;;;;;;;;;;;;;;;;;;;;;;;;;;;;;;;;;;;;;;;;;;;;;;;;;;;;;;;;;;;;;;;;;;;;;;;;;;;;;;;;;;;;;;;;;;;;;;;;;;;;;;;;;;;;;;;;;;;;;;;;;;;;;;;;;;;;;;;;;;;;;;;;;;;;;;;;;;;;;;;;;;;;;;;;;;;;;;;;;;;;;;;;;;;;;;;;;;;;;;;;;;;;;;;;;
21/01/2026;INDIA - DECLARATIONS EXPORTS;ERNESTO VENTOS;SPAIN;VENTOS INDIA PRIVATE LIMITED;INDIA;29280090 - ORGANIC DERIVATIVES OF HYDRAZINE OR OF HYDROXYLAMINE. ORGANIC DERIVATIVES OF HYDRAZINE OR OF HYDROXYLAMINE. OTHER;HEPTOXIME (STEMONE);1.080,00;KILOGRAMS;12.459,47;EXPORT;MARITIME;DECLARATIONS;VENTOS INDIA PRIVATE LIMITED;;;;;;;;;;;;;;;;;;;;;;;;;;;;;;;;;;;;;;;;;;;;;;;;;;;;;;;;;;;;;;;;;;;;;;;;;;;;;;;;;;;;;;;;;;;;;;;;;;;;;;;;;;;;;;;;;;;;;;;;;;;;;;;;;;;;;;;;;;;;;;;;;;;;;;;;;;;;;;;;;;;;;;;;;;;;;;;;;;;;;;;;;;;;;;;;;;;;;;;;;;;;;;;;;;;;;;;;;;;;;;;;;;;;;;;;;;;;;;;;;;
21/01/2026;COLOMBIA - IMPORT;VENTOS COLOMBIA S.A.S.;COLOMBIA;ERNESTO VENTOS;BRAZIL;2905199000 - ACYCLIC ALCOHOLS AND THEIR HALOGENATED, SULPHONATED, NITRATED OR NITROSATED DERI(..) SATURATED MONOHYDRIC ALCOHOLS:OTHER OTHER;DO: 01260059,, DECLARACION 1 DE 1, // FACTURA: P30195, FECHA: 12-01-2026 MERCANCIA NUEVA. SIN REGISTRO DE IMPORTACION SEG¿N ARTICULO 25 DEL DECRETO 0925 DE MAYO 9 DE 2013. NO REQUIERE DE REGISTRO DE IMPORTACION POR TRATARSE DE MATERIA PRIMA DE USO INDUSTRIAL PARA HACER OTRA MATERIA PRIMA, POR TANTO NO NECESITA DE VISTO BUENO POR PARTE DEL INVIMA PRODUCTO: 3-METIL-1-BUTANOL, NOMBRE COMERCIAL: ISOAMYL ALCOHOL NATURAL, NO. CAS (N¿MERO DE REGISTRO DEL CHEMICAL ABSTRACTS SERVICE): 123-51-3, CALIDAD: FD&C AL 100%, ASPECTO F¿SICO: LIQUIDO FLUIDO TRANSPARENE, CONCENTRACI¿N: AL 100%, TIPO DE EMPAQUE: 4 TAMBORES PLASTICOS DE 25KG. CADA UNO., USO: INGREDIENTE SECUNDARIO DE USO INDUSTRIAL PARALA ELABORACION DE FRAGANCIAS POR PARTE DE LA INDUSTRIA INTERMEDIA. Y NO SON PRODUCTOS DE USO DIRECTO., MARCA: VENTOS LOTE: L4651146. FECHA DE ELABORACION: NOVIEMBRE DE 2025. FECHA DE VENCIMIENTO: NOVIEMBRE 2027. MERCANCIA PELIGROSA UN 1105 3 III PAIS DE ORIGEN: BRASIL(105) 100 KILOGRAMO (ITEM 1);100,00;KILOGRAMS;1.099,78;IMPORT;AIR;DECLARATIONS;ERNESTO VENTOS S.A.;;;;;;;;;;;;;;;;;;;;;;;;;;;;;;;;;;;;;;;;;;;;;;;;;;;;;;;;;;;;;;;;;;;;;;;;;;;;;;;;;;;;;;;;;;;;;;;;;;;;;;;;;;;;;;;;;;;;;;;;;;;;;;;;;;;;;;;;;;;;;;;;;;;;;;;;;;;;;;;;;;;;;;;;;;;;;;;;;;;;;;;;;;;;;;;;;;;;;;;;;;;;;;;;;;;;;;;;;;;;;;;;;;;;;;;;;;;;;;;;;;
20/01/2026;PAKISTAN - IMPORT;STANDARD PVT;PAKISTAN;ERNESTO VENTOS S.A;CHINA;29329990 - HETEROCYCLIC COMPOUNDS WITH OXYGEN HETERO-ATOM(S) ONLY. OTHER:OTHER OTHER: OTHER: OTHER;HELIOVEN (HELIONAL) (QTY: 50 KGS);50,00;KILOGRAMS;818,03;IMPORT;NOT DECLARED;DECLARATIONS;ERNESTO VENTOS S.A;;;;;;;;;;;;;;;;;;;;;;;;;;;;;;;;;;;;;;;;;;;;;;;;;;;;;;;;;;;;;;;;;;;;;;;;;;;;;;;;;;;;;;;;;;;;;;;;;;;;;;;;;;;;;;;;;;;;;;;;;;;;;;;;;;;;;;;;;;;;;;;;;;;;;;;;;;;;;;;;;;;;;;;;;;;;;;;;;;;;;;;;;;;;;;;;;;;;;;;;;;;;;;;;;;;;;;;;;;;;;;;;;;;;;;;;;;;;;;;;;;
20/01/2026;PAKISTAN - IMPORT;STANDARD PVT;PAKISTAN;ERNESTO VENTOS S.A;CHINA;29163990 - UNSATURATED       AC(..) AROMATIC MONOCARBOXY(..) AROMATIC MONOCARBOXYLIC ACIDS, THEIR ANHYDRIDES, HALIDES, PEROXIDES, PEROXYACIDS(..);PARA-CRESYL PHENYLACETATE (QTY: 25 KGS);25,00;KILOGRAMS;421,80;IMPORT;NOT DECLARED;DECLARATIONS;ERNESTO VENTOS S.A;;;;;;;;;;;;;;;;;;;;;;;;;;;;;;;;;;;;;;;;;;;;;;;;;;;;;;;;;;;;;;;;;;;;;;;;;;;;;;;;;;;;;;;;;;;;;;;;;;;;;;;;;;;;;;;;;;;;;;;;;;;;;;;;;;;;;;;;;;;;;;;;;;;;;;;;;;;;;;;;;;;;;;;;;;;;;;;;;;;;;;;;;;;;;;;;;;;;;;;;;;;;;;;;;;;;;;;;;;;;;;;;;;;;;;;;;;;;;;;;;;
20/01/2026;PAKISTAN - IMPORT;STANDARD PVT;PAKISTAN;ERNESTO VENTOS S.A;CHINA;29163990 - UNSATURATED       AC(..) AROMATIC MONOCARBOXY(..) AROMATIC MONOCARBOXYLIC ACIDS, THEIR ANHYDRIDES, HALIDES, PEROXIDES, PEROXYACIDS(..);METHYL PHENYLACETATE (QTY: 50 KGS);50,00;KILOGRAMS;460,14;IMPORT;NOT DECLARED;DECLARATIONS;ERNESTO VENTOS S.A;;;;;;;;;;;;;;;;;;;;;;;;;;;;;;;;;;;;;;;;;;;;;;;;;;;;;;;;;;;;;;;;;;;;;;;;;;;;;;;;;;;;;;;;;;;;;;;;;;;;;;;;;;;;;;;;;;;;;;;;;;;;;;;;;;;;;;;;;;;;;;;;;;;;;;;;;;;;;;;;;;;;;;;;;;;;;;;;;;;;;;;;;;;;;;;;;;;;;;;;;;;;;;;;;;;;;;;;;;;;;;;;;;;;;;;;;;;;;;;;;;
20/01/2026;PAKISTAN - IMPORT;STANDARD PVT;PAKISTAN;ERNESTO VENTOS S.A;GERMANY;29052200 - ACYCLIC ALCOHOLS AND THEIR HALOGENATED, SULPHONATED, NITRATED OR(..) UNSATURATED MONOHYDRIC ALCOHOLS:ACYCLIC TERPENE ALCOHOLS;LINALOOL BASF (QTY: 4320 KGS);4.320,00;KILOGRAMS;40.860,75;IMPORT;NOT DECLARED;DECLARATIONS;ERNESTO VENTOS S.A;;;;;;;;;;;;;;;;;;;;;;;;;;;;;;;;;;;;;;;;;;;;;;;;;;;;;;;;;;;;;;;;;;;;;;;;;;;;;;;;;;;;;;;;;;;;;;;;;;;;;;;;;;;;;;;;;;;;;;;;;;;;;;;;;;;;;;;;;;;;;;;;;;;;;;;;;;;;;;;;;;;;;;;;;;;;;;;;;;;;;;;;;;;;;;;;;;;;;;;;;;;;;;;;;;;;;;;;;;;;;;;;;;;;;;;;;;;;;;;;;;
20/01/2026;COLOMBIA - IMPORT;LA TOUR S.A.;COLOMBIA;ERNESTO VENTOS;GUATEMALA;3301299000 - ESSENTIAL OILS (TERPENELESS OR NOT), INCLUDING CONCRETES AND A(..) ESSENTIAL OILS OTHER THAN THOSE OF CITRUS FRUIT:OTHER OTHER;"DO IBOG7117,PEDIDO IMP5557,FORMATO 1 DE 1; FACTURA(S)...O37195 01/12/2025;SEGUNDA NACIONALIZACION PARCIAL DE LA FACTURA COMERCIAL; MERCANCIA QUE NO REQUIERE REGISTRO DE IMPORTACION DECRETO 925 DE MAYO 9/2013; LEGALIZACIONDE MERCANCIA NO AMPARADA EN DOCUMENTO DE TRANSPORTE, DECLARACION DE LEGALIZACION SIN PAGO POR CONCEPTO DE RESCATE ART 290NUMERAL 4 D.1165/2019 Y ART 80 RESOLUCION 046. EL EMBARCADOR TRAJO SOLO UNA PARTE DE LA CARGA Y LO DEM¿SCON UNA GU¿A CON NUMERO DIFERENTE, POR LO TANTO, CON LA GU¿A NO. 815308631834 SOLO SE NACIONALIZA EL PRODUCTO CARDAMOMO O¿L CON 25 KILOS NETOS. LO DEM¿S DE ACUERDO A FACTURA COMERCIAL LLEGO CON OTRA GU¿A. ERROR GENERADO POREL EMBARCADOR, MERCANC¿A COMPLETA DE ACUERDO A FACTURA ARRIBADA ENTRE LAS DOS GU¿AS.; 25.00 KILOS PRODUCTO: CARDAMOMO A.E (CARDAMOMO OIL).ORIGEN SEMILLAS DE LA PLANTA ELETTARIA CARDAMOMUM MATON.ASPECTO F¿SICO: LIQUIDO.FORMA DE PRESENTACI¿N Y EMPAQUE: 1 TAMBOR METALICO X 25 KG.USO: INDUSTRIAL- MATERIA PRIMA PARA LA ELABORACION DE PRODUCTOS INTERMEDIOS (FRAGANCIAS Y SABORIZANTES),POR PARTE DE LA INDUSTRIA DE SABORES Y FRAGANCIAS. NO ES PRODUCTO DECONSUMO.MARCA: VENT¿S.REFERENCIA: NO TIENE. LOTE: L4683284(25KG).;";25,00;KILOGRAMS;12.449,53;IMPORT;AIR;DECLARATIONS;ERNESTO VENTOS SA;;;;;;;;;;;;;;;;;;;;;;;;;;;;;;;;;;;;;;;;;;;;;;;;;;;;;;;;;;;;;;;;;;;;;;;;;;;;;;;;;;;;;;;;;;;;;;;;;;;;;;;;;;;;;;;;;;;;;;;;;;;;;;;;;;;;;;;;;;;;;;;;;;;;;;;;;;;;;;;;;;;;;;;;;;;;;;;;;;;;;;;;;;;;;;;;;;;;;;;;;;;;;;;;;;;;;;;;;;;;;;;;;;;;;;;;;;;;;;;;;;
20/01/2026;COLOMBIA - IMPORT;LA TOUR S.A.;COLOMBIA;ERNESTO VENTOS;FRANCE;3301299000 - ESSENTIAL OILS (TERPENELESS OR NOT), INCLUDING CONCRETES AND A(..) ESSENTIAL OILS OTHER THAN THOSE OF CITRUS FRUIT:OTHER OTHER;"DO IBOG7113,PEDIDO IMP5557,FORMATO 1 DE 1; FACTURA(S)...O37195 01/12/2025;LEGALIZACION DE MERCANCIA NO AMPARADA EN DOCUMENTO DE TRANSPORTE, DECLARACION DE LEGALIZACION SIN PAGO POR CONCEPTO DE RESCATE ART 290 NUMERAL 4 D.1165/2019 Y ART 80 RESOLUCION 046. EL EMBARCADOR TRAJO SOLO UNA PARTE DE LA CARGA Y LO DEM¿S CON UNA GU¿A CON NUMERO DIFERENTE, POR LO TANTO, CON LA GU¿A NO. 474048936437 SOLO SE NACIONALIZA EL PRODUCTO PIMIENTA ROSADA CON 5 KILOS NETOS. LO DEM¿S DE ACUERDO A FACTURA COMERCIAL LLEGO CON OTRA GU¿A. ERROR GENERADO POR EL EMBARCADOR, MERCANC¿A COMPLETA DE ACUERDO A FACTURA ARRIBADA ENTRE LAS DOS GU¿AS. PRIMERA NACIONALIZACION PARCIAL DE LA FACTURA COMERCIAL; MERCANCIA QUE NO REQUIERE REGISTRO DE IMPORTACION DECRETO 925 DE MAYO 9/2013; ; 5.00 KILOS PRODUCTO: BAIS ROSES SFE FIRMENICH 911579(PIMIENTA ROSADA).ORIGEN BAYAS DE LA PLANTA SCHINUSTEREBENTHIFOLIUS.ASPECTO F¿SICO: LIQUIDO.FORMA DE PRESENTACI¿N Y EMPAQUE: 1 ENVASE DE ALUMINIO X 5 KG.USO: INDUSTRIAL- MATERIA PRIMA PARA LA ELABORACION DE PRODUCTOS INTERMEDIOS (FRAGANCIAS Y SABORIZANTES), POR PARTE DE LA INDUSTRIA DE SABORES Y FRAGANCIAS.NO ES PRODUCTO DE CONSUMO.MARCA: VENT¿S.REFERENCIA: NO TIENE. LOTE: L4672779(5KG).;";5,00;KILOGRAMS;4.736,23;IMPORT;AIR;DECLARATIONS;ERNESTO VENTOS SA;;;;;;;;;;;;;;;;;;;;;;;;;;;;;;;;;;;;;;;;;;;;;;;;;;;;;;;;;;;;;;;;;;;;;;;;;;;;;;;;;;;;;;;;;;;;;;;;;;;;;;;;;;;;;;;;;;;;;;;;;;;;;;;;;;;;;;;;;;;;;;;;;;;;;;;;;;;;;;;;;;;;;;;;;;;;;;;;;;;;;;;;;;;;;;;;;;;;;;;;;;;;;;;;;;;;;;;;;;;;;;;;;;;;;;;;;;;;;;;;;;
19/01/2026;MEXICO - PEDIMENTOS IMPORTS;INTERNATIONAL FLAVORS & FRAGRANCES (MEXICO) S DE RL DE CV;MEXICO;ERNESTO VENTOS, S.A;CHINA;2916399999 - UNSATURATED       AC(..) AROMATIC MONOCARBOXYLIC ACIDS, THEIR ANHYDRIDES, HALIDES, PEROXIDES, PEROXYACIDS AND THE(..) OTHER: OTHER;ESTER DE ETILENO DEL ACIDO CINAMICO (ETHYL CINNAMATE);200,00;KILOGRAMS;2.996,77;IMPORT;MARITIME;DECLARATIONS;ERNESTO VENTOS, S.A.;;;;;;;;;;;;;;;;;;;;;;;;;;;;;;;;;;;;;;;;;;;;;;;;;;;;;;;;;;;;;;;;;;;;;;;;;;;;;;;;;;;;;;;;;;;;;;;;;;;;;;;;;;;;;;;;;;;;;;;;;;;;;;;;;;;;;;;;;;;;;;;;;;;;;;;;;;;;;;;;;;;;;;;;;;;;;;;;;;;;;;;;;;;;;;;;;;;;;;;;;;;;;;;;;;;;;;;;;;;;;;;;;;;;;;;;;;;;;;;;;;
19/01/2026;INDIA - DECLARATIONS EXPORTS;ERNESTO VENTOS;SPAIN;VENTOS INDIA PRIVATE LIMITED;INDIA;29154030 - SATURATED ACYCLIC MO(..) MONO-, DI- OR TRICHLOROACETIC ACIDS, THEIR SALTS AND EST(..) TRICHLOROACETIC ACID, THEIR SALTS AND ESTERS;ROSALIN LOT NO.- L4213944;4.500,00;KILOGRAMS;14.389,15;EXPORT;MARITIME;DECLARATIONS;VENTOS INDIA PRIVATE LIMITED;;;;;;;;;;;;;;;;;;;;;;;;;;;;;;;;;;;;;;;;;;;;;;;;;;;;;;;;;;;;;;;;;;;;;;;;;;;;;;;;;;;;;;;;;;;;;;;;;;;;;;;;;;;;;;;;;;;;;;;;;;;;;;;;;;;;;;;;;;;;;;;;;;;;;;;;;;;;;;;;;;;;;;;;;;;;;;;;;;;;;;;;;;;;;;;;;;;;;;;;;;;;;;;;;;;;;;;;;;;;;;;;;;;;;;;;;;;;;;;;;;
19/01/2026;INDIA - DECLARATIONS EXPORTS;ERNESTO VENTOS;SPAIN;VENTOS INDIA PRIVATE LIMITED;INDIA;29154030 - SATURATED ACYCLIC MO(..) MONO-, DI- OR TRICHLOROACETIC ACIDS, THEIR SALTS AND EST(..) TRICHLOROACETIC ACID, THEIR SALTS AND ESTERS;ROSALIN LOT NO.- L4213943;9.000,00;KILOGRAMS;28.778,31;EXPORT;MARITIME;DECLARATIONS;VENTOS INDIA PRIVATE LIMITED;;;;;;;;;;;;;;;;;;;;;;;;;;;;;;;;;;;;;;;;;;;;;;;;;;;;;;;;;;;;;;;;;;;;;;;;;;;;;;;;;;;;;;;;;;;;;;;;;;;;;;;;;;;;;;;;;;;;;;;;;;;;;;;;;;;;;;;;;;;;;;;;;;;;;;;;;;;;;;;;;;;;;;;;;;;;;;;;;;;;;;;;;;;;;;;;;;;;;;;;;;;;;;;;;;;;;;;;;;;;;;;;;;;;;;;;;;;;;;;;;;
16/01/2026;USA - BILLS IMPORTS;ERNESTO VENTOS SA;UNITED STATES OF AMERICA;AROMATICOS QUIMICOS POTOSINOS;MEXICO;330129 - ESSENTIAL OILS, OTHERS;CARGA PELIGROSA PACKAGE CONTAINING ACEITE DE CEBOLLA PALLET WITH    FIBREBOARD BOXES ( G) WITH ONE ALUMINUM BOTTLES ( B ) EACH ONE WITH   KG, UN     ,  EXTRACTS, LIQUID. CLASS  , PG III, FLASH POINT . C (   . F), NOT MARINE POLLUTANT, EMS-NO.  F-E, S-D, ONION OIL HS CODE NON-STACKABLE;70,00;KILOGRAMS;1.853,72;IMPORT;MARITIME;BILLS;AROMATICOS QUIMICOS POTOSINOS SA DE;;;;;;;;;;;;;;;;;;;;;;;;;;;;;;;;;;;;;;;;;;;;;;;;;;;;;;;;;;;;;;;;;;;;;;;;;;;;;;;;;;;;;;;;;;;;;;;;;;;;;;;;;;;;;;;;;;;;;;;;;;;;;;;;;;;;;;;;;;;;;;;;;;;;;;;;;;;;;;;;;;;;;;;;;;;;;;;;;;;;;;;;;;;;;;;;;;;;;;;;;;;;;;;;;;;;;;;;;;;;;;;;;;;;;;;;;;;;;;;;;;
16/01/2026;PARAGUAY - EXPORT;ERNESTO VENTOS;SPAIN;WILHELM SA COM.IND.AGRIC.GANADERA;PARAGUAY;33011210 - ESSENTIAL OILS (TERPENELESS OR NOT), INCLUDING CONCRETES AND ABSOLUTES(..) ESSENTIAL OILS OF CITRUS FRUIT:OF ORANGE FINE GRAIN;02 (DOS) PALLETS CON 02 (DOS) TAMBORES CONTENIENDO ACEITE ESENCIAL DE PETITGRAIN;360,00;KILOGRAMS;20.880,00;EXPORT;AIR;DECLARATIONS;WILHELM SA COM.IND.AGRIC.GANADERA;;;;;;;;;;;;;;;;;;;;;;;;;;;;;;;;;;;;;;;;;;;;;;;;;;;;;;;;;;;;;;;;;;;;;;;;;;;;;;;;;;;;;;;;;;;;;;;;;;;;;;;;;;;;;;;;;;;;;;;;;;;;;;;;;;;;;;;;;;;;;;;;;;;;;;;;;;;;;;;;;;;;;;;;;;;;;;;;;;;;;;;;;;;;;;;;;;;;;;;;;;;;;;;;;;;;;;;;;;;;;;;;;;;;;;;;;;;;;;;;;;
15/01/2026;PARAGUAY - IMPORT;TRAFALGAR SRL;PARAGUAY;ERNESTO VENTOS S.A.;SPAIN;"29122100 - ALDEHYDES, WHETHER OR NOT WITH OTHER OXYGEN FUNCTION; CYCLIC (..) CYCLIC ALDEHYDES WITHOUT OTHER OXYGEN FUNCTION:BENZALDEHYDE";ALDEHIDOS, INCLUSO CON OTRAS FUNCIONES OXIGENADAS, BENZALDEH?DO (ALDEH?DO BENZOICO), EN: 05 KG CONTENIENDO BENZALDEHYDE;5,00;KILOGRAMS;25,56;IMPORT;MARITIME;DECLARATIONS;ERNESTO VENTOS S.A.;;;;;;;;;;;;;;;;;;;;;;;;;;;;;;;;;;;;;;;;;;;;;;;;;;;;;;;;;;;;;;;;;;;;;;;;;;;;;;;;;;;;;;;;;;;;;;;;;;;;;;;;;;;;;;;;;;;;;;;;;;;;;;;;;;;;;;;;;;;;;;;;;;;;;;;;;;;;;;;;;;;;;;;;;;;;;;;;;;;;;;;;;;;;;;;;;;;;;;;;;;;;;;;;;;;;;;;;;;;;;;;;;;;;;;;;;;;;;;;;;;
15/01/2026;PARAGUAY - IMPORT;TRAFALGAR SRL;PARAGUAY;ERNESTO VENTOS S.A.;SPAIN;"29122100 - ALDEHYDES, WHETHER OR NOT WITH OTHER OXYGEN FUNCTION; CYCLIC (..) CYCLIC ALDEHYDES WITHOUT OTHER OXYGEN FUNCTION:BENZALDEHYDE";ALDEHIDOS, INCLUSO CON OTRAS FUNCIONES OXIGENADAS, BENZALDEH?DO (ALDEH?DO BENZOICO), EN: 20 KG CONTENIENDO BENZALDEHYDE;20,00;KILOGRAMS;102,19;IMPORT;MARITIME;DECLARATIONS;ERNESTO VENTOS S.A.;;;;;;;;;;;;;;;;;;;;;;;;;;;;;;;;;;;;;;;;;;;;;;;;;;;;;;;;;;;;;;;;;;;;;;;;;;;;;;;;;;;;;;;;;;;;;;;;;;;;;;;;;;;;;;;;;;;;;;;;;;;;;;;;;;;;;;;;;;;;;;;;;;;;;;;;;;;;;;;;;;;;;;;;;;;;;;;;;;;;;;;;;;;;;;;;;;;;;;;;;;;;;;;;;;;;;;;;;;;;;;;;;;;;;;;;;;;;;;;;;;
15/01/2026;PARAGUAY - IMPORT;TRAFALGAR SRL;PARAGUAY;ERNESTO VENTOS S.A.;SPAIN;34024200 - ORGANIC SURFACE-ACTIVE AGENTS (OTHER(..) OTHER ORGANIC SURFACE ACTIVE AGENTS, WHETHER OR NOT PUT UP FOR RETAIL SALE:NON-IONIC;AGENTES DE SUPERFICIE ORGANICOS, NO IONICOS, EN: DETALLADAS EN SUB-ITEM.-;1.110,00;KILOGRAMS;4.438,03;IMPORT;MARITIME;DECLARATIONS;ERNESTO VENTOS S.A.;;;;;;;;;;;;;;;;;;;;;;;;;;;;;;;;;;;;;;;;;;;;;;;;;;;;;;;;;;;;;;;;;;;;;;;;;;;;;;;;;;;;;;;;;;;;;;;;;;;;;;;;;;;;;;;;;;;;;;;;;;;;;;;;;;;;;;;;;;;;;;;;;;;;;;;;;;;;;;;;;;;;;;;;;;;;;;;;;;;;;;;;;;;;;;;;;;;;;;;;;;;;;;;;;;;;;;;;;;;;;;;;;;;;;;;;;;;;;;;;;;
15/01/2026;PARAGUAY - IMPORT;TRAFALGAR SRL;PARAGUAY;ERNESTO VENTOS S.A.;SPAIN;29269099 - NITRILE -FUNCTION COMPOUNDS. OTHER OTHER: OTHER;COMPUESTOS CON FUNCION NITRILO, LOS DEMAS, EN: 05 KG CONTENIENDO LEMONILE;5,00;KILOGRAMS;136,77;IMPORT;MARITIME;DECLARATIONS;ERNESTO VENTOS S.A.;;;;;;;;;;;;;;;;;;;;;;;;;;;;;;;;;;;;;;;;;;;;;;;;;;;;;;;;;;;;;;;;;;;;;;;;;;;;;;;;;;;;;;;;;;;;;;;;;;;;;;;;;;;;;;;;;;;;;;;;;;;;;;;;;;;;;;;;;;;;;;;;;;;;;;;;;;;;;;;;;;;;;;;;;;;;;;;;;;;;;;;;;;;;;;;;;;;;;;;;;;;;;;;;;;;;;;;;;;;;;;;;;;;;;;;;;;;;;;;;;;
15/01/2026;PARAGUAY - IMPORT;TRAFALGAR SRL;PARAGUAY;ERNESTO VENTOS S.A.;SPAIN;"33029099 - MIXTURES OF ODORIFEROUS SUBSTANCES AND MIXTURES (INCLUDING ALCOHOLIC SOLUTIONS) BASED ON ONE OR MORE OF THESE SUBSTANCES USED AS RAW MATERIALS, OTHERS; 33029099";MEZCLAS DE SUSTANCIAS ODORIFERAS, LAS DEMAS, EN: 05 KG CONTENIENDO TREMENTINA;5,00;KILOGRAMS;1,33;IMPORT;MARITIME;DECLARATIONS;ERNESTO VENTOS S.A.;;;;;;;;;;;;;;;;;;;;;;;;;;;;;;;;;;;;;;;;;;;;;;;;;;;;;;;;;;;;;;;;;;;;;;;;;;;;;;;;;;;;;;;;;;;;;;;;;;;;;;;;;;;;;;;;;;;;;;;;;;;;;;;;;;;;;;;;;;;;;;;;;;;;;;;;;;;;;;;;;;;;;;;;;;;;;;;;;;;;;;;;;;;;;;;;;;;;;;;;;;;;;;;;;;;;;;;;;;;;;;;;;;;;;;;;;;;;;;;;;;
15/01/2026;PARAGUAY - IMPORT;TRAFALGAR SRL;PARAGUAY;ERNESTO VENTOS S.A.;SPAIN;33029019 - MIXTURES OF ODORIFEROUS SUBSTANCES AND MIXTURES (INCLUDING ALCOHOLIC SOLUTIONS) WITH A B(..) OTHER FOR PERFUME INDUSTRY: OTHER;MEZCLAS DE SUSTANCIAS ODORIFERAS, LAS DEMAS. EN: DETALLADAS EN SUB-ITEM.-;26,00;KILOGRAMS;1.080,82;IMPORT;MARITIME;DECLARATIONS;ERNESTO VENTOS S.A.;;;;;;;;;;;;;;;;;;;;;;;;;;;;;;;;;;;;;;;;;;;;;;;;;;;;;;;;;;;;;;;;;;;;;;;;;;;;;;;;;;;;;;;;;;;;;;;;;;;;;;;;;;;;;;;;;;;;;;;;;;;;;;;;;;;;;;;;;;;;;;;;;;;;;;;;;;;;;;;;;;;;;;;;;;;;;;;;;;;;;;;;;;;;;;;;;;;;;;;;;;;;;;;;;;;;;;;;;;;;;;;;;;;;;;;;;;;;;;;;;;
15/01/2026;PARAGUAY - IMPORT;TRAFALGAR SRL;PARAGUAY;ERNESTO VENTOS S.A.;SPAIN;33012990 - ESSENTIAL OILS (TERPENELESS OR NOT), INCLUDING CONCRETES AND A(..) ESSENTIAL OILS OTHER THAN THOSE OF CITRUS FRUIT:OTHER OTHER;ACEITES ESENCIALES, LAS DEMAS, EN: DETALLADAS EN SUB-ITEM.-;81,00;KILOGRAMS;2.093,00;IMPORT;MARITIME;DECLARATIONS;ERNESTO VENTOS S.A.;;;;;;;;;;;;;;;;;;;;;;;;;;;;;;;;;;;;;;;;;;;;;;;;;;;;;;;;;;;;;;;;;;;;;;;;;;;;;;;;;;;;;;;;;;;;;;;;;;;;;;;;;;;;;;;;;;;;;;;;;;;;;;;;;;;;;;;;;;;;;;;;;;;;;;;;;;;;;;;;;;;;;;;;;;;;;;;;;;;;;;;;;;;;;;;;;;;;;;;;;;;;;;;;;;;;;;;;;;;;;;;;;;;;;;;;;;;;;;;;;;
15/01/2026;PARAGUAY - IMPORT;TRAFALGAR SRL;PARAGUAY;ERNESTO VENTOS S.A.;SPAIN;"33011990 - ESSENTIAL OILS (TERPENELESS OR NOT), INCLUDING CONCRETES AND ABSOLUTES; RESINOI(..) ESSENTIAL OILS OF CITRUS FRUIT:OTHER OTHER";ACEITES ESENCIALES, LOS DEMAS, EN: 05 KG CONTENIENDO GRAPEFRUIT WHITE OIL;5,00;KILOGRAMS;350,98;IMPORT;MARITIME;DECLARATIONS;ERNESTO VENTOS S.A.;;;;;;;;;;;;;;;;;;;;;;;;;;;;;;;;;;;;;;;;;;;;;;;;;;;;;;;;;;;;;;;;;;;;;;;;;;;;;;;;;;;;;;;;;;;;;;;;;;;;;;;;;;;;;;;;;;;;;;;;;;;;;;;;;;;;;;;;;;;;;;;;;;;;;;;;;;;;;;;;;;;;;;;;;;;;;;;;;;;;;;;;;;;;;;;;;;;;;;;;;;;;;;;;;;;;;;;;;;;;;;;;;;;;;;;;;;;;;;;;;;
15/01/2026;PARAGUAY - IMPORT;TRAFALGAR SRL;PARAGUAY;ERNESTO VENTOS S.A.;SPAIN;29329999 - HETEROCYCLIC COMPOUNDS WITH OXYGEN HETERO-ATOM(S) ONLY. OTHER:OTHER OTHER: OTHER;COMPUESTOS HETEROCICLICOS CON HETEROATOMO(S) DE OXIGENO, LAS DEMAS, EN: 25 KG CONTENIENDO ETHYL MALTOL;25,00;KILOGRAMS;322,59;IMPORT;MARITIME;DECLARATIONS;ERNESTO VENTOS S.A.;;;;;;;;;;;;;;;;;;;;;;;;;;;;;;;;;;;;;;;;;;;;;;;;;;;;;;;;;;;;;;;;;;;;;;;;;;;;;;;;;;;;;;;;;;;;;;;;;;;;;;;;;;;;;;;;;;;;;;;;;;;;;;;;;;;;;;;;;;;;;;;;;;;;;;;;;;;;;;;;;;;;;;;;;;;;;;;;;;;;;;;;;;;;;;;;;;;;;;;;;;;;;;;;;;;;;;;;;;;;;;;;;;;;;;;;;;;;;;;;;;
15/01/2026;PARAGUAY - IMPORT;TRAFALGAR SRL;PARAGUAY;ERNESTO VENTOS S.A.;SPAIN;29322000 - HETEROCYCLIC COMPOUNDS WITH OXYGEN HETERO-ATOM(S) ONLY. LACTONES;COMPUESTOS HETEROCICLICOS CON HETEROATOMO(S) DE OXIGENO, LACTONAS, EN: 50 KG CONTENIENDO ALDEHYDE C-18 ''PRUNOLIDE'' FOOD GRADE;50,00;KILOGRAMS;423,25;IMPORT;MARITIME;DECLARATIONS;ERNESTO VENTOS S.A.;;;;;;;;;;;;;;;;;;;;;;;;;;;;;;;;;;;;;;;;;;;;;;;;;;;;;;;;;;;;;;;;;;;;;;;;;;;;;;;;;;;;;;;;;;;;;;;;;;;;;;;;;;;;;;;;;;;;;;;;;;;;;;;;;;;;;;;;;;;;;;;;;;;;;;;;;;;;;;;;;;;;;;;;;;;;;;;;;;;;;;;;;;;;;;;;;;;;;;;;;;;;;;;;;;;;;;;;;;;;;;;;;;;;;;;;;;;;;;;;;;
15/01/2026;PARAGUAY - IMPORT;TRAFALGAR SRL;PARAGUAY;ERNESTO VENTOS S.A.;SPAIN;29224990 - OXYGEN-FUNCTION AMIN(..) AMINO-ACIDS, OTHER THAN THOSE CONTAINING MORE THAN ONE KIND OF OXYGEN FUNCTION, AND THEIR ESTER(..) OTHER;COMPUESTOS AMINADOS CON FUNCIONES OXIGENADAS, LAS DEMAS, EN: 25 KG CONTENIENDO ANTRANILATO DE METILO;25,00;KILOGRAMS;187,11;IMPORT;MARITIME;DECLARATIONS;ERNESTO VENTOS S.A.;;;;;;;;;;;;;;;;;;;;;;;;;;;;;;;;;;;;;;;;;;;;;;;;;;;;;;;;;;;;;;;;;;;;;;;;;;;;;;;;;;;;;;;;;;;;;;;;;;;;;;;;;;;;;;;;;;;;;;;;;;;;;;;;;;;;;;;;;;;;;;;;;;;;;;;;;;;;;;;;;;;;;;;;;;;;;;;;;;;;;;;;;;;;;;;;;;;;;;;;;;;;;;;;;;;;;;;;;;;;;;;;;;;;;;;;;;;;;;;;;;
15/01/2026;PARAGUAY - IMPORT;TRAFALGAR SRL;PARAGUAY;ERNESTO VENTOS S.A.;SPAIN;29183090 - CARBOXYLIC ACIDS WIT(..) CARBOXYLIC ACIDS WITH ALDEHYDE OR KETONE FUNCTION BUT WITHOUT OTHER OXYGEN FUNCTION, THEIR ANHY(..) OTHER;ACIDOS CARBOXILICOS CON FUNCIONES OXIGENADAS, LAS DEMAS, EN: 400 KG CONTENIENDO HEDIONE HC;400,00;KILOGRAMS;3.303,39;IMPORT;MARITIME;DECLARATIONS;ERNESTO VENTOS S.A.;;;;;;;;;;;;;;;;;;;;;;;;;;;;;;;;;;;;;;;;;;;;;;;;;;;;;;;;;;;;;;;;;;;;;;;;;;;;;;;;;;;;;;;;;;;;;;;;;;;;;;;;;;;;;;;;;;;;;;;;;;;;;;;;;;;;;;;;;;;;;;;;;;;;;;;;;;;;;;;;;;;;;;;;;;;;;;;;;;;;;;;;;;;;;;;;;;;;;;;;;;;;;;;;;;;;;;;;;;;;;;;;;;;;;;;;;;;;;;;;;;
15/01/2026;PARAGUAY - IMPORT;TRAFALGAR SRL;PARAGUAY;ERNESTO VENTOS S.A.;SPAIN;29163990 - UNSATURATED       AC(..) AROMATIC MONOCARBOXYLIC ACIDS, THEIR ANHYDRIDES, HALIDES, PEROXIDES, PEROXYACIDS AND THEIR DERI(..) OTHER;ACIDOS MONOCARBOXILICOS ACICLICOS NO SATURADOS, LAS DEMAS, EN: DETALLADAS EN SUB-ITEM.-;2,00;KILOGRAMS;97,55;IMPORT;MARITIME;DECLARATIONS;ERNESTO VENTOS S.A.;;;;;;;;;;;;;;;;;;;;;;;;;;;;;;;;;;;;;;;;;;;;;;;;;;;;;;;;;;;;;;;;;;;;;;;;;;;;;;;;;;;;;;;;;;;;;;;;;;;;;;;;;;;;;;;;;;;;;;;;;;;;;;;;;;;;;;;;;;;;;;;;;;;;;;;;;;;;;;;;;;;;;;;;;;;;;;;;;;;;;;;;;;;;;;;;;;;;;;;;;;;;;;;;;;;;;;;;;;;;;;;;;;;;;;;;;;;;;;;;;;
15/01/2026;PARAGUAY - IMPORT;TRAFALGAR SRL;PARAGUAY;ERNESTO VENTOS S.A.;SPAIN;29162090 - UNSATURATED       AC(..) CYCLANIC, CYCLENIC OR CYCLOTERPENIC MONOCARBOXYLIC ACIDS, THEIR ANHYDRIDES, HALIDES, PEROXIDES,(..) OTHER;ACIDOS MONOCARBOXILICOS ACICLICOS NO SATURADOS, LAS DEMAS, EN: 10 KG CONTENIENDO GIVESCONE;10,00;KILOGRAMS;2.983,38;IMPORT;MARITIME;DECLARATIONS;ERNESTO VENTOS S.A.;;;;;;;;;;;;;;;;;;;;;;;;;;;;;;;;;;;;;;;;;;;;;;;;;;;;;;;;;;;;;;;;;;;;;;;;;;;;;;;;;;;;;;;;;;;;;;;;;;;;;;;;;;;;;;;;;;;;;;;;;;;;;;;;;;;;;;;;;;;;;;;;;;;;;;;;;;;;;;;;;;;;;;;;;;;;;;;;;;;;;;;;;;;;;;;;;;;;;;;;;;;;;;;;;;;;;;;;;;;;;;;;;;;;;;;;;;;;;;;;;;
15/01/2026;PARAGUAY - IMPORT;TRAFALGAR SRL;PARAGUAY;ERNESTO VENTOS S.A.;SPAIN;29161990 - UNSATURATED       AC(..) UNSATURATED ACYCLIC MONOCARBOXYLIC ACIDS, THEIR ANHYDRIDES, HALIDES, PEROXIDES, PEROXYACIDS AND(..) OTHER;ACIDOS MONOCARBOXILICOS ACICLICOS NO SATURADOS, LAS DEMAS, EN: 01 KG CONTENIENDO FOLIONE;1,00;KILOGRAMS;160,00;IMPORT;MARITIME;DECLARATIONS;ERNESTO VENTOS S.A.;;;;;;;;;;;;;;;;;;;;;;;;;;;;;;;;;;;;;;;;;;;;;;;;;;;;;;;;;;;;;;;;;;;;;;;;;;;;;;;;;;;;;;;;;;;;;;;;;;;;;;;;;;;;;;;;;;;;;;;;;;;;;;;;;;;;;;;;;;;;;;;;;;;;;;;;;;;;;;;;;;;;;;;;;;;;;;;;;;;;;;;;;;;;;;;;;;;;;;;;;;;;;;;;;;;;;;;;;;;;;;;;;;;;;;;;;;;;;;;;;;
15/01/2026;PARAGUAY - IMPORT;TRAFALGAR SRL;PARAGUAY;ERNESTO VENTOS S.A.;SPAIN;"29159090 - SATURATED ACYCLIC MONOCARBOXYLIC ACIDS AND THEIR ANHYDRIDES, HALIDES, PEROXIDES AND PEROXYACIDS; THEIR HALOGEN(..) OTHER OTHER";ACIDOS MONOCARBOXILICOS ACICLICOS SATURADOS, LAS DEMAS, EN: 25 KG CONTENIENDO ALLYL HEPTANOATE;25,00;KILOGRAMS;263,24;IMPORT;MARITIME;DECLARATIONS;ERNESTO VENTOS S.A.;;;;;;;;;;;;;;;;;;;;;;;;;;;;;;;;;;;;;;;;;;;;;;;;;;;;;;;;;;;;;;;;;;;;;;;;;;;;;;;;;;;;;;;;;;;;;;;;;;;;;;;;;;;;;;;;;;;;;;;;;;;;;;;;;;;;;;;;;;;;;;;;;;;;;;;;;;;;;;;;;;;;;;;;;;;;;;;;;;;;;;;;;;;;;;;;;;;;;;;;;;;;;;;;;;;;;;;;;;;;;;;;;;;;;;;;;;;;;;;;;;
15/01/2026;PARAGUAY - IMPORT;TRAFALGAR SRL;PARAGUAY;ERNESTO VENTOS S.A.;SPAIN;29145090 - KETONES AND QUINONES, WHETHER OR NOT WITH OTHER OXYGEN FUNCTIO(..) KETONE-PHENOLS AND KETONES WITH OTHER OXYGEN FUNCTION OTHER;CETONAS Y QUINONAS, INCLUSO CON OTRAS FUNCIONES OXIGENADAS, LAS DEMAS, EN: 01 KG CONTENIENDO BRAMBLE KETONE;1,00;KILOGRAMS;38,19;IMPORT;MARITIME;DECLARATIONS;ERNESTO VENTOS S.A.;;;;;;;;;;;;;;;;;;;;;;;;;;;;;;;;;;;;;;;;;;;;;;;;;;;;;;;;;;;;;;;;;;;;;;;;;;;;;;;;;;;;;;;;;;;;;;;;;;;;;;;;;;;;;;;;;;;;;;;;;;;;;;;;;;;;;;;;;;;;;;;;;;;;;;;;;;;;;;;;;;;;;;;;;;;;;;;;;;;;;;;;;;;;;;;;;;;;;;;;;;;;;;;;;;;;;;;;;;;;;;;;;;;;;;;;;;;;;;;;;;
15/01/2026;PARAGUAY - IMPORT;TRAFALGAR SRL;PARAGUAY;ERNESTO VENTOS S.A.;SPAIN;29143990 - KETONES AND QUINONES, WHETHER OR NOT WITH OTHER OXYGEN FUNCTION(..) AROMATIC KETONES WITHOUT OTHER OXYGEN FUNCTION:OTHER OTHER;CETONAS Y QUINONAS, INCLUSO CON OTRAS FUNCIONES OXIGENADAS, LAS DEMAS, EN: 25 KG CONTENIENDO BENZYLACETONE 0 KG;25,00;KILOGRAMS;171,61;IMPORT;MARITIME;DECLARATIONS;ERNESTO VENTOS S.A.;;;;;;;;;;;;;;;;;;;;;;;;;;;;;;;;;;;;;;;;;;;;;;;;;;;;;;;;;;;;;;;;;;;;;;;;;;;;;;;;;;;;;;;;;;;;;;;;;;;;;;;;;;;;;;;;;;;;;;;;;;;;;;;;;;;;;;;;;;;;;;;;;;;;;;;;;;;;;;;;;;;;;;;;;;;;;;;;;;;;;;;;;;;;;;;;;;;;;;;;;;;;;;;;;;;;;;;;;;;;;;;;;;;;;;;;;;;;;;;;;;
15/01/2026;PARAGUAY - IMPORT;TRAFALGAR SRL;PARAGUAY;ERNESTO VENTOS S.A.;SPAIN;29142990 - KETONES AND QUINONES, WHETHER OR NOT(..) CYCLANIC, CYCLENIC OR CYCLOTERPENIC KETONES WITHOUT OTHER OXYGEN FUNCTION:OTHER OTHER;CETONAS Y QUINONAS, INCLUSO CON OTRAS FUNCIONES OXIGENADAS, LAS DEMAS, EN: DETALLADAS EN SUB-ITEM;626,00;KILOGRAMS;6.564,97;IMPORT;MARITIME;DECLARATIONS;ERNESTO VENTOS S.A.;;;;;;;;;;;;;;;;;;;;;;;;;;;;;;;;;;;;;;;;;;;;;;;;;;;;;;;;;;;;;;;;;;;;;;;;;;;;;;;;;;;;;;;;;;;;;;;;;;;;;;;;;;;;;;;;;;;;;;;;;;;;;;;;;;;;;;;;;;;;;;;;;;;;;;;;;;;;;;;;;;;;;;;;;;;;;;;;;;;;;;;;;;;;;;;;;;;;;;;;;;;;;;;;;;;;;;;;;;;;;;;;;;;;;;;;;;;;;;;;;;
15/01/2026;PARAGUAY - IMPORT;TRAFALGAR SRL;PARAGUAY;ERNESTO VENTOS S.A.;SPAIN;29141929 - KETONES AND QUINONES, WHETHER OR NOT WITH OTHER OXYGE(..) ACYCLIC KETONES WITHOUT OTHER OXYGEN FUNCTION:OTHER DIKETONES: OTHER;CETONAS Y QUINONAS, INCLUSO CON OTRAS FUNCIONES OXIGENADAS, LAS DEMAS, EN: 05 KG CONTENIENDO DIACETYL NATURAL;5,00;KILOGRAMS;98,07;IMPORT;MARITIME;DECLARATIONS;ERNESTO VENTOS S.A.;;;;;;;;;;;;;;;;;;;;;;;;;;;;;;;;;;;;;;;;;;;;;;;;;;;;;;;;;;;;;;;;;;;;;;;;;;;;;;;;;;;;;;;;;;;;;;;;;;;;;;;;;;;;;;;;;;;;;;;;;;;;;;;;;;;;;;;;;;;;;;;;;;;;;;;;;;;;;;;;;;;;;;;;;;;;;;;;;;;;;;;;;;;;;;;;;;;;;;;;;;;;;;;;;;;;;;;;;;;;;;;;;;;;;;;;;;;;;;;;;;
15/01/2026;PARAGUAY - IMPORT;TRAFALGAR SRL;PARAGUAY;ERNESTO VENTOS S.A.;SPAIN;"29122990 - ALDEHYDES, WHETHER OR NOT WITH OTHER OXYGEN FUNCTION; CYCLIC PO(..) CYCLIC ALDEHYDES WITHOUT OTHER OXYGEN FUNCTION:OTHER OTHER";ALDEHIDOS, INCLUSO CON OTRAS FUNCIONES OXIGENADAS, LAS DEMAS, EN: DETALLADAS EN SUB-ITEM.-;65,00;KILOGRAMS;637,44;IMPORT;MARITIME;DECLARATIONS;ERNESTO VENTOS S.A.;;;;;;;;;;;;;;;;;;;;;;;;;;;;;;;;;;;;;;;;;;;;;;;;;;;;;;;;;;;;;;;;;;;;;;;;;;;;;;;;;;;;;;;;;;;;;;;;;;;;;;;;;;;;;;;;;;;;;;;;;;;;;;;;;;;;;;;;;;;;;;;;;;;;;;;;;;;;;;;;;;;;;;;;;;;;;;;;;;;;;;;;;;;;;;;;;;;;;;;;;;;;;;;;;;;;;;;;;;;;;;;;;;;;;;;;;;;;;;;;;;
15/01/2026;PARAGUAY - IMPORT;TRAFALGAR SRL;PARAGUAY;ERNESTO VENTOS S.A.;SPAIN;"29121999 - ALDEHYDES, WHETHER OR NOT WITH OTHER OXYGEN FUNCTION; C(..) ACYCLIC ALDEHYDES WITHOUT OTHER OXYGEN FUNCTION:OTHER OTHER: OTHER";ALDEHIDOS, INCLUSO CON OTRAS FUNCIONES OXIGENADAS, LAS DEMAS, EN: DETALLADAS EN SUB-ITEM.-;75,00;KILOGRAMS;673,58;IMPORT;MARITIME;DECLARATIONS;ERNESTO VENTOS S.A.;;;;;;;;;;;;;;;;;;;;;;;;;;;;;;;;;;;;;;;;;;;;;;;;;;;;;;;;;;;;;;;;;;;;;;;;;;;;;;;;;;;;;;;;;;;;;;;;;;;;;;;;;;;;;;;;;;;;;;;;;;;;;;;;;;;;;;;;;;;;;;;;;;;;;;;;;;;;;;;;;;;;;;;;;;;;;;;;;;;;;;;;;;;;;;;;;;;;;;;;;;;;;;;;;;;;;;;;;;;;;;;;;;;;;;;;;;;;;;;;;;
15/01/2026;PARAGUAY - IMPORT;TRAFALGAR SRL;PARAGUAY;ERNESTO VENTOS S.A.;SPAIN;29121921 - ALDEHYDES, WHETHER OR NOT WITH OT(..) ACYCLIC ALDEHYDES WITHOUT OTHER OXYGEN FUNCTION:OTHER MONOALDEHYDES NO SATURATES: CITRAL;ALDEHIDOS, INCLUSO CON OTRAS FUNCIONES OXIGENADAS, EN DETALLADAS EN SUB-ITEM.-;365,00;KILOGRAMS;3.601,15;IMPORT;MARITIME;DECLARATIONS;ERNESTO VENTOS S.A.;;;;;;;;;;;;;;;;;;;;;;;;;;;;;;;;;;;;;;;;;;;;;;;;;;;;;;;;;;;;;;;;;;;;;;;;;;;;;;;;;;;;;;;;;;;;;;;;;;;;;;;;;;;;;;;;;;;;;;;;;;;;;;;;;;;;;;;;;;;;;;;;;;;;;;;;;;;;;;;;;;;;;;;;;;;;;;;;;;;;;;;;;;;;;;;;;;;;;;;;;;;;;;;;;;;;;;;;;;;;;;;;;;;;;;;;;;;;;;;;;;
15/01/2026;PARAGUAY - IMPORT;TRAFALGAR SRL;PARAGUAY;ERNESTO VENTOS S.A.;SPAIN;29110090 - ACETALS AND HEMIACET(..) ACETALS AND HEMIACETALS, WHETHER OR NOT WITH OTHER OXYGEN FUNCTION, AND THEIR HALOGENATED, SULP(..) OTHER;ACETALES Y SEMIACETALES, LOS DEMAS, EN: DETALLADAS EN SUB-ITEM.-;10,00;KILOGRAMS;175,49;IMPORT;MARITIME;DECLARATIONS;ERNESTO VENTOS S.A.;;;;;;;;;;;;;;;;;;;;;;;;;;;;;;;;;;;;;;;;;;;;;;;;;;;;;;;;;;;;;;;;;;;;;;;;;;;;;;;;;;;;;;;;;;;;;;;;;;;;;;;;;;;;;;;;;;;;;;;;;;;;;;;;;;;;;;;;;;;;;;;;;;;;;;;;;;;;;;;;;;;;;;;;;;;;;;;;;;;;;;;;;;;;;;;;;;;;;;;;;;;;;;;;;;;;;;;;;;;;;;;;;;;;;;;;;;;;;;;;;;
15/01/2026;PARAGUAY - IMPORT;TRAFALGAR SRL;PARAGUAY;ERNESTO VENTOS S.A.;SPAIN;29093029 - ETHERS, ETHER-ALCOHO(..) AROMATIC ETHERS AND THEIR HALOGEN(..) HALOGENATED, SULPHONATED, NITRATED OR NITROSATED DERIVATIVES: OTHER;ETERES, ETERES ALCOHOLES, ETERES FENOLES, LOS DEMAS, EN: 05 KG CONTENIENDO ANTHER;5,00;KILOGRAMS;118,71;IMPORT;MARITIME;DECLARATIONS;ERNESTO VENTOS S.A.;;;;;;;;;;;;;;;;;;;;;;;;;;;;;;;;;;;;;;;;;;;;;;;;;;;;;;;;;;;;;;;;;;;;;;;;;;;;;;;;;;;;;;;;;;;;;;;;;;;;;;;;;;;;;;;;;;;;;;;;;;;;;;;;;;;;;;;;;;;;;;;;;;;;;;;;;;;;;;;;;;;;;;;;;;;;;;;;;;;;;;;;;;;;;;;;;;;;;;;;;;;;;;;;;;;;;;;;;;;;;;;;;;;;;;;;;;;;;;;;;;
15/01/2026;PARAGUAY - IMPORT;TRAFALGAR SRL;PARAGUAY;ERNESTO VENTOS S.A.;SPAIN;29093019 - ETHERS, ETHER-ALCOHO(..) AROMATIC ETHERS AND THEIR HALOGENATED, SULPHONATED, NITRATED OR NITROSATED DE(..) AROMATICS ETHERS: OTHER;ETERES, ETERES ALCOHOLES, ETERES FENOLES, LAS DEMAS, EN: 75 KG CONTENIENDO NEROLINA YARA YARA;75,00;KILOGRAMS;375,50;IMPORT;MARITIME;DECLARATIONS;ERNESTO VENTOS S.A.;;;;;;;;;;;;;;;;;;;;;;;;;;;;;;;;;;;;;;;;;;;;;;;;;;;;;;;;;;;;;;;;;;;;;;;;;;;;;;;;;;;;;;;;;;;;;;;;;;;;;;;;;;;;;;;;;;;;;;;;;;;;;;;;;;;;;;;;;;;;;;;;;;;;;;;;;;;;;;;;;;;;;;;;;;;;;;;;;;;;;;;;;;;;;;;;;;;;;;;;;;;;;;;;;;;;;;;;;;;;;;;;;;;;;;;;;;;;;;;;;;
15/01/2026;PARAGUAY - IMPORT;TRAFALGAR SRL;PARAGUAY;ERNESTO VENTOS S.A.;SPAIN;29093011 - ETHERS, ETHER-ALCOHO(..) AROMATIC ETHERS AND THEIR HALOGENATED, SULPHONATED, NITRATED OR NITROSATED(..) AROMATICS ETHERS: ANETHOLE;ETERES, ETERES ALCOHOLES, ETERES FENOLES, ANETOL., EN: DETALLADAS EN SUB-ITEM.-;400,00;KILOGRAMS;8.630,12;IMPORT;MARITIME;DECLARATIONS;ERNESTO VENTOS S.A.;;;;;;;;;;;;;;;;;;;;;;;;;;;;;;;;;;;;;;;;;;;;;;;;;;;;;;;;;;;;;;;;;;;;;;;;;;;;;;;;;;;;;;;;;;;;;;;;;;;;;;;;;;;;;;;;;;;;;;;;;;;;;;;;;;;;;;;;;;;;;;;;;;;;;;;;;;;;;;;;;;;;;;;;;;;;;;;;;;;;;;;;;;;;;;;;;;;;;;;;;;;;;;;;;;;;;;;;;;;;;;;;;;;;;;;;;;;;;;;;;;
15/01/2026;PARAGUAY - IMPORT;TRAFALGAR SRL;PARAGUAY;ERNESTO VENTOS S.A.;SPAIN;29321990 - HETEROCYCLIC COMPOUN(..) COMPOUNDS CONTAINING AN UNFUSED FURAN RING (WHETHER OR NOT HYDROGENATED) IN THE STRUCTURE:OTHER OTHER;COMPUESTOS HETEROCICLICOS CON HETEROATOMO(S), LAS DEMAS, EN: 05 KG CONTENIENDO AMBROX DL;5,00;KILOGRAMS;3.509,85;IMPORT;MARITIME;DECLARATIONS;ERNESTO VENTOS S.A.;;;;;;;;;;;;;;;;;;;;;;;;;;;;;;;;;;;;;;;;;;;;;;;;;;;;;;;;;;;;;;;;;;;;;;;;;;;;;;;;;;;;;;;;;;;;;;;;;;;;;;;;;;;;;;;;;;;;;;;;;;;;;;;;;;;;;;;;;;;;;;;;;;;;;;;;;;;;;;;;;;;;;;;;;;;;;;;;;;;;;;;;;;;;;;;;;;;;;;;;;;;;;;;;;;;;;;;;;;;;;;;;;;;;;;;;;;;;;;;;;;
15/01/2026;PARAGUAY - IMPORT;TRAFALGAR SRL;PARAGUAY;ERNESTO VENTOS S.A.;SPAIN;29062990 - CYCLIC ALCOHOLS AND THEIR HALOGENATED, SULPHONATED, NITRATED OR NITROSATED DERIVATIVES. AROMATIC:OTHER OTHER;ALCOHOLES CICLICOS Y SUS DERIVADOS HALOGENADOS, LAS DEMAAS, EN: 25 KG CONTENIENDO PHENOXANOL;25,00;KILOGRAMS;354,85;IMPORT;MARITIME;DECLARATIONS;ERNESTO VENTOS S.A.;;;;;;;;;;;;;;;;;;;;;;;;;;;;;;;;;;;;;;;;;;;;;;;;;;;;;;;;;;;;;;;;;;;;;;;;;;;;;;;;;;;;;;;;;;;;;;;;;;;;;;;;;;;;;;;;;;;;;;;;;;;;;;;;;;;;;;;;;;;;;;;;;;;;;;;;;;;;;;;;;;;;;;;;;;;;;;;;;;;;;;;;;;;;;;;;;;;;;;;;;;;;;;;;;;;;;;;;;;;;;;;;;;;;;;;;;;;;;;;;;;
15/01/2026;PARAGUAY - IMPORT;TRAFALGAR SRL;PARAGUAY;ERNESTO VENTOS S.A.;SPAIN;29061990 - CYCLIC ALCOHOLS AND THEIR HALOGENATED, SULPHONATED, NITRATED OR NITROSATED(..) CYCLANIC, CYCLENIC OR CYCLOTERPENIC:OTHER OTHER;ALCOHOLES CICLICOS Y SUS DERIVADOS HALOGENADOS, LAS DEMAS, EN: DETALLADAS EN SUB-ITEM.-;50,00;KILOGRAMS;993,60;IMPORT;MARITIME;DECLARATIONS;ERNESTO VENTOS S.A.;;;;;;;;;;;;;;;;;;;;;;;;;;;;;;;;;;;;;;;;;;;;;;;;;;;;;;;;;;;;;;;;;;;;;;;;;;;;;;;;;;;;;;;;;;;;;;;;;;;;;;;;;;;;;;;;;;;;;;;;;;;;;;;;;;;;;;;;;;;;;;;;;;;;;;;;;;;;;;;;;;;;;;;;;;;;;;;;;;;;;;;;;;;;;;;;;;;;;;;;;;;;;;;;;;;;;;;;;;;;;;;;;;;;;;;;;;;;;;;;;;
15/01/2026;PARAGUAY - IMPORT;TRAFALGAR SRL;PARAGUAY;ERNESTO VENTOS S.A.;SPAIN;29061950 - CYCLIC ALCOHOLS AND THEIR HALOGENATED, SULPHONATED, NITRATED OR NITRO(..) CYCLANIC, CYCLENIC OR CYCLOTERPENIC:OTHER TERPINEOLS;ALCOHOLES CICLICOS Y SUS DERIVADOS HALOGENADOS, TERPINEOLES, EN: 185 KG CONTENIENDO TERPINEOL 900 USP;185,00;KILOGRAMS;1.604,21;IMPORT;MARITIME;DECLARATIONS;ERNESTO VENTOS S.A.;;;;;;;;;;;;;;;;;;;;;;;;;;;;;;;;;;;;;;;;;;;;;;;;;;;;;;;;;;;;;;;;;;;;;;;;;;;;;;;;;;;;;;;;;;;;;;;;;;;;;;;;;;;;;;;;;;;;;;;;;;;;;;;;;;;;;;;;;;;;;;;;;;;;;;;;;;;;;;;;;;;;;;;;;;;;;;;;;;;;;;;;;;;;;;;;;;;;;;;;;;;;;;;;;;;;;;;;;;;;;;;;;;;;;;;;;;;;;;;;;;
15/01/2026;PARAGUAY - IMPORT;TRAFALGAR SRL;PARAGUAY;ERNESTO VENTOS S.A.;SPAIN;"29061920 - CYCLIC ALCOHOLS AND THEIR HALOGENATED, SULPHONATED, NITRATED(..) CYCLANIC, CYCLENIC OR CYCLOTERPENIC:OTHER BORNEOL; ISOBORNEOL";"ALCOHOLES CICLICOS Y SUS DERIVADOS HALOGENADOS, BORNEOL; ISOBORNEOL, EN: 15 KG CONTENIENDO BORNEOL CRYSTALS";15,00;KILOGRAMS;224,52;IMPORT;MARITIME;DECLARATIONS;ERNESTO VENTOS S.A.;;;;;;;;;;;;;;;;;;;;;;;;;;;;;;;;;;;;;;;;;;;;;;;;;;;;;;;;;;;;;;;;;;;;;;;;;;;;;;;;;;;;;;;;;;;;;;;;;;;;;;;;;;;;;;;;;;;;;;;;;;;;;;;;;;;;;;;;;;;;;;;;;;;;;;;;;;;;;;;;;;;;;;;;;;;;;;;;;;;;;;;;;;;;;;;;;;;;;;;;;;;;;;;;;;;;;;;;;;;;;;;;;;;;;;;;;;;;;;;;;;
15/01/2026;PARAGUAY - IMPORT;TRAFALGAR SRL;PARAGUAY;ERNESTO VENTOS S.A.;SPAIN;29052990 - ACYCLIC ALCOHOLS AND THEIR HALOGENATED, SULPHONATED, NITRATED OR NITROSATED DE(..) UNSATURATED MONOHYDRIC ALCOHOLS:OTHER OTHER;ALCOHOLES ACICLICOS Y SUS DERIVADOS HALOGENADOS, LAS DEMAS, EN: DETALLADAS EN SUB-ITEM.-;30,00;KILOGRAMS;672,30;IMPORT;MARITIME;DECLARATIONS;ERNESTO VENTOS S.A.;;;;;;;;;;;;;;;;;;;;;;;;;;;;;;;;;;;;;;;;;;;;;;;;;;;;;;;;;;;;;;;;;;;;;;;;;;;;;;;;;;;;;;;;;;;;;;;;;;;;;;;;;;;;;;;;;;;;;;;;;;;;;;;;;;;;;;;;;;;;;;;;;;;;;;;;;;;;;;;;;;;;;;;;;;;;;;;;;;;;;;;;;;;;;;;;;;;;;;;;;;;;;;;;;;;;;;;;;;;;;;;;;;;;;;;;;;;;;;;;;;
15/01/2026;PARAGUAY - IMPORT;TRAFALGAR SRL;PARAGUAY;ERNESTO VENTOS S.A.;SPAIN;29052220 - ACYCLIC ALCOHOLS AND THEIR HALOGENATED, SULPHONATED, NIT(..) UNSATURATED MONOHYDRIC ALCOHOLS:ACYCLIC TERPENE ALCOHOLS GERANIOL;ALCOHOLES ACICLICOS Y SUS DERIVADOS HALOGENADOS, GERANIOL, EN: 25 KG CONTENIENDO GERANIOL 98%;25,00;KILOGRAMS;347,11;IMPORT;MARITIME;DECLARATIONS;ERNESTO VENTOS S.A.;;;;;;;;;;;;;;;;;;;;;;;;;;;;;;;;;;;;;;;;;;;;;;;;;;;;;;;;;;;;;;;;;;;;;;;;;;;;;;;;;;;;;;;;;;;;;;;;;;;;;;;;;;;;;;;;;;;;;;;;;;;;;;;;;;;;;;;;;;;;;;;;;;;;;;;;;;;;;;;;;;;;;;;;;;;;;;;;;;;;;;;;;;;;;;;;;;;;;;;;;;;;;;;;;;;;;;;;;;;;;;;;;;;;;;;;;;;;;;;;;;
15/01/2026;PARAGUAY - IMPORT;TRAFALGAR SRL;PARAGUAY;ERNESTO VENTOS S.A.;SPAIN;29051994 - ACYCLIC ALCOHOLS AND THEIR HALOGENAT(..) SATURATED MONOHYDRIC ALCOHOLS:OTHER OTHER: TETRAHYDROLINALOL (3,7-DIMETHYLOCTAN-3-OL);ALCOHOLES ACICLICOS Y SUS DERIVADOS HALOGENADOS, TETRAHIDROLINALOL, EN: 170 KG CONTENIENDO TETRAHYDROLINALOOL;170,00;KILOGRAMS;1.869,00;IMPORT;MARITIME;DECLARATIONS;ERNESTO VENTOS S.A.;;;;;;;;;;;;;;;;;;;;;;;;;;;;;;;;;;;;;;;;;;;;;;;;;;;;;;;;;;;;;;;;;;;;;;;;;;;;;;;;;;;;;;;;;;;;;;;;;;;;;;;;;;;;;;;;;;;;;;;;;;;;;;;;;;;;;;;;;;;;;;;;;;;;;;;;;;;;;;;;;;;;;;;;;;;;;;;;;;;;;;;;;;;;;;;;;;;;;;;;;;;;;;;;;;;;;;;;;;;;;;;;;;;;;;;;;;;;;;;;;;
15/01/2026;PARAGUAY - IMPORT;TRAFALGAR SRL;PARAGUAY;ERNESTO VENTOS S.A.;SPAIN;29029090 - CYCLIC HYDROCARBONS. OTHER OTHER;HIDROCARBUROS CICLICOS, LAS DEMAS, EN: 05 KG CONTENIENDO PINENE ALPHA;5,00;KILOGRAMS;77,42;IMPORT;MARITIME;DECLARATIONS;ERNESTO VENTOS S.A.;;;;;;;;;;;;;;;;;;;;;;;;;;;;;;;;;;;;;;;;;;;;;;;;;;;;;;;;;;;;;;;;;;;;;;;;;;;;;;;;;;;;;;;;;;;;;;;;;;;;;;;;;;;;;;;;;;;;;;;;;;;;;;;;;;;;;;;;;;;;;;;;;;;;;;;;;;;;;;;;;;;;;;;;;;;;;;;;;;;;;;;;;;;;;;;;;;;;;;;;;;;;;;;;;;;;;;;;;;;;;;;;;;;;;;;;;;;;;;;;;;
15/01/2026;MEXICO - PEDIMENTOS IMPORTS;VENTOS, ESENCIAS Y QUIMICOS SA DE CV;MEXICO;ERNESTO VENTOS, S.A;INDIA;2906199901 - CYCLIC ALCOHOLS AND THEIR HALOGENATED, SULPHONATED, NITRATED O(..) CYCLANIC, CYCLENIC OR CYCLOTERPENIC:OTHER OTHER: TERPINEOLS;TERPINEOLES;555,00;KILOGRAMS;6.103,21;IMPORT;AIR;DECLARATIONS;ERNESTO VENTOS S.A.;;;;;;;;;;;;;;;;;;;;;;;;;;;;;;;;;;;;;;;;;;;;;;;;;;;;;;;;;;;;;;;;;;;;;;;;;;;;;;;;;;;;;;;;;;;;;;;;;;;;;;;;;;;;;;;;;;;;;;;;;;;;;;;;;;;;;;;;;;;;;;;;;;;;;;;;;;;;;;;;;;;;;;;;;;;;;;;;;;;;;;;;;;;;;;;;;;;;;;;;;;;;;;;;;;;;;;;;;;;;;;;;;;;;;;;;;;;;;;;;;;
15/01/2026;ECUADOR - IMPORT;FLORASINTESIS FRAGANCIAS Y AROMAS CIA. LTDA;ECUADOR;ERNESTO VENTOS DHL EXPRESS MIA;SPAIN;9807204000 -   SAMPLES WITHOUT COMMERCIAL VALUE;MUESTRAS DE MATERIA PRIMA;0,50;KILOGRAMS;4,27;IMPORT;AIR;DECLARATIONS;ERNESTO VENTOS S.A.-DHL EXPRESS USA (MIA);;;;;;;;;;;;;;;;;;;;;;;;;;;;;;;;;;;;;;;;;;;;;;;;;;;;;;;;;;;;;;;;;;;;;;;;;;;;;;;;;;;;;;;;;;;;;;;;;;;;;;;;;;;;;;;;;;;;;;;;;;;;;;;;;;;;;;;;;;;;;;;;;;;;;;;;;;;;;;;;;;;;;;;;;;;;;;;;;;;;;;;;;;;;;;;;;;;;;;;;;;;;;;;;;;;;;;;;;;;;;;;;;;;;;;;;;;;;;;;;;;
14/01/2026;MEXICO - PEDIMENTOS IMPORTS;VENTOS, ESENCIAS Y QUIMICOS SA DE CV;MEXICO;ERNESTO VENTOS, S.A;FRANCE;"3301300100 - ESSENTIAL OILS (TERPENELESS OR NOT), INCLUDING CONCRETES AND ABSOLUTES; RESINOIDS; EXTRACTED OLEORESIN(..) RESINOIDS RESINOIDS";RESINOIDE;1,00;KILOGRAMS;2.526,20;IMPORT;AIR;DECLARATIONS;ERNESTO VENTOS S.A.;;;;;;;;;;;;;;;;;;;;;;;;;;;;;;;;;;;;;;;;;;;;;;;;;;;;;;;;;;;;;;;;;;;;;;;;;;;;;;;;;;;;;;;;;;;;;;;;;;;;;;;;;;;;;;;;;;;;;;;;;;;;;;;;;;;;;;;;;;;;;;;;;;;;;;;;;;;;;;;;;;;;;;;;;;;;;;;;;;;;;;;;;;;;;;;;;;;;;;;;;;;;;;;;;;;;;;;;;;;;;;;;;;;;;;;;;;;;;;;;;;
14/01/2026;MEXICO - PEDIMENTOS IMPORTS;VENTOS, ESENCIAS Y QUIMICOS SA DE CV;MEXICO;ERNESTO VENTOS, S.A;SPAIN;2932999999 - HETEROCYCLIC COMPOUNDS WITH OXYGEN HETERO-ATOM(S) ONLY. OTHER:OTHER OTHER: OTHER;1,3-DIOXANO-4,4,6-TRIMETIL-2-BENCILO;5,00;KILOGRAMS;845,79;IMPORT;AIR;DECLARATIONS;ERNESTO VENTOS S.A.;;;;;;;;;;;;;;;;;;;;;;;;;;;;;;;;;;;;;;;;;;;;;;;;;;;;;;;;;;;;;;;;;;;;;;;;;;;;;;;;;;;;;;;;;;;;;;;;;;;;;;;;;;;;;;;;;;;;;;;;;;;;;;;;;;;;;;;;;;;;;;;;;;;;;;;;;;;;;;;;;;;;;;;;;;;;;;;;;;;;;;;;;;;;;;;;;;;;;;;;;;;;;;;;;;;;;;;;;;;;;;;;;;;;;;;;;;;;;;;;;;
14/01/2026;MEXICO - PEDIMENTOS IMPORTS;VENTOS, ESENCIAS Y QUIMICOS SA DE CV;MEXICO;ERNESTO VENTOS, S.A;CHINA;2914230301 - KETONES AND QUINONES(..) CYCLANIC, CYCLENIC OR CYCLOTERPENIC KETONES WITHOUT OTHER OXYGEN FU(..) IONONES AND METHYLIONONES: IONONE;IONONA;50,00;KILOGRAMS;2.120,12;IMPORT;AIR;DECLARATIONS;ERNESTO VENTOS S.A.;;;;;;;;;;;;;;;;;;;;;;;;;;;;;;;;;;;;;;;;;;;;;;;;;;;;;;;;;;;;;;;;;;;;;;;;;;;;;;;;;;;;;;;;;;;;;;;;;;;;;;;;;;;;;;;;;;;;;;;;;;;;;;;;;;;;;;;;;;;;;;;;;;;;;;;;;;;;;;;;;;;;;;;;;;;;;;;;;;;;;;;;;;;;;;;;;;;;;;;;;;;;;;;;;;;;;;;;;;;;;;;;;;;;;;;;;;;;;;;;;;
14/01/2026;INDIA - DECLARATIONS IMPORTS;VENTOS INDIA PRIVATE LIMITED;INDIA;ERNESTO VENTOS;SPAIN;29157090 - SATURATED ACYCLIC MONOCARBOXYLIC ACIDS AND THEIR ANHYDRIDES, HAL(..) PALMITIC ACID, STEARIC ACID, THEIR SALTS AND ESTERS OTHER;ISOPROPYL 2-METHYLBUTYRATE ISOPROPYL 2-METHYLBUTYRATE;50,00;KILOGRAMS;1.130,39;IMPORT;AIR;DECLARATIONS;ERNESTO VENTOS, S.A.;;;;;;;;;;;;;;;;;;;;;;;;;;;;;;;;;;;;;;;;;;;;;;;;;;;;;;;;;;;;;;;;;;;;;;;;;;;;;;;;;;;;;;;;;;;;;;;;;;;;;;;;;;;;;;;;;;;;;;;;;;;;;;;;;;;;;;;;;;;;;;;;;;;;;;;;;;;;;;;;;;;;;;;;;;;;;;;;;;;;;;;;;;;;;;;;;;;;;;;;;;;;;;;;;;;;;;;;;;;;;;;;;;;;;;;;;;;;;;;;;;
13/01/2026;COLOMBIA - IMPORT;LA TOUR S.A.;COLOMBIA;ERNESTO VENTOS;GERMANY;2915399090 - SATURATED ACYCLIC MONOCARBOXYLIC ACIDS AND THEIR ANHYDRIDES, HALIDES, PEROXIDES A(..) ESTERS OF ACETIC ACID:OTHER OTHER: OTHER;DO CLOMMA291551. PEDIDO TRAMITE: IMP5542 VENTOS. DECLARACION(1-7). (CLOSAMMY) MERCANCIA NUEVA. PRODUCTO: ISOANANAT (CYCLOGALBANATE). NOMBRE COMERCIAL: ISOANANAT (CYCLOGALBANATE). NO. CAS (NUMERO DE REGISTRO DEL CHEMICAL ABSTRACTS SERVICE): 68901-15-5. CALIDAD: T¿CNICO. ASPECTO FISICO: LIQUIDO. CONCENTRACION: 98% ISOANANAT (CYCLOGALBANATE) Y 2% ELEMENTOS DE LA S¿NTESIS. TIPO DE EMPAQUE: 1 ENVASE PLASTICO X 25 KG. USO: INDUSTRIAL- MATERIA PRIMA PARA LA ELABORACION DE PRODUCTOS INTERMEDIOS (FRAGANCIAS), PORPARTE DE LA INDUSTRIA DE FRAGANCIAS. NO ES PRODUCTO DE CONSUMO. MARCA: VENT¿S. LOT NO. L4681795 CANT (25) KGM (ITEM 1);25,00;KILOGRAMS;762,55;IMPORT;MARITIME;DECLARATIONS;ERNESTO VENTOS, SA;;;;;;;;;;;;;;;;;;;;;;;;;;;;;;;;;;;;;;;;;;;;;;;;;;;;;;;;;;;;;;;;;;;;;;;;;;;;;;;;;;;;;;;;;;;;;;;;;;;;;;;;;;;;;;;;;;;;;;;;;;;;;;;;;;;;;;;;;;;;;;;;;;;;;;;;;;;;;;;;;;;;;;;;;;;;;;;;;;;;;;;;;;;;;;;;;;;;;;;;;;;;;;;;;;;;;;;;;;;;;;;;;;;;;;;;;;;;;;;;;;
13/01/2026;COLOMBIA - IMPORT;LA TOUR S.A.;COLOMBIA;ERNESTO VENTOS;ISRAEL;"3301199000 - ESSENTIAL OILS (TERPENELESS OR NOT), INCLUDING CONCRETES AND ABSOLUTES; RESINOI(..) ESSENTIAL OILS OF CITRUS FRUIT:OTHER OTHER";DO CLOMMA291551. PEDIDO TRAMITE: IMP5542 VENTOS. DECLARACION(5-7). (CLOSAMMY) MERCANCIA NUEVA. PRODUCTO: TORONJA BLANCA A.E. ORIGEN: PIEL DE LA FRUTA CITRUS PARADISI MACF. ASPECTO FISICO: LIQUIDO. FORMA DE PRESENTACION Y EMPAQUE: 1 ENVASE PLASTICO X 5 KG.USO: INDUSTRIAL- MATERIA PRIMA PARA LA ELABORACION DE PRODUCTOS INTERMEDIOS (FRAGANCIAS Y SABORIZANTES), POR PARTE DE LA INDUSTRIA DE SABORES Y FRAGANCIAS. NO ES PRODUCTO DE CONSUMO. MARCA: VENT¿S. REFERENCIA: SIN REFERENCIA. LOT NO. L4680274 CANT (5) KGM (ITEM 5);5,00;KILOGRAMS;322,96;IMPORT;MARITIME;DECLARATIONS;ERNESTO VENTOS, SA;;;;;;;;;;;;;;;;;;;;;;;;;;;;;;;;;;;;;;;;;;;;;;;;;;;;;;;;;;;;;;;;;;;;;;;;;;;;;;;;;;;;;;;;;;;;;;;;;;;;;;;;;;;;;;;;;;;;;;;;;;;;;;;;;;;;;;;;;;;;;;;;;;;;;;;;;;;;;;;;;;;;;;;;;;;;;;;;;;;;;;;;;;;;;;;;;;;;;;;;;;;;;;;;;;;;;;;;;;;;;;;;;;;;;;;;;;;;;;;;;;
13/01/2026;COLOMBIA - IMPORT;LA TOUR S.A.;COLOMBIA;ERNESTO VENTOS;UNITED KINGDOM;2915399090 - SATURATED ACYCLIC MONOCARBOXYLIC ACIDS AND THEIR ANHYDRIDES, HALIDES, PEROXIDES A(..) ESTERS OF ACETIC ACID:OTHER OTHER: OTHER;DO CLOMMA291551. PEDIDO TRAMITE: IMP5542 VENTOS. DECLARACION(4-7). (CLOSAMMY) MERCANCIA NUEVA. PRODUCTO: ACETATO DE ISONONILO. NOMBRE COMERCIAL: ACETATO DE ISONONILO. NO. CAS (NUMERO DE REGISTRO DEL CHEMICAL ABSTRACTS SERVICE): 58430-94-7. CALIDAD: USP. ASPECTO FISICO: LIQUIDO. CONCENTRACION: 92% ACETATO DE ISONONILO Y 8% ELEMENTOS DE LA S¿NTESIS. TIPO DE EMPAQUE: 1ENVASE DE ALUMINIO X 5 KG. USO: INDUSTRIAL- MATERIA PRIMA PARA LA ELABORACION DE PRODUCTOS INTERMEDIOS (FRAGANCIAS), POR PARTE DE LA INDUSTRIADE FRAGANCIAS. NO ES PRODUCTO DE CONSUMO. MARCA: VENT¿S. LOT NO. L4669508 CANT (5) KGM (ITEM 4);5,00;KILOGRAMS;190,40;IMPORT;MARITIME;DECLARATIONS;ERNESTO VENTOS, SA;;;;;;;;;;;;;;;;;;;;;;;;;;;;;;;;;;;;;;;;;;;;;;;;;;;;;;;;;;;;;;;;;;;;;;;;;;;;;;;;;;;;;;;;;;;;;;;;;;;;;;;;;;;;;;;;;;;;;;;;;;;;;;;;;;;;;;;;;;;;;;;;;;;;;;;;;;;;;;;;;;;;;;;;;;;;;;;;;;;;;;;;;;;;;;;;;;;;;;;;;;;;;;;;;;;;;;;;;;;;;;;;;;;;;;;;;;;;;;;;;;
13/01/2026;COLOMBIA - IMPORT;LA TOUR S.A.;COLOMBIA;ERNESTO VENTOS;BRAZIL;"3301191000 - ESSENTIAL OILS (TERPENELESS OR NOT), INCLUDING CONCRETES AND ABSOLUTES; RESIN(..) ESSENTIAL OILS OF CITRUS FRUIT:OTHER OF LIME";DO CLOMMA291551. PEDIDO TRAMITE: IMP5542 VENTOS. DECLARACION(3-7). (CLOSAMMY) MERCANCIA NUEVA. PRODUCTO: LIMA EXPRIMIDA MEXICANA A.E. ORIGEN: CASCARA DEL FRUTO DE LA PLANTA CITRUS AURANTIFOLIA SWINGLE. ASPECTO FISICO: LIQUIDO. FORMA DE PRESENTACION Y EMPAQUE: 1 TAMBOR METALICO X 174 KG. USO: INDUSTRIAL- MATERIA PRIMA PARA LA ELABORACION DE PRODUCTOS INTERMEDIOS (FRAGANCIAS Y SABORIZANTES), POR PARTE DE LA INDUSTRIA DE SABORES YFRAGANCIAS. NO ES PRODUCTO DE CONSUMO. MARCA: VENT¿S. REFERENCIA: SIN REFERENCIA. LOT NO. L4676707 CANT (174) KGM (ITEM 3);174,00;KILOGRAMS;12.098,82;IMPORT;MARITIME;DECLARATIONS;ERNESTO VENTOS, SA;;;;;;;;;;;;;;;;;;;;;;;;;;;;;;;;;;;;;;;;;;;;;;;;;;;;;;;;;;;;;;;;;;;;;;;;;;;;;;;;;;;;;;;;;;;;;;;;;;;;;;;;;;;;;;;;;;;;;;;;;;;;;;;;;;;;;;;;;;;;;;;;;;;;;;;;;;;;;;;;;;;;;;;;;;;;;;;;;;;;;;;;;;;;;;;;;;;;;;;;;;;;;;;;;;;;;;;;;;;;;;;;;;;;;;;;;;;;;;;;;;
13/01/2026;COLOMBIA - IMPORT;LA TOUR S.A.;COLOMBIA;ERNESTO VENTOS;INDIA;2915502200 - SATURATED ACYCLIC MONOCARBOXYLIC ACIDS AND THEIR ANHYDRIDES,(..) PROPIONIC ACID, ITS SALTS AND ESTERS SALTS AND ESTERS: ESTERS;DO CLOMMA291551. PEDIDO TRAMITE: IMP5542 VENTOS. DECLARACION(7-7). (CLOSAMMY) MERCANCIA NUEVA. PRODUCTO: PROPIONATO DE HEXILO. NOMBRE COMERCIAL: PROPIONATO DE HEXILO. NO. CAS (NUMERO DE REGISTRO DEL CHEMICAL ABSTRACTS SERVICE): 2445-76-3. CALIDAD: FENAROLI. ASPECTO FISICO: LIQUIDO. CONCENTRACION: 95% PROPIONATO DE HEXILO Y 5% ELEMENTOS DE LA S¿NTESIS. TIPO DE EMPAQUE: 1 ENVASE DE ALUMINIO X 3 KG. USO: INDUSTRIAL- MATERIA PRIMA PARA LA ELABORACION DE PRODUCTOS INTERMEDIOS (SABORIZANTES), POR PARTE DE LA INDUSTRIA DE SABORES . NO ES PRODUCTO DE CONSUMO. MARCA: VENT¿S. LOT NO. L4664619 CANT (3) KGM (ITEM 7);3,00;KILOGRAMS;228,87;IMPORT;MARITIME;DECLARATIONS;ERNESTO VENTOS, SA;;;;;;;;;;;;;;;;;;;;;;;;;;;;;;;;;;;;;;;;;;;;;;;;;;;;;;;;;;;;;;;;;;;;;;;;;;;;;;;;;;;;;;;;;;;;;;;;;;;;;;;;;;;;;;;;;;;;;;;;;;;;;;;;;;;;;;;;;;;;;;;;;;;;;;;;;;;;;;;;;;;;;;;;;;;;;;;;;;;;;;;;;;;;;;;;;;;;;;;;;;;;;;;;;;;;;;;;;;;;;;;;;;;;;;;;;;;;;;;;;;
13/01/2026;COLOMBIA - IMPORT;LA TOUR S.A.;COLOMBIA;ERNESTO VENTOS;CHINA;2933999000 - HETEROCYCLIC COMPOUNDS WITH NITROGEN HETERO-ATOM(S) ONLY. OTHER:OTHER OTHER;DO CLOMMA291551. PEDIDO TRAMITE: IMP5542 VENTOS. DECLARACION(2-7). (CLOSAMMY) MERCANCIA NUEVA. PRODUCTO: 2-ETIL-3,(5,6)-DIMETILPIRAZINA. NOMBRE COMERCIAL: 2-ETIL-3,(5,6)-DIMETILPIRAZINA. NO. CAS (NUMERO DE REGISTRO DEL CHEMICAL ABSTRACTS SERVICE): 13925-07-0. CALIDAD: T¿CNICO. ASPECTO FISICO: LIQUIDO. CONCENTRACION: 99% 2-ETIL-3,(5,6)-DIMETILPIRAZINA Y 1% ELEMENTOS DE LA S¿NTESIS. TIPO DE EMPAQUE: 1 ENVASE DE ALUMINIO X 1 KG. USO: INDUSTRIAL- MATERIA PRIMA PARA LA ELABORACION DE PRODUCTOS INTERMEDIOS (SABORIZANTES), POR PARTE DE LA INDUSTRIA DE SABORES . NO ES PRODUCTO DE CONSUMO. MARCA: VENT¿S. LOT NO. L4675671 CANT (1) KGM (ITEM 2);1,00;KILOGRAMS;244,00;IMPORT;MARITIME;DECLARATIONS;ERNESTO VENTOS, SA;;;;;;;;;;;;;;;;;;;;;;;;;;;;;;;;;;;;;;;;;;;;;;;;;;;;;;;;;;;;;;;;;;;;;;;;;;;;;;;;;;;;;;;;;;;;;;;;;;;;;;;;;;;;;;;;;;;;;;;;;;;;;;;;;;;;;;;;;;;;;;;;;;;;;;;;;;;;;;;;;;;;;;;;;;;;;;;;;;;;;;;;;;;;;;;;;;;;;;;;;;;;;;;;;;;;;;;;;;;;;;;;;;;;;;;;;;;;;;;;;;
13/01/2026;COLOMBIA - IMPORT;LA TOUR S.A.;COLOMBIA;ERNESTO VENTOS;SPAIN;3301299000 - ESSENTIAL OILS (TERPENELESS OR NOT), INCLUDING CONCRETES AND A(..) ESSENTIAL OILS OTHER THAN THOSE OF CITRUS FRUIT:OTHER OTHER;DO CLOMMA291551. PEDIDO TRAMITE: IMP5542 VENTOS. DECLARACION(6-7). (CLOSAMMY) MERCANCIA NUEVA,NOS ACOGEMOS AL DECRETO N¿MERO 2247 DE 2014 MINISTERIO DE COMERCIO, INDUSTRIA Y TURISMO. CIRCULAR N¿MERO 22 DE 2013 DIRECCI¿N DE IMPUESTOS Y ADUANAS NACIONALES TLC UNI¿N EUROPEA. NO DE AUTORIZACI¿N: ESEAOR19000171. PRODUCTO: YLANG YLANG II. ORIGEN: FLORES DE LA PLANTA CANANGA ODORATA HOOK F. & THOMSON. ASPECTO FISICO: LIQUIDO. FORMA DE PRESENTACION Y EMPAQUE: 1 ENVASE DE ALUMINIO X 9.6 KG. USO: INDUSTRIAL- MATERIAPRIMA PARA LA ELABORACION DE PRODUCTOS INTERMEDIOS (FRAGANCIAS), POR PARTE DE LA INDUSTRIA DE FRAGANCIAS. NO ES PRODUCTO DE CONSUMO. MARCA: VENT¿S. REFERENCIA: SIN REFERENCIA. LOT NO. L4664216 CANT (9.6) KGM (ITEM 6);9,60;KILOGRAMS;2.658,63;IMPORT;MARITIME;DECLARATIONS;ERNESTO VENTOS, SA;;;;;;;;;;;;;;;;;;;;;;;;;;;;;;;;;;;;;;;;;;;;;;;;;;;;;;;;;;;;;;;;;;;;;;;;;;;;;;;;;;;;;;;;;;;;;;;;;;;;;;;;;;;;;;;;;;;;;;;;;;;;;;;;;;;;;;;;;;;;;;;;;;;;;;;;;;;;;;;;;;;;;;;;;;;;;;;;;;;;;;;;;;;;;;;;;;;;;;;;;;;;;;;;;;;;;;;;;;;;;;;;;;;;;;;;;;;;;;;;;;
10/01/2026;INDIA - DECLARATIONS EXPORTS;ERNESTO VENTOS;SPAIN;VENTOS INDIA PRIVATE LIMITED;INDIA;29061990 - CYCLIC ALCOHOLS AND THEIR HALOGENATED, SULPHONATED, NITRATED OR NITROSATED(..) CYCLANIC, CYCLENIC OR CYCLOTERPENIC:OTHER OTHER;JAVANOL-C.A.S. NO.198404-98-7,LOT NO. L4213928;150,00;KILOGRAMS;22.828,26;EXPORT;AIR;DECLARATIONS;VENTOS INDIA PRIVATE LIMITED;;;;;;;;;;;;;;;;;;;;;;;;;;;;;;;;;;;;;;;;;;;;;;;;;;;;;;;;;;;;;;;;;;;;;;;;;;;;;;;;;;;;;;;;;;;;;;;;;;;;;;;;;;;;;;;;;;;;;;;;;;;;;;;;;;;;;;;;;;;;;;;;;;;;;;;;;;;;;;;;;;;;;;;;;;;;;;;;;;;;;;;;;;;;;;;;;;;;;;;;;;;;;;;;;;;;;;;;;;;;;;;;;;;;;;;;;;;;;;;;;;
10/01/2026;COLOMBIA - IMPORT;PRODUCTORA NACIONAL DE AROMAS FRAGANCIAS Y COLORANTES S.A. D;COLOMBIA;ERNESTO VENTOS;FRANCE;3301299000 - ESSENTIAL OILS (TERPENELESS OR NOT), INCLUDING CONCRETES AND A(..) ESSENTIAL OILS OTHER THAN THOSE OF CITRUS FRUIT:OTHER OTHER;"DO I87447 PEDIDO PEDIDO 1813 DECLARACION 45 DE 45;SE APLICA DESCUENTO SEGUN NOTA DE CREDITO DEL EXPORTADOR N¿ AVB_O0667 DE 16/12/2025. RAZON: DESCUENTO DEL 1% SOBRE LAS VENTAS POR CANTIDAD O VOLUMEN (RAPPEL) RESOLUCION 1684/2014 ARTICULO 10 // MERCANCIA NUEVA //FACTURA: O37555, FECHA: 16-12-2025, NOS ACOGEMOS AL DECRETO 2247 DE 2014 ACUERDO COMERCIAL ENTRE COLOMBIA Y LA UNION EUROPEA, EXPORTADOR AUTORIZADO ESEAOR19000171 DECLARACION EN FACTURA . ITEM 72FACTURA O37555 DEL 16-12-2025, CANTIDAD: 0.1 KILOGRAMO,PRODUCTO: ACEITE ESENCIAL DE ANGELICA SEMILLAS, ORIGEN: ACEITE ESENCIAL DE ANGELICA EXTRAIDO DE LAS SEMILLAS DE LA PLANTA ANGELICA ARCHANGELICA L, ASPECTO F¿SICO: LIQUIDO FLUIDO TRANSPARENTE, FORMA DE PRESENTACI¿N Y EMPAQUE: BIDON X 0,10 KG, USO: MATERIAPRIMA PARA ELABORACION DE AROMAS Y FRAGANCIAS, PARA LA INDUSTRIA DE AROMAS Y FRAGANCIAS, COMO USO FINAL EN JABONES, DETERGENTES, LIMPIADORES, EN INDUSTRIA EN GENERAL TAMBIEN PUEDE SER USADO PARA ASEO DEL HOGAR, MARCA: VENTOS, REFERENCIA: SIN REFERENCIA,LOTE: L4678390 PAIS DE ORIGEN: FRANCIA(275)¿";0,10;KILOGRAMS;183,36;IMPORT;MARITIME;DECLARATIONS;ERNESTO VENTOS S.A.;;;;;;;;;;;;;;;;;;;;;;;;;;;;;;;;;;;;;;;;;;;;;;;;;;;;;;;;;;;;;;;;;;;;;;;;;;;;;;;;;;;;;;;;;;;;;;;;;;;;;;;;;;;;;;;;;;;;;;;;;;;;;;;;;;;;;;;;;;;;;;;;;;;;;;;;;;;;;;;;;;;;;;;;;;;;;;;;;;;;;;;;;;;;;;;;;;;;;;;;;;;;;;;;;;;;;;;;;;;;;;;;;;;;;;;;;;;;;;;;;;
10/01/2026;COLOMBIA - IMPORT;PRODUCTORA NACIONAL DE AROMAS FRAGANCIAS Y COLORANTES S.A. D;COLOMBIA;ERNESTO VENTOS;UNITED STATES OF AMERICA;2912499000 - ALDEHYDES, WHETHER OR NOT WITH OTHE(..) ALDEHYDE-ETHERS, ALDEHYDE-PHENOLS AND ALDEHYDES WITH OTHER OXYGEN FUNCTION:OTHER OTHER;"DO I87447 PEDIDO PEDIDO 1813 DECLARACION 44 DE 45;SE APLICA DESCUENTO SEGUN NOTA DE CREDITO DEL EXPORTADOR N¿ AVB_O0667 DE 16/12/2025. RAZON: DESCUENTO DEL 1% SOBRE LAS VENTAS POR CANTIDAD O VOLUMEN (RAPPEL) RESOLUCION 1684/2014 ARTICULO 10 // MERCANCIA NUEVA //FACTURA: O37555, FECHA: 16-12-2025. ITEM 71FACTURA O37555 DEL 16-12-2025, CANTIDAD: 0.25 KILOGRAMO, PRODUCTO: 4,7-METHANO-1H-INDENE-2-CARBOXALDEHYDE,OCTAHYDRO, NOMBRE COMERCIAL: SCENTENAL, NO. CAS (N¿MERO DE REGISTRO DEL CHEMICAL ABSTRACTS SERVICE): 86803-90-9, CALIDAD: FCC, ASPECTO F¿SICO: LIQUIDO FLUIDO TRANSPARENTE, CONCENTRACI¿N: 100% SCENTENAL, TIPO DE EMPAQUE: BIDON X 1 KG, USO: MATERIA PRIMA PARA ELABORACION DE AROMASY FRAGANCIAS, PARA LA INDUSTRIA DE AROMAS Y FRAGANCIAS, COMO USO FINAL EN JABONES, DETERGENTES, LIMPIADORES, EN INDUSTRIA EN GENERAL TAMBIEN PUEDE SER USADO PARA ASEO DEL HOGAR, MARCA: VENTOS, LOTE: L4673175 PAIS DE ORIGEN: ESTADOS UNIDOS(249)¿";0,25;KILOGRAMS;161,05;IMPORT;MARITIME;DECLARATIONS;ERNESTO VENTOS S.A.;;;;;;;;;;;;;;;;;;;;;;;;;;;;;;;;;;;;;;;;;;;;;;;;;;;;;;;;;;;;;;;;;;;;;;;;;;;;;;;;;;;;;;;;;;;;;;;;;;;;;;;;;;;;;;;;;;;;;;;;;;;;;;;;;;;;;;;;;;;;;;;;;;;;;;;;;;;;;;;;;;;;;;;;;;;;;;;;;;;;;;;;;;;;;;;;;;;;;;;;;;;;;;;;;;;;;;;;;;;;;;;;;;;;;;;;;;;;;;;;;;
10/01/2026;COLOMBIA - IMPORT;PRODUCTORA NACIONAL DE AROMAS FRAGANCIAS Y COLORANTES S.A. D;COLOMBIA;ERNESTO VENTOS;CHINA;2911000000 - ACETALS AND HEMIACET(..) ACETALS AND HEMIACETALS, WHETHER OR NOT WITH OTHER OXYGEN FUNCTION, AND THEIR HALOGENATED, SULPHONAT(..);"DO I87447 PEDIDO PEDIDO 1813 DECLARACION 43 DE 45;SE APLICA DESCUENTO SEGUN NOTA DE CREDITO DEL EXPORTADOR N¿ AVB_O0667 DE 16/12/2025. RAZON: DESCUENTO DEL 1% SOBRE LAS VENTAS POR CANTIDAD O VOLUMEN (RAPPEL) RESOLUCION 1684/2014 ARTICULO 10 // MERCANCIA NUEVA //FACTURA: O37555, FECHA: 16-12-2025. ITEM 70FACTURA O37555 DEL 16-12-2025, CANTIDAD: 0.25 KILOGRAMO, PRODUCTO: ACETALDEHIDO: FENILETIL PROPIL ACETAL, NOMBRE COMERCIAL: HYACINTH BODY NO. 3, NO. CAS (N¿MERO DE REGISTRO DEL CHEMICAL ABSTRACTS SERVICE): 7493-57-4, CALIDAD: FCC, ASPECTO F¿SICO: LIQUIDO FLUIDO TRANSPARENTE, CONCENTRACI¿N: 100% HYACINTH BODY NO. 3, TIPO DE EMPAQUE: BIDON X 0,25 KG, USO: MATERIA PRIMA PARA ELABORACION DE AROMAS Y FRAGANCIAS, PARA LA INDUSTRIA DE AROMAS Y FRAGANCIAS, COMO USO FINAL EN JABONES, DETERGENTES, LIMPIADORES, EN INDUSTRIA EN GENERAL TAMBIEN PUEDE SER USADO PARA ASEO DEL HOGAR, MARCA: VENTOS, LOTE: L4678648 PAIS DE ORIGEN: CHINA(215)¿";0,25;KILOGRAMS;151,14;IMPORT;MARITIME;DECLARATIONS;ERNESTO VENTOS S.A.;;;;;;;;;;;;;;;;;;;;;;;;;;;;;;;;;;;;;;;;;;;;;;;;;;;;;;;;;;;;;;;;;;;;;;;;;;;;;;;;;;;;;;;;;;;;;;;;;;;;;;;;;;;;;;;;;;;;;;;;;;;;;;;;;;;;;;;;;;;;;;;;;;;;;;;;;;;;;;;;;;;;;;;;;;;;;;;;;;;;;;;;;;;;;;;;;;;;;;;;;;;;;;;;;;;;;;;;;;;;;;;;;;;;;;;;;;;;;;;;;;
10/01/2026;COLOMBIA - IMPORT;PRODUCTORA NACIONAL DE AROMAS FRAGANCIAS Y COLORANTES S.A. D;COLOMBIA;ERNESTO VENTOS;INDIA;2916199000 - UNSATURATED       AC(..) UNSATURATED ACYCLIC MONOCARBOXYLIC ACIDS, THEIR ANHYDRIDES, HALIDES, PEROXIDES, PEROXYACIDS AND(..) OTHER;"DO I87447 PEDIDO PEDIDO 1813 DECLARACION 42 DE 45;SE APLICA DESCUENTO SEGUN NOTA DE CREDITO DEL EXPORTADOR N¿ AVB_O0667 DE 16/12/2025. RAZON: DESCUENTO DEL 1% SOBRE LAS VENTAS POR CANTIDAD O VOLUMEN (RAPPEL) RESOLUCION 1684/2014 ARTICULO 10 // MERCANCIA NUEVA //FACTURA: O37555, FECHA: 16-12-2025. ITEM 69FACTURA O37555 DEL 16-12-2025, CANTIDAD: 0.5 KILOGRAMO, PRODUCTO: TRANS-2-METIL-2-BUTENOATO DE CIS-3-HEXENILO, NOMBRE COMERCIAL: TIGLATO CIS-3-HEXENILO, NO. CAS (N¿MERO DE REGISTRO DEL CHEMICAL ABSTRACTS SERVICE): 67883-79-8 / 84060-80-0, CALIDAD: FCC, ASPECTO F¿SICO: LIQUIDO FLUIDO TRANSPARENTE, CONCENTRACI¿N: 100% TIGLATO CIS-3-HEXENILO, TIPO DE EMPAQUE: BIDON X 0.5 KG, USO: MATERIA PRIMA PARA ELABORACION DE AROMAS Y FRAGANCIAS, PARA LA INDUSTRIA DE AROMASY FRAGANCIAS, COMO USO FINAL EN JABONES, DETERGENTES, LIMPIADORES, EN INDUSTRIA EN GENERAL TAMBIEN PUEDE SER USADO PARA ASEO DEL HOGAR, MARCA: VENTOS, LOTE: L4654583 PAIS DE ORIGEN: INDIA(361)¿";0,50;KILOGRAMS;391,50;IMPORT;MARITIME;DECLARATIONS;ERNESTO VENTOS S.A.;;;;;;;;;;;;;;;;;;;;;;;;;;;;;;;;;;;;;;;;;;;;;;;;;;;;;;;;;;;;;;;;;;;;;;;;;;;;;;;;;;;;;;;;;;;;;;;;;;;;;;;;;;;;;;;;;;;;;;;;;;;;;;;;;;;;;;;;;;;;;;;;;;;;;;;;;;;;;;;;;;;;;;;;;;;;;;;;;;;;;;;;;;;;;;;;;;;;;;;;;;;;;;;;;;;;;;;;;;;;;;;;;;;;;;;;;;;;;;;;;;
10/01/2026;COLOMBIA - IMPORT;PRODUCTORA NACIONAL DE AROMAS FRAGANCIAS Y COLORANTES S.A. D;COLOMBIA;ERNESTO VENTOS;INDIA;2915130000 - SATURATED ACYCLIC MONOCARBOXYLIC ACIDS AND THEIR ANHYDRIDES, HALI(..) FORMIC ACID, ITS SALTS AND ESTERS:ESTERS OF FORMIC ACID;"DO I87447 PEDIDO PEDIDO 1813 DECLARACION 41 DE 45;SE APLICA DESCUENTO SEGUN NOTA DE CREDITO DEL EXPORTADOR N¿ AVB_O0667 DE 16/12/2025. RAZON: DESCUENTO DEL 1% SOBRE LAS VENTAS POR CANTIDAD O VOLUMEN (RAPPEL) RESOLUCION 1684/2014 ARTICULO 10 // MERCANCIA NUEVA //FACTURA: O37555, FECHA: 16-12-2025. ITEM 66FACTURA O37555 DEL 16-12-2025, CANTIDAD: 1KILOGRAMO, PRODUCTO: METANOATO DE 2-FENILETILO, NOMBRE COMERCIAL: PHENYL ETHYL FORMATE, NO. CAS (N¿MERO DE REGISTRO DEL CHEMICAL ABSTRACTS SERVICE): 104-62-1, CALIDAD: FCC, ASPECTO F¿SICO: LIQUIDO FLUIDO TRANSPARENTE, CONCENTRACI¿N: 100% PHENYL ETHYL FORMATE, TIPO DE EMPAQUE: BIDON X 1 KG, USO: MATERIA PRIMA PARA ELABORACION DE AROMAS Y FRAGANCIAS, PARA LA INDUSTRIA DE AROMAS Y FRAGANCIAS, COMO USO FINAL EN JABONES,DETERGENTES, LIMPIADORES, EN INDUSTRIA EN GENERAL TAMBIEN PUEDE SER USADO PARA ASEO DEL HOGAR, MARCA: VENTOS, LOTE: L4662608 PAIS DE ORIGEN: INDIA(361)¿";1,00;KILOGRAMS;123,89;IMPORT;MARITIME;DECLARATIONS;ERNESTO VENTOS S.A.;;;;;;;;;;;;;;;;;;;;;;;;;;;;;;;;;;;;;;;;;;;;;;;;;;;;;;;;;;;;;;;;;;;;;;;;;;;;;;;;;;;;;;;;;;;;;;;;;;;;;;;;;;;;;;;;;;;;;;;;;;;;;;;;;;;;;;;;;;;;;;;;;;;;;;;;;;;;;;;;;;;;;;;;;;;;;;;;;;;;;;;;;;;;;;;;;;;;;;;;;;;;;;;;;;;;;;;;;;;;;;;;;;;;;;;;;;;;;;;;;;
10/01/2026;COLOMBIA - IMPORT;PRODUCTORA NACIONAL DE AROMAS FRAGANCIAS Y COLORANTES S.A. D;COLOMBIA;ERNESTO VENTOS;BRAZIL;"1301909000 - LAC; NATURAL GUMS, RESINS, GUM-RESINS AND OLEORESINS (FOR EXAMPLE, BALSAMS). OTHER OTHER";"DO I87447 PEDIDO PEDIDO 1813 DECLARACION 40 DE 45;SE APLICA DESCUENTO SEGUN NOTA DE CREDITO DEL EXPORTADOR N¿ AVB_O0667 DE 16/12/2025. RAZON: DESCUENTO DEL 1% SOBRE LAS VENTAS POR CANTIDAD O VOLUMEN (RAPPEL) RESOLUCION 1684/2014 ARTICULO 10 // MERCANCIA NUEVA //FACTURA: O37555, FECHA: 16-12-2025. ITEM 65FACTURA O37555 DEL 16-12-2025, CANTIDAD: 1KILOGRAMO, PRODUCTO: BALSAMO COPAIBA, PRESENTACI¿N: LIQUIDO SEMIVISCOSO TRANSPARENTE, USO: MATERIA PRIMA PARA ELABORACION DE AROMAS Y FRAGANCIAS, PARA LA INDUSTRIA DE AROMAS Y FRAGANCIAS, COMO USO FINAL EN JABONES, DETERGENTES, LIMPIADORES, EN INDUSTRIA EN GENERAL TAMBIEN PUEDE SER USADO PARA ASEO DEL HOGAR, MARCA: VENTOS, LOTE: L4669202 PAISDE ORIGEN: BRASIL(105)¿";1,00;KILOGRAMS;148,67;IMPORT;MARITIME;DECLARATIONS;ERNESTO VENTOS S.A.;;;;;;;;;;;;;;;;;;;;;;;;;;;;;;;;;;;;;;;;;;;;;;;;;;;;;;;;;;;;;;;;;;;;;;;;;;;;;;;;;;;;;;;;;;;;;;;;;;;;;;;;;;;;;;;;;;;;;;;;;;;;;;;;;;;;;;;;;;;;;;;;;;;;;;;;;;;;;;;;;;;;;;;;;;;;;;;;;;;;;;;;;;;;;;;;;;;;;;;;;;;;;;;;;;;;;;;;;;;;;;;;;;;;;;;;;;;;;;;;;;
10/01/2026;COLOMBIA - IMPORT;PRODUCTORA NACIONAL DE AROMAS FRAGANCIAS Y COLORANTES S.A. D;COLOMBIA;ERNESTO VENTOS;SPAIN;"3301130000 - ESSENTIAL OILS (TERPENELESS OR NOT), INCLUDING CONCRETES AND ABSOLUTES; RESINOIDS(..) ESSENTIAL OILS OF CITRUS FRUIT:OF LEMON";"DO I87447 PEDIDO PEDIDO 1813 DECLARACION 39 DE 45;SE APLICA DESCUENTO SEGUN NOTA DE CREDITO DEL EXPORTADOR N¿ AVB_O0667 DE 16/12/2025. RAZON: DESCUENTO DEL 1% SOBRE LAS VENTAS POR CANTIDAD O VOLUMEN (RAPPEL) RESOLUCION 1684/2014 ARTICULO 10 // MERCANCIA NUEVA //FACTURA: O37555, FECHA: 16-12-2025, NOS ACOGEMOS AL DECRETO 2247 DE 2014 ACUERDO COMERCIAL ENTRE COLOMBIA Y LA UNION EUROPEA, EXPORTADOR AUTORIZADO ESEAOR19000171 DECLARACION EN FACTURA . ITEM 60FACTURA O37555 DEL 16-12-2025, CANTIDAD: 5 KILOGRAMO, PRODUCTO: ACEITE ESENCIAL DE LIMON, ORIGEN: ACEITE ESENCIAL DE LIMON EXTRAIDO DE LA PIEL DEL FRUTO CITRUS LIMONUM, ASPECTO F¿SICO: LIQUIDO FLUIDO TRANSPARENTE, FORMA DE PRESENTACI¿N YEMPAQUE: BIDON X 5KG, USO: MATERIA PRIMA PARA ELABORACION DE AROMAS Y FRAGANCIAS, PARA LA IND DE AROMAS Y FRAGANCIAS, COMO USO FINAL EN JABONES DETERGENTES LIMPIADORES, EN INDUSTRIA EN GENERAL TAMBIEN PUEDE SER USADO PARA ASEO DEL HOGAR, MARCA: VENTOS, REFERENCIA: SIN REFERENCIA, LOTE: L4680239 PAIS DE ORIGEN: ESPA¿A(245)¿";5,00;KILOGRAMS;183,36;IMPORT;MARITIME;DECLARATIONS;ERNESTO VENTOS S.A.;;;;;;;;;;;;;;;;;;;;;;;;;;;;;;;;;;;;;;;;;;;;;;;;;;;;;;;;;;;;;;;;;;;;;;;;;;;;;;;;;;;;;;;;;;;;;;;;;;;;;;;;;;;;;;;;;;;;;;;;;;;;;;;;;;;;;;;;;;;;;;;;;;;;;;;;;;;;;;;;;;;;;;;;;;;;;;;;;;;;;;;;;;;;;;;;;;;;;;;;;;;;;;;;;;;;;;;;;;;;;;;;;;;;;;;;;;;;;;;;;;
10/01/2026;COLOMBIA - IMPORT;PRODUCTORA NACIONAL DE AROMAS FRAGANCIAS Y COLORANTES S.A. D;COLOMBIA;ERNESTO VENTOS;CHINA;"2915909000 - SATURATED ACYCLIC MONOCARBOXYLIC ACIDS AND THEIR ANHYDRIDES, HALIDES, PEROXIDES AND PEROXYACIDS; THEIR HALOGEN(..) OTHER OTHER";"DO I87447 PEDIDO PEDIDO 1813 DECLARACION 38 DE 45;SE APLICA DESCUENTO SEGUN NOTA DE CREDITO DEL EXPORTADOR N¿ AVB_O0667 DE 16/12/2025. RAZON: DESCUENTO DEL 1% SOBRE LAS VENTAS POR CANTIDAD O VOLUMEN (RAPPEL) RESOLUCION 1684/2014 ARTICULO 10 // MERCANCIA NUEVA //FACTURA: O37555, FECHA: 16-12-2025. ITEM 56FACTURA O37555 DEL 16-12-2025, CANTIDAD: 5KILOGRAMO, PRODUCTO: HEXANOATO DE 3-METILBUTILO, NOMBRE COMERCIAL: ISOAMYL HEXANOATE (CAPROATE), NO. CAS (N¿MERO DE REGISTRO DEL CHEMICAL ABSTRACTS SERVICE): 2198-61-0, CALIDAD: FCC, ASPECTO F¿SICO: LIQUIDO FLUIDO TRANSPARENTE, CONCENTRACI¿N: 100% ISOAMYL HEXANOATE (CAPROATE), TIPO DE EMPAQUE: BIDON X 1 KG, USO: MATERIA PRIMA PARA ELABORACION DE AROMAS Y FRAGANCIAS, PARA LA INDUSTRIA DE AROMAS Y FRAGANCIAS, COMO USOFINAL EN JABONES, DETERGENTES, LIMPIADORES, EN INDUSTRIA EN GENERAL TAMBIEN PUEDE SER USADO PARA ASEO DEL HOGAR, MARCA: VENTOS, LOTE: L4664716 PAIS DE ORIGEN: INDIA(361)¿,. ITEM 63, CANTIDAD: 2 KILOGRAMO, PRODUCTO: HEXANOATO DE CIS 3- HEXENILO, NOMBRE COMERCIAL: CIS-3-HEXENYL CAPROATE, NO. CAS (N¿MERO DE REGISTRO DEL CHEMICAL ABSTRACTS SERVICE): 31501-11-8, CALIDAD: FCC, ASPECTO F¿SICO: LIQUIDO FLUIDO TRANSPARENTE, CONCENTRACI¿N: 100% CIS -3-HEXENYL HEXANOATE, TIPO DE EMPAQUE: BIDON X 1 KG, USO: MATERIAPRIMA PARA ELABORACION DE AROMAS Y FRAGANCIAS, PARA LA IND DE AROMAS Y FRAGANCIAS, COMO USO FINAL ENJABONES DETERGENTES LIMPIADORES, EN INDUSTRIA EN GENERAL TAMBIEN PUEDE SER USADO PARA ASEO DEL HOGAR, MARCA: VENTOS, LOTE: L4678066 PAIS DE ORIGEN: CHINA(215)¿,. ITEM 68, CANTIDAD: 1 KILOGRAMO, PRODUCTO: HEXANOATO DE PENTILO, NOMBRE COMERCIAL: AMYL HEXANOATE (CAPROATO), NO. CAS (N¿MERO DE REGISTRO DEL CHEMICAL ABSTRACTS SERVICE): 540-07-8,CALIDAD: FCC, ASPECTO F¿SICO: LIQUIDO FLUIDO TRANSPARENTE, CONCENTRACI¿N: 100% AMYL HEXANOATE (CAPROATO), TIPO DE EMPAQUE: BIDON X 1 KG, USO: MATERIA PRIMA PARA ELABORACION DE AROMAS Y FRAGANCIAS, PARA LA INDUSTRIA DE AROMAS Y FRAGANCIAS, COMO USO FINAL EN JABONES, DETERGENTES, LIMPIADORES, EN INDUSTRIA EN GENERAL TAMBIENPUEDE SER USADO PARAASEO DEL HOGAR, MARCA: VENTOS, LOTE: L4655457 PAIS DE ORIGEN: CHINA(215)¿";8,00;KILOGRAMS;564,94;IMPORT;MARITIME;DECLARATIONS;ERNESTO VENTOS S.A.;;;;;;;;;;;;;;;;;;;;;;;;;;;;;;;;;;;;;;;;;;;;;;;;;;;;;;;;;;;;;;;;;;;;;;;;;;;;;;;;;;;;;;;;;;;;;;;;;;;;;;;;;;;;;;;;;;;;;;;;;;;;;;;;;;;;;;;;;;;;;;;;;;;;;;;;;;;;;;;;;;;;;;;;;;;;;;;;;;;;;;;;;;;;;;;;;;;;;;;;;;;;;;;;;;;;;;;;;;;;;;;;;;;;;;;;;;;;;;;;;;
10/01/2026;COLOMBIA - IMPORT;PRODUCTORA NACIONAL DE AROMAS FRAGANCIAS Y COLORANTES S.A. D;COLOMBIA;ERNESTO VENTOS;INDIA;2906190000 - CYCLIC ALCOHOLS AND THEIR HALOGENATED, SULPHONATED, NITRATED OR NITROSATED DERI(..) CYCLANIC, CYCLENIC OR CYCLOTERPENIC:OTHER;"DO I87447 PEDIDO PEDIDO 1813 DECLARACION 37 DE 45;SE APLICA DESCUENTO SEGUN NOTA DE CREDITO DEL EXPORTADOR N¿ AVB_O0667 DE 16/12/2025. RAZON: DESCUENTO DEL 1% SOBRE LAS VENTAS POR CANTIDAD O VOLUMEN (RAPPEL) RESOLUCION 1684/2014 ARTICULO 10 // MERCANCIA NUEVA //FACTURA: O37555, FECHA: 16-12-2025. ITEM 54FACTURA O37555 DEL 16-12-2025, CANTIDAD: 10KILOGRAMO, PRODUCTO: 1-(2,2,6-TRIMETILCICLOHEXIL)-HEXAN-3-OL, NOMBRE COMERCIAL: TIMBEROL, NO. CAS (N¿MERO DE REGISTRO DEL CHEMICAL ABSTRACTS SERVICE): 70788-30-6, CALIDAD: FCC, ASPECTO F¿SICO: LIQUIDO VISCOSO TRANSPARENTE, CONCENTRACI¿N: 100% TIMBEROL, TIPO DE EMPAQUE: BIDON X 10 KG, USO: MATERIA PRIMA PARA ELABORACION DE AROMAS Y FRAGANCIAS, PARA LA INDUSTRIA DE AROMAS Y FRAGANCIAS, COMO USO FINAL EN JABONES, DETERGENTES, LIMPIADORES, EN INDUSTRIA EN GENERAL TAMBIEN PUEDE SER USADO PARA ASEO DEL HOGAR, MARCA: VENTOS, LOTE: L4682686 PAIS DE ORIGEN: INDIA(361)¿,. ITEM 55, CANTIDAD: 5 KILOGRAMO, PRODUCTO: (2E)-2-ETIL-4-(2,2,3-TRIMETIL-3-CICLOPENTEN-1-ILO)-2-BUTEN-1-OL, NOMBRE COMERCIAL: SANJINOL, NO. CAS (N¿MERO DE REGISTRO DEL CHEMICAL ABSTRACTS SERVICE): 106185-75-5 / 28219- 61-6, CALIDAD: FCC, ASPECTO F¿SICO: LIQUIDO SEMIVISCOSO TRANSPARENTE, CONCENTRACI¿N: 100% SANJINOL, TIPO DE EMPAQUE: BIDON X 5 KG, USO: MATERIA PRIMA PARA ELABORACION DE AROMAS Y FRAGANCIAS, PARA LA INDUSTRIA DE AROMAS Y FRAGANCIAS, COMO USOFINAL EN JABONES, DETERGENTES, LIMPIADORES, EN INDUSTRIA EN GENERAL TAMBIEN PUEDE SER USADO PARA ASEO DEL HOGAR, MARCA: VENTOS, LOTE: L4669772 PAIS DE ORIGEN: CHINA(215)¿";15,00;KILOGRAMS;787,95;IMPORT;MARITIME;DECLARATIONS;ERNESTO VENTOS S.A.;;;;;;;;;;;;;;;;;;;;;;;;;;;;;;;;;;;;;;;;;;;;;;;;;;;;;;;;;;;;;;;;;;;;;;;;;;;;;;;;;;;;;;;;;;;;;;;;;;;;;;;;;;;;;;;;;;;;;;;;;;;;;;;;;;;;;;;;;;;;;;;;;;;;;;;;;;;;;;;;;;;;;;;;;;;;;;;;;;;;;;;;;;;;;;;;;;;;;;;;;;;;;;;;;;;;;;;;;;;;;;;;;;;;;;;;;;;;;;;;;;
10/01/2026;COLOMBIA - IMPORT;PRODUCTORA NACIONAL DE AROMAS FRAGANCIAS Y COLORANTES S.A. D;COLOMBIA;ERNESTO VENTOS;KAZAKHSTAN;3301299000 - ESSENTIAL OILS (TERPENELESS OR NOT), INCLUDING CONCRETES AND A(..) ESSENTIAL OILS OTHER THAN THOSE OF CITRUS FRUIT:OTHER OTHER;"DO I87447 PEDIDO PEDIDO 1813 DECLARACION 36 DE 45;SE APLICA DESCUENTO SEGUN NOTA DE CREDITO DEL EXPORTADOR N¿ AVB_O0667 DE 16/12/2025. RAZON: DESCUENTO DEL 1% SOBRE LAS VENTAS POR CANTIDAD O VOLUMEN (RAPPEL) RESOLUCION 1684/2014 ARTICULO 10 // MERCANCIA NUEVA //FACTURA: O37555, FECHA: 16-12-2025. ITEM 51FACTURA O37555 DEL 16-12-2025, CANTIDAD: 10KILOGRAMO, PRODUCTO: ACEITE ESENCIAL DE SEMILLAS DE CORIANDRO CORIANDER OIL, ORIGEN: ACEITE ESENCIAL EXTRAIDO DE LOS FRUTOS MADUROS (SEMILLAS) DE LA PLANTA CORIANDRUM SATIVUM, ASPECTO F¿SICO: LIQUIDO FLUIDO TRANSPARENTE, FORMA DE PRESENTACI¿N Y EMPAQUE: BIDON X 10 KG, USO: MATERIA PRIMA PARA ELABORACION DE AROMAS Y FRAGANCIAS, PARA LA INDUSTRIA DE AROMAS Y FRAGANCIAS, COMO USO FINAL EN JABONES, DETERGENTES, LIMPIADORES, EN INDUSTRIA EN GENERAL TAMBIEN PUEDE SER USADO PARA ASEO DEL HOGAR, MARCA: VENTOS, REFERENCIA: SIN REFERENCIA, LOTE: L4640840 PAIS DE ORIGEN: KAZAJIST¿N(406)¿,. ITEM 74, CANTIDAD: 5 KILOGRAMO, PRODUCTO: CINNAMON BARK OIL (CANELA CORTEZAS), ORIGEN: ACEITE ESENCIAL DE CANELA EXTRAIDO DE LA CORTEZA DE LA PLANTA CINNAMOMUM ZEYLANICUM, ASPECTO F¿SICO: LIQUIDO FLUIDO TRANSPARENTE, FORMA DE PRESENTACI¿N Y EMPAQUE: BIDON X 5 KG, USO: MATERIA PRIMA PARA ELABORACION DE AROMAS Y FRAGANCIAS, PARA LA INDUSTRIADE AROMAS Y FRAGANCIAS, COMO USO FINAL EN JABONES, DETERGENTES, LIMPIADORES, EN INDUSTRIA EN GENERAL TAMBIEN PUEDE SER USADO PARA ASEO DEL HOGAR, MARCA: VENTOS, REFERENCIA: SIN REFERENCIA, LOTE: L4673021 PAIS DE ORIGEN: SRI LANKA(750)¿";15,00;KILOGRAMS;2.334,11;IMPORT;MARITIME;DECLARATIONS;ERNESTO VENTOS S.A.;;;;;;;;;;;;;;;;;;;;;;;;;;;;;;;;;;;;;;;;;;;;;;;;;;;;;;;;;;;;;;;;;;;;;;;;;;;;;;;;;;;;;;;;;;;;;;;;;;;;;;;;;;;;;;;;;;;;;;;;;;;;;;;;;;;;;;;;;;;;;;;;;;;;;;;;;;;;;;;;;;;;;;;;;;;;;;;;;;;;;;;;;;;;;;;;;;;;;;;;;;;;;;;;;;;;;;;;;;;;;;;;;;;;;;;;;;;;;;;;;;
10/01/2026;COLOMBIA - IMPORT;PRODUCTORA NACIONAL DE AROMAS FRAGANCIAS Y COLORANTES S.A. D;COLOMBIA;ERNESTO VENTOS;INDIA;2915502200 - SATURATED ACYCLIC MONOCARBOXYLIC ACIDS AND THEIR ANHYDRIDES,(..) PROPIONIC ACID, ITS SALTS AND ESTERS SALTS AND ESTERS: ESTERS;"DO I87447 PEDIDO PEDIDO 1813 DECLARACION 35 DE 45;SE APLICA DESCUENTO SEGUN NOTA DE CREDITO DEL EXPORTADOR N¿ AVB_O0667 DE 16/12/2025. RAZON: DESCUENTO DEL 1% SOBRE LAS VENTAS POR CANTIDAD O VOLUMEN (RAPPEL) RESOLUCION 1684/2014 ARTICULO 10 // MERCANCIA NUEVA //FACTURA: O37555, FECHA: 16-12-2025. ITEM 49FACTURA O37555 DEL 16-12-2025, CANTIDAD: 25KILOGRAMO, PRODUCTO: PROPIONATO DE BENCILO, NOMBRE COMERCIAL: BENZYL PROPIONATE, NO. CAS (N¿MERO DE REGISTRO DEL CHEMICAL ABSTRACTS SERVICE): 122-63-4, CALIDAD: FCC, ASPECTO F¿SICO: LIQUIDO FLUIDO TRANSPARENTE, CONCENTRACI¿N: 100% BENZYL PROPIONATE, TIPO DE EMPAQUE: BIDON X 25 KG, USO: MATERIA PRIMA PARA ELABORACION DE AROMAS Y FRAGANCIAS,PARA LA INDUSTRIA DE AROMAS Y FRAGANCIAS, COMO USO FINAL EN JABONES, DETERGENTES, LIMPIADORES, EN INDUSTRIA EN GENERAL TAMBIEN PUEDE SER USADO PARA ASEO DEL HOGAR, MARCA: VENTOS, LOTE: L4681472 PAIS DE ORIGEN: INDIA(361)¿";25,00;KILOGRAMS;216,79;IMPORT;MARITIME;DECLARATIONS;ERNESTO VENTOS S.A.;;;;;;;;;;;;;;;;;;;;;;;;;;;;;;;;;;;;;;;;;;;;;;;;;;;;;;;;;;;;;;;;;;;;;;;;;;;;;;;;;;;;;;;;;;;;;;;;;;;;;;;;;;;;;;;;;;;;;;;;;;;;;;;;;;;;;;;;;;;;;;;;;;;;;;;;;;;;;;;;;;;;;;;;;;;;;;;;;;;;;;;;;;;;;;;;;;;;;;;;;;;;;;;;;;;;;;;;;;;;;;;;;;;;;;;;;;;;;;;;;;
10/01/2026;COLOMBIA - IMPORT;PRODUCTORA NACIONAL DE AROMAS FRAGANCIAS Y COLORANTES S.A. D;COLOMBIA;ERNESTO VENTOS;CHINA;2906290000 - CYCLIC ALCOHOLS AND THEIR HALOGENATED, SULPHONATED, NITRATED OR NITROSATED DERIVATIVES. AROMATIC:OTHER;"DO I87447 PEDIDO PEDIDO 1813 DECLARACION 34 DE 45;SE APLICA DESCUENTO SEGUN NOTA DE CREDITO DEL EXPORTADOR N¿ AVB_O0667 DE 16/12/2025. RAZON: DESCUENTO DEL 1% SOBRE LAS VENTAS POR CANTIDAD O VOLUMEN (RAPPEL) RESOLUCION 1684/2014 ARTICULO 10 // MERCANCIA NUEVA //FACTURA: O37555, FECHA: 16-12-2025. ITEM 48FACTURA O37555 DEL 16-12-2025, CANTIDAD: 25KILOGRAMO, PRODUCTO: 3-METIL-5-FENIL-1-PENTANOL, NOMBRE COMERCIAL: PHENOXANOL, NO. CAS (N¿MERO DE REGISTRO DEL CHEMICAL ABSTRACTS SERVICE): 55066-48-3, CALIDAD: FCC, ASPECTO F¿SICO: LIQUIDO FLUIDO TRANSPARENTE, CONCENTRACI¿N: 100% PHENOXANOL, TIPO DE EMPAQUE: BIDON X 25 KG, USO: MATERIA PRIMA PARA ELABORACION DE AROMAS Y FRAGANCIAS, PARA LA INDUSTRIA DE AROMAS Y FRAGANCIAS, COMO USO FINAL EN JABONES, DETERGENTES, LIMPIADORES, EN INDUSTRIA EN GENERAL TAMBIEN PUEDE SER USADO PARA ASEO DEL HOGAR, MARCA: VENTOS, LOTE: L4675909 PAIS DE ORIGEN: CHINA(215)¿,. ITEM 58, CANTIDAD: 10 KILOGRAMO, PRODUCTO: 3-FENIL-1-PROPANOL, NOMBRE COMERCIAL: PHENYL PROPYL ALCOHOL, NO. CAS (N¿MERO DE REGISTRO DEL CHEMICAL ABSTRACTS SERVICE): 122-97-4, CALIDAD: FCC, ASPECTO F¿SICO: LIQUIDO FLUIDO TRANSPARENTE, CONCENTRACI¿N: 100% PHENYL PROPYL ALCOHOL, TIPO DE EMPAQUE: BIDON X 10 KG, USO: MATERIA PRIMA PARA ELABORACION DE AROMAS Y FRAGANCIAS,PARA LA INDUSTRIA DE AROMAS Y FRAGANCIAS, COMO USO FINAL EN JABONES, DETERGENTES, LIMPIADORES, EN INDUSTRIA EN GENERAL TAMBIEN PUEDE SER USADO PARA ASEO DEL HOGAR, MARCA: VENTOS, LOTE: L4678043 PAIS DE ORIGEN: INDIA(361)¿";35,00;KILOGRAMS;706,16;IMPORT;MARITIME;DECLARATIONS;ERNESTO VENTOS S.A.;;;;;;;;;;;;;;;;;;;;;;;;;;;;;;;;;;;;;;;;;;;;;;;;;;;;;;;;;;;;;;;;;;;;;;;;;;;;;;;;;;;;;;;;;;;;;;;;;;;;;;;;;;;;;;;;;;;;;;;;;;;;;;;;;;;;;;;;;;;;;;;;;;;;;;;;;;;;;;;;;;;;;;;;;;;;;;;;;;;;;;;;;;;;;;;;;;;;;;;;;;;;;;;;;;;;;;;;;;;;;;;;;;;;;;;;;;;;;;;;;;
10/01/2026;COLOMBIA - IMPORT;PRODUCTORA NACIONAL DE AROMAS FRAGANCIAS Y COLORANTES S.A. D;COLOMBIA;ERNESTO VENTOS;SPAIN;"2925299000 - CARBOXYIMIDE -FUNCTION COMPOUNDS (INCLUDING SACCHARIN AND ITS SALT(..) IMINES AND THEIR DERIVATIVES; SALTS THEREOF:OTHER OTHER";"DO I87447 PEDIDO PEDIDO 1813 DECLARACION 33 DE 45;SE APLICA DESCUENTO SEGUN NOTA DE CREDITO DEL EXPORTADOR N¿ AVB_O0667 DE 16/12/2025. RAZON: DESCUENTO DEL 1% SOBRE LAS VENTAS POR CANTIDAD O VOLUMEN (RAPPEL) RESOLUCION 1684/2014 ARTICULO 10 // MERCANCIA NUEVA //FACTURA: O37555, FECHA: 16-12-2025. ITEM 46FACTURA O37555 DEL 16-12-2025, CANTIDAD: 25KILOGRAMO, PRODUCTO: BASE DE SCHIFF HIDROXICITRONELAL-ANTRANILATO DE METILO, NOMBRE COMERCIAL: AURANTIOL, NO. CAS (N¿MERO DE REGISTRO DEL CHEMICAL ABSTRACTS SERVICE): 89-43-0, CALIDAD: FCC, ASPECTO F¿SICO: LIQUIDO VISCOSO TRANSPARENTE, CONCENTRACI¿N: 100% AURANTIOL, TIPO DE EMPAQUE: BIDON X 25 KG, USO: MATERIA PRIMA PARA ELABORACION DE AROMAS Y FRAGANCIAS, PARA LA INDUSTRIA DE AROMAS Y FRAGANCIAS, COMO USO FINAL ENJABONES, DETERGENTES, LIMPIADORES, EN INDUSTRIA EN GENERAL TAMBIEN PUEDE SER USADO PARA ASEO DEL HOGAR, MARCA: VENTOS, LOTE: L4679743 PAIS DE ORIGEN: ESPA¿A(245)¿";25,00;KILOGRAMS;669,00;IMPORT;MARITIME;DECLARATIONS;ERNESTO VENTOS S.A.;;;;;;;;;;;;;;;;;;;;;;;;;;;;;;;;;;;;;;;;;;;;;;;;;;;;;;;;;;;;;;;;;;;;;;;;;;;;;;;;;;;;;;;;;;;;;;;;;;;;;;;;;;;;;;;;;;;;;;;;;;;;;;;;;;;;;;;;;;;;;;;;;;;;;;;;;;;;;;;;;;;;;;;;;;;;;;;;;;;;;;;;;;;;;;;;;;;;;;;;;;;;;;;;;;;;;;;;;;;;;;;;;;;;;;;;;;;;;;;;;;
10/01/2026;COLOMBIA - IMPORT;PRODUCTORA NACIONAL DE AROMAS FRAGANCIAS Y COLORANTES S.A. D;COLOMBIA;ERNESTO VENTOS;CHINA;2918119000 - CARBOXYLIC ACIDS WIT(..) CARBOXYLIC ACIDS WITH ALCOHOL FUNCTION BUT WITHOUT OTHER OXYGEN FUNCTION, THEIR ANHYDRIDES, HAL(..) OTHER;"DO I87447 PEDIDO PEDIDO 1813 DECLARACION 32 DE 45;SE APLICA DESCUENTO SEGUN NOTA DE CREDITO DEL EXPORTADOR N¿ AVB_O0667 DE 16/12/2025. RAZON: DESCUENTO DEL 1% SOBRE LAS VENTAS POR CANTIDAD O VOLUMEN (RAPPEL) RESOLUCION 1684/2014 ARTICULO 10 // MERCANCIA NUEVA //FACTURA: O37555, FECHA: 16-12-2025. ITEM 45FACTURA O37555 DEL 16-12-2025, CANTIDAD: 25KILOGRAMO, PRODUCTO: S)-2-HIDROXIPROPIONATO DE N-BUTILO, NOMBRE COMERCIAL: BUTYL LACTATE, NO. CAS (N¿MERO DE REGISTRO DEL CHEMICAL ABSTRACTS SERVICE): 138-22-7, CALIDAD: FCC, ASPECTO F¿SICO: LIQUIDO TRANSPARENTE, CONCENTRACI¿N: 100% BUTYL LACTATE, TIPO DE EMPAQUE: BIDON X 25 KG, USO: MATERIA PRIMA PARA ELABORACION DE AROMAS Y FRAGANCIAS, PARA LA INDUSTRIA DE AROMAS Y FRAGANCIAS, COMO USO FINAL EN JABONES, DETERGENTES, LIMPIADORES, EN INDUSTRIA EN GENERAL TAMBIEN PUEDE SER USADO PARA ASEO DEL HOGAR, MARCA: VENTOS, LOTE: L4658949 PAIS DE ORIGEN: CHINA(215)¿";25,00;KILOGRAMS;235,37;IMPORT;MARITIME;DECLARATIONS;ERNESTO VENTOS S.A.;;;;;;;;;;;;;;;;;;;;;;;;;;;;;;;;;;;;;;;;;;;;;;;;;;;;;;;;;;;;;;;;;;;;;;;;;;;;;;;;;;;;;;;;;;;;;;;;;;;;;;;;;;;;;;;;;;;;;;;;;;;;;;;;;;;;;;;;;;;;;;;;;;;;;;;;;;;;;;;;;;;;;;;;;;;;;;;;;;;;;;;;;;;;;;;;;;;;;;;;;;;;;;;;;;;;;;;;;;;;;;;;;;;;;;;;;;;;;;;;;;
10/01/2026;COLOMBIA - IMPORT;PRODUCTORA NACIONAL DE AROMAS FRAGANCIAS Y COLORANTES S.A. D;COLOMBIA;ERNESTO VENTOS;CHINA;2905199000 - ACYCLIC ALCOHOLS AND THEIR HALOGENATED, SULPHONATED, NITRATED OR NITROSATED DERI(..) SATURATED MONOHYDRIC ALCOHOLS:OTHER OTHER;"DO I87447 PEDIDO PEDIDO 1813 DECLARACION 31 DE 45;SE APLICA DESCUENTO SEGUN NOTA DE CREDITO DEL EXPORTADOR N¿ AVB_O0667 DE 16/12/2025. RAZON: DESCUENTO DEL 1% SOBRE LAS VENTAS POR CANTIDAD O VOLUMEN (RAPPEL) RESOLUCION 1684/2014 ARTICULO 10 // MERCANCIA NUEVA //FACTURA: O37555, FECHA: 16-12-2025. ITEM 42FACTURA O37555 DEL 16-12-2025, CANTIDAD: 25KILOGRAMO, PRODUCTO: 2,6-DIMETIL-2-HEPTANOL, NOMBRE COMERCIAL: DIMETOL, NO. CAS (N¿MERO DE REGISTRO DEL CHEMICAL ABSTRACTS SERVICE): 13254-34-7, CALIDAD: FCC, ASPECTO F¿SICO: LIQUIDO, CONCENTRACI¿N: 100% DIMETOL, TIPO DE EMPAQUE: BIDON X 25 KG, USO: MATERIA PRIMA PARA ELABORACION DE AROMAS Y FRAGANCIAS, PARA LA INDUSTRIA DE AROMAS Y FRAGANCIAS, COMO USO FINAL EN JABONES, DETERGENTES, LIMPIADORES, EN INDUSTRIA EN GENERAL TAMBIEN PUEDE SER USADO PARA ASEO DEL HOGAR, MARCA: VENTOS, LOTE: L4673493 PAIS DE ORIGEN: CHINA(215)¿";25,00;KILOGRAMS;384,04;IMPORT;MARITIME;DECLARATIONS;ERNESTO VENTOS S.A.;;;;;;;;;;;;;;;;;;;;;;;;;;;;;;;;;;;;;;;;;;;;;;;;;;;;;;;;;;;;;;;;;;;;;;;;;;;;;;;;;;;;;;;;;;;;;;;;;;;;;;;;;;;;;;;;;;;;;;;;;;;;;;;;;;;;;;;;;;;;;;;;;;;;;;;;;;;;;;;;;;;;;;;;;;;;;;;;;;;;;;;;;;;;;;;;;;;;;;;;;;;;;;;;;;;;;;;;;;;;;;;;;;;;;;;;;;;;;;;;;;
10/01/2026;COLOMBIA - IMPORT;PRODUCTORA NACIONAL DE AROMAS FRAGANCIAS Y COLORANTES S.A. D;COLOMBIA;ERNESTO VENTOS;INDIA;"2912199000 - ALDEHYDES, WHETHER OR NOT WITH OTHER OXYGEN FUNCTION; CYCLIC P(..) ACYCLIC ALDEHYDES WITHOUT OTHER OXYGEN FUNCTION:OTHER OTHER";"DO I87447 PEDIDO PEDIDO 1813 DECLARACION 30 DE 45;SE APLICA DESCUENTO SEGUN NOTA DE CREDITO DEL EXPORTADOR N¿ AVB_O0667 DE 16/12/2025. RAZON: DESCUENTO DEL 1% SOBRE LAS VENTAS POR CANTIDAD O VOLUMEN (RAPPEL) RESOLUCION 1684/2014 ARTICULO 10 // MERCANCIA NUEVA //FACTURA: O37555, FECHA: 16-12-2025. ITEM 40FACTURA O37555 DEL 16-12-2025, CANTIDAD: 50KILOGRAMO, PRODUCTO: 2-METILUNDECANAL, NOMBRE COMERCIAL: METHYLNONYL ACETALDEHYDE, NO. CAS (N¿MERO DE REGISTRO DEL CHEMICAL ABSTRACTS SERVICE): 110-41-8, CALIDAD: FCC, ASPECTO F¿SICO: LIQUIDO FLUIDO TRANSPARENTE, CONCENTRACI¿N: 100% METHYLNONYL ACETALDEHYDE, TIPO DE EMPAQUE: TAMBOR X 50 KG, USO: MATERIA PRIMA PARA ELABORACION DE AROMAS Y FRAGANCIAS, PARA LA INDUSTRIA DE AROMAS Y FRAGANCIAS, COMO USO FINAL EN JABONES, DETERGENTES, LIMPIADORES, EN INDUSTRIA EN GENERAL TAMBIEN PUEDE SER USADO PARA ASEO DEL HOGAR, MARCA: VENTOS, LOTE: L4673970 PAIS DE ORIGEN: INDIA(361)¿,. ITEM 77, CANTIDAD: 1 KILOGRAMO, PRODUCTO: TRANS-4-DECENAL, NOMBRE COMERCIAL: TRANS-4-DECENAL, NO.CAS (N¿MERO DE REGISTRO DEL CHEMICAL ABSTRACTS SERVICE): 65405-70-1 / 30390-50-2, CALIDAD: FCC, ASPECTO F¿SICO: LIQUIDO FLUIDO TRANSPARENTE, CONCENTRACI¿N: 100% TRANS-4-DECENAL, TIPO DE EMPAQUE: BIDON X 1 KG, USO: MATERIA PRIMA PARA ELABORACION DE AROMASY FRAGANCIAS, PARA LA INDUSTRIA DE AROMAS Y FRAGANCIAS, COMO USO FINAL EN JABONES, DETERGENTES, LIMPIADORES, EN INDUSTRIA EN GENERAL TAMBIEN PUEDE SER USADO PARA ASEO DEL HOGAR, MARCA: VENTOS, LOTE: L4675480 PAIS DE ORIGEN: INDIA(361)¿";51,00;KILOGRAMS;1.022,82;IMPORT;MARITIME;DECLARATIONS;ERNESTO VENTOS S.A.;;;;;;;;;;;;;;;;;;;;;;;;;;;;;;;;;;;;;;;;;;;;;;;;;;;;;;;;;;;;;;;;;;;;;;;;;;;;;;;;;;;;;;;;;;;;;;;;;;;;;;;;;;;;;;;;;;;;;;;;;;;;;;;;;;;;;;;;;;;;;;;;;;;;;;;;;;;;;;;;;;;;;;;;;;;;;;;;;;;;;;;;;;;;;;;;;;;;;;;;;;;;;;;;;;;;;;;;;;;;;;;;;;;;;;;;;;;;;;;;;;
10/01/2026;COLOMBIA - IMPORT;PRODUCTORA NACIONAL DE AROMAS FRAGANCIAS Y COLORANTES S.A. D;COLOMBIA;ERNESTO VENTOS;SPAIN;3301293000 - ESSENTIAL OILS (TERPENELESS OR NOT), INCL(..) ESSENTIAL OILS OTHER THAN THOSE OF CITRUS FRUIT:OTHER OF LAVENDER OR OF LAVANDIN;"DO I87447 PEDIDO PEDIDO 1813 DECLARACION 29 DE 45;SE APLICA DESCUENTO SEGUN NOTA DE CREDITO DEL EXPORTADOR N¿ AVB_O0667 DE 16/12/2025. RAZON: DESCUENTO DEL 1% SOBRE LAS VENTAS POR CANTIDAD O VOLUMEN (RAPPEL) RESOLUCION 1684/2014 ARTICULO 10 // MERCANCIA NUEVA //FACTURA: O37555, FECHA: 16-12-2025, NOS ACOGEMOS AL DECRETO 2247 DE 2014 ACUERDO COMERCIAL ENTRE COLOMBIA Y LA UNION EUROPEA, EXPORTADOR AUTORIZADO ESEAOR19000171 DECLARACION EN FACTURA . ITEM 36FACTURA O37555 DEL 16-12-2025, CANTIDAD: 180 KILOGRAMO,PRODUCTO: ACEITE ESENCIAL LAVANDIN ABRIALIS, ORIGEN: ACEITE ESENCIAL DE LAVANDIN, EXTRAIDO DE LAS FLORES DE LA PLANTA LAVANDULA BURNATII, ASPECTO F¿SICO: LIQUIDO FLUIDO TRANSPARENTE,FORMA DE PRESENTACI¿N Y EMPAQUE: TAMBOR X 180 KG, USO: MATERIA PRIMA PARA ELABORACION DE AROMAS Y FRAGANCIAS, PARA LA INDUSTRIA DE AROMAS Y FRAGANCIAS, COMO USO FINAL EN JABONES, DETERGENTES, LIMPIADORES, EN INDUSTRIA EN GENERAL TAMBIEN PUEDE SER USADO PARA ASEO DEL HOGAR, MARCA: VENTOS, REFERENCIA: SIN REFERENCIA, LOTE: L4679484 PAIS DE ORIGEN: ESPA¿A(245)¿";180,00;KILOGRAMS;3.193,33;IMPORT;MARITIME;DECLARATIONS;ERNESTO VENTOS S.A.;;;;;;;;;;;;;;;;;;;;;;;;;;;;;;;;;;;;;;;;;;;;;;;;;;;;;;;;;;;;;;;;;;;;;;;;;;;;;;;;;;;;;;;;;;;;;;;;;;;;;;;;;;;;;;;;;;;;;;;;;;;;;;;;;;;;;;;;;;;;;;;;;;;;;;;;;;;;;;;;;;;;;;;;;;;;;;;;;;;;;;;;;;;;;;;;;;;;;;;;;;;;;;;;;;;;;;;;;;;;;;;;;;;;;;;;;;;;;;;;;;
10/01/2026;COLOMBIA - IMPORT;PRODUCTORA NACIONAL DE AROMAS FRAGANCIAS Y COLORANTES S.A. D;COLOMBIA;ERNESTO VENTOS;SPAIN;"3301199000 - ESSENTIAL OILS (TERPENELESS OR NOT), INCLUDING CONCRETES AND ABSOLUTES; RESINOI(..) ESSENTIAL OILS OF CITRUS FRUIT:OTHER OTHER";"DO I87447 PEDIDO PEDIDO 1813 DECLARACION 28 DE 45;SE APLICA DESCUENTO SEGUN NOTA DE CREDITO DEL EXPORTADOR N¿ AVB_O0667 DE 16/12/2025. RAZON: DESCUENTO DEL 1% SOBRE LAS VENTAS POR CANTIDAD O VOLUMEN (RAPPEL) RESOLUCION 1684/2014 ARTICULO 10 // MERCANCIA NUEVA //FACTURA: O37555, FECHA: 16-12-2025, NOS ACOGEMOS AL DECRETO 2247 DE 2014 ACUERDO COMERCIAL ENTRE COLOMBIA Y LA UNION EUROPEA, EXPORTADOR AUTORIZADO ESEAOR19000171 DECLARACION EN FACTURA . ITEM 35FACTURA O37555 DEL 16-12-2025, CANTIDAD: 180 KILOGRAMO,PRODUCTO: ACEITE ESENCIAL DE MANDARINA (/MANDARIN OIL), ORIGEN: ACEITE ESENCIAL DE MANDARINA EXTRAIDO DE LA PIEL DEL FRUTO DE LA PLANTA CITRUS RETICULATA BLANCO. NO CONTIENE ALCOHOL,ASPECTO F¿SICO: LIQUIDO FLUIDO, FORMA DE PRESENTACI¿N Y EMPAQUE: TAMBORX 180 KG, USO: MATERIA PRIMA PARA ELABORACION DE AROMAS Y FRAGANCIAS, PARA LA INDUSTRIA DE AROMAS Y FRAGANCIAS, COMO USO FINAL EN JABONES, DETERGENTES, LIMPIADORES, EN INDUSTRIA EN GENERAL TAMBIEN PUEDE SER USADO PARA ASEO DEL HOGAR, MARCA: VENTOS, REFERENCIA: SIN REFERENCIA, LOTE: L4685624 PAIS DE ORIGEN: ESPA¿A(245)¿";180,00;KILOGRAMS;19.802,78;IMPORT;MARITIME;DECLARATIONS;ERNESTO VENTOS S.A.;;;;;;;;;;;;;;;;;;;;;;;;;;;;;;;;;;;;;;;;;;;;;;;;;;;;;;;;;;;;;;;;;;;;;;;;;;;;;;;;;;;;;;;;;;;;;;;;;;;;;;;;;;;;;;;;;;;;;;;;;;;;;;;;;;;;;;;;;;;;;;;;;;;;;;;;;;;;;;;;;;;;;;;;;;;;;;;;;;;;;;;;;;;;;;;;;;;;;;;;;;;;;;;;;;;;;;;;;;;;;;;;;;;;;;;;;;;;;;;;;;
10/01/2026;COLOMBIA - IMPORT;PRODUCTORA NACIONAL DE AROMAS FRAGANCIAS Y COLORANTES S.A. D;COLOMBIA;ERNESTO VENTOS;CHINA;2932992000 - HETEROCYCLIC COMPOUNDS WITH OXYGEN HETERO-ATOM(S) ONLY. OTHER:OTHER EUCALYPTOL;"DO I87447 PEDIDO PEDIDO 1813 DECLARACION 27 DE 45;SE APLICA DESCUENTO SEGUN NOTA DE CREDITO DEL EXPORTADOR N¿ AVB_O0667 DE 16/12/2025. RAZON: DESCUENTO DEL 1% SOBRE LAS VENTAS POR CANTIDAD O VOLUMEN (RAPPEL) RESOLUCION 1684/2014 ARTICULO 10 // MERCANCIA NUEVA //FACTURA: O37555, FECHA: 16-12-2025. ITEM 34FACTURA O37555 DEL 16-12-2025, CANTIDAD: 180 KILOGRAMO, PRODUCTO: 1,3,3-TRIMETIL-8-OXABICICLO(2.2.2)OCTANO, NOMBRE COMERCIAL: EUCALYPTOL, NO. CAS (N¿MERO DE REGISTRO DEL CHEMICAL ABSTRACTS SERVICE): 470-82-6, CALIDAD: FCC, ASPECTO F¿SICO: LIQUIDO FLUIDO TRANSPARENTE, CONCENTRACI¿N: 100% EUCALYPTOL, TIPO DE EMPAQUE: TAMBOR X 180 KG, USO: MATERIA PRIMA PARA ELABORACION DE AROMAS Y FRAGANCIAS, PARA LA INDUSTRIA DE AROMAS Y FRAGANCIAS, COMO USO FINAL EN JABONES,DETERGENTES, LIMPIADORES, EN INDUSTRIA EN GENERAL TAMBIEN PUEDE SER USADO PARA ASEO DEL HOGAR, MARCA: VENTOS, LOTE: L4638693 PAIS DE ORIGEN: CHINA(215)¿";180,00;KILOGRAMS;2.113,98;IMPORT;MARITIME;DECLARATIONS;ERNESTO VENTOS S.A.;;;;;;;;;;;;;;;;;;;;;;;;;;;;;;;;;;;;;;;;;;;;;;;;;;;;;;;;;;;;;;;;;;;;;;;;;;;;;;;;;;;;;;;;;;;;;;;;;;;;;;;;;;;;;;;;;;;;;;;;;;;;;;;;;;;;;;;;;;;;;;;;;;;;;;;;;;;;;;;;;;;;;;;;;;;;;;;;;;;;;;;;;;;;;;;;;;;;;;;;;;;;;;;;;;;;;;;;;;;;;;;;;;;;;;;;;;;;;;;;;;
10/01/2026;COLOMBIA - IMPORT;PRODUCTORA NACIONAL DE AROMAS FRAGANCIAS Y COLORANTES S.A. D;COLOMBIA;ERNESTO VENTOS;GERMANY;2905220000 - ACYCLIC ALCOHOLS AND THEIR HALOGENATED, SULPHONATED, NITRATED OR(..) UNSATURATED MONOHYDRIC ALCOHOLS:ACYCLIC TERPENE ALCOHOLS;"DO I87447 PEDIDO PEDIDO 1813 DECLARACION 26 DE 45;SE APLICA DESCUENTO SEGUN NOTA DE CREDITO DEL EXPORTADOR N¿ AVB_O0667 DE 16/12/2025. RAZON: DESCUENTO DEL 1% SOBRE LAS VENTAS POR CANTIDAD O VOLUMEN (RAPPEL) RESOLUCION 1684/2014 ARTICULO 10 // MERCANCIA NUEVA //FACTURA: O37555, FECHA: 16-12-2025. ITEM 29FACTURA O37555 DEL 16-12-2025, CANTIDAD: 50KILOGRAMO, PRODUCTO: 2-CIS-3,7-DIMETHYL-2,6-OCTADIEN-1-OL, NOMBRE COMERCIAL: NEROL, NO. CAS (N¿MERO DE REGISTRO DEL CHEMICAL ABSTRACTS SERVICE): 106-25-2, CALIDAD: FCC, ASPECTO F¿SICO: LIQUIDO FLUIDO TRANSPARENTE, CONCENTRACI¿N: 100% NEROL, TIPO DE EMPAQUE: BIDON X 50 KG, USO: MATERIA PRIMA PARA ELABORACION DE AROMAS Y FRAGANCIAS, PARA LAINDUSTRIA DE AROMAS Y FRAGANCIAS, COMO USO FINAL EN JABONES, DETERGENTES, LIMPIADORES, EN INDUSTRIA EN GENERAL TAMBIEN PUEDE SER USADO PARA ASEO DEL HOGAR, MARCA: VENTOS, LOTE: L4679704 PAIS DE ORIGEN: ALEMANIA(023)¿";50,00;KILOGRAMS;899,42;IMPORT;MARITIME;DECLARATIONS;ERNESTO VENTOS S.A.;;;;;;;;;;;;;;;;;;;;;;;;;;;;;;;;;;;;;;;;;;;;;;;;;;;;;;;;;;;;;;;;;;;;;;;;;;;;;;;;;;;;;;;;;;;;;;;;;;;;;;;;;;;;;;;;;;;;;;;;;;;;;;;;;;;;;;;;;;;;;;;;;;;;;;;;;;;;;;;;;;;;;;;;;;;;;;;;;;;;;;;;;;;;;;;;;;;;;;;;;;;;;;;;;;;;;;;;;;;;;;;;;;;;;;;;;;;;;;;;;;
10/01/2026;COLOMBIA - IMPORT;PRODUCTORA NACIONAL DE AROMAS FRAGANCIAS Y COLORANTES S.A. D;COLOMBIA;ERNESTO VENTOS;INDONESIA;2912410000 - ALDEHYDES, WHETHER O(..) ALDEHYDE-ETHERS, ALDEHYDE-PHENOLS AND ALDEHYDES WITH OTHER OXYGEN FUNCTION:VANILLIN (4-HYDROXY-3-MET(..);"DO I87447 PEDIDO PEDIDO 1813 DECLARACION 25 DE 45;SE APLICA DESCUENTO SEGUN NOTA DE CREDITO DEL EXPORTADOR N¿ AVB_O0667 DE 16/12/2025. RAZON: DESCUENTO DEL 1% SOBRE LAS VENTAS POR CANTIDAD O VOLUMEN (RAPPEL) RESOLUCION 1684/2014 ARTICULO 10 // MERCANCIA NUEVA //FACTURA: O37555, FECHA: 16-12-2025. ITEM 28FACTURA O37555 DEL 16-12-2025, CANTIDAD: 50KILOGRAMO, PRODUCTO: 4-HIDROXI-3-METOXIBENZALDEHIDO, NOMBRE COMERCIAL: VANILLIN 958 INDESSO (EX-CLOVE/EUGENOL), NO. CAS (N¿MERO DE REGISTRO DEL CHEMICAL ABSTRACTS SERVICE): 121-33-5, CALIDAD: FCC, ASPECTO F¿SICO: POLVO CRISTALINO, CONCENTRACI¿N: 100% VANILLIN 958 INDESSO (EX-CLOVE/EUGENOL), TIPO DE EMPAQUE: TAMBOR X 25 KG, USO: MATERIA PRIMA PARA ELABORACION DE AROMAS Y FRAGANCIAS, PARA LA INDUSTRIA DE AROMAS Y FRAGANCIAS, COMO USO FINAL EN JABONES, DETERGENTES, LIMPIADORES, EN INDUSTRIA EN GENERAL TAMBIEN PUEDE SER USADO PARA ASEO DEL HOGAR, MARCA: VENTOS, LOTE: L4680840 PAIS DE ORIGEN: INDONESIA(365)¿";50,00;KILOGRAMS;3.617,61;IMPORT;MARITIME;DECLARATIONS;ERNESTO VENTOS S.A.;;;;;;;;;;;;;;;;;;;;;;;;;;;;;;;;;;;;;;;;;;;;;;;;;;;;;;;;;;;;;;;;;;;;;;;;;;;;;;;;;;;;;;;;;;;;;;;;;;;;;;;;;;;;;;;;;;;;;;;;;;;;;;;;;;;;;;;;;;;;;;;;;;;;;;;;;;;;;;;;;;;;;;;;;;;;;;;;;;;;;;;;;;;;;;;;;;;;;;;;;;;;;;;;;;;;;;;;;;;;;;;;;;;;;;;;;;;;;;;;;;
10/01/2026;COLOMBIA - IMPORT;PRODUCTORA NACIONAL DE AROMAS FRAGANCIAS Y COLORANTES S.A. D;COLOMBIA;ERNESTO VENTOS;CHINA;2917199000 - POLYCARBOXYLIC ACIDS(..) ACYCLIC POLYCARBOXYLIC ACIDS, THEIR ANHYDRIDES, HALIDES, PEROXIDES, PEROXYACIDS AND THEIR DERIV(..) OTHER;"DO I87447 PEDIDO PEDIDO 1813 DECLARACION 24 DE 45;SE APLICA DESCUENTO SEGUN NOTA DE CREDITO DEL EXPORTADOR N¿ AVB_O0667 DE 16/12/2025. RAZON: DESCUENTO DEL 1% SOBRE LAS VENTAS POR CANTIDAD O VOLUMEN (RAPPEL) RESOLUCION 1684/2014 ARTICULO 10 // MERCANCIA NUEVA //FACTURA: O37555, FECHA: 16-12-2025. ITEM 25FACTURA O37555 DEL 16-12-2025, CANTIDAD: 200 KILOGRAMO, PRODUCTO: 1,4-DIOXACICLOHEPTADECANO-5,17-DIONA, NOMBRE COMERCIAL: ETHYLENE BRASSYLATE, NO. CAS (N¿MERO DE REGISTRO DEL CHEMICAL ABSTRACTS SERVICE): 105-95-3, CALIDAD: FCC, ASPECTO F¿SICO: LIQUIDO VISCOSO TRANSPARENTE, CONCENTRACI¿N: 100% ETHYLENE BRASSYLATE, TIPO DE EMPAQUE: TAMBOR X 200 KG, USO: MATERIA PRIMA PARA ELABORACIONDE AROMAS Y FRAGANCIAS, PARA LA IND DE AROMAS Y FRAGANCIAS, COMO USO FINAL ENJABONES DETERGENTES LIMPIADORES, EN INDUSTRIA EN GENERAL TAMBIEN PUEDE SER USADO PARA ASEO DEL HOGAR, MARCA: VENTOS, LOTE: L4675787 PAIS DE ORIGEN: CHINA(215)¿";200,00;KILOGRAMS;1.407,29;IMPORT;MARITIME;DECLARATIONS;ERNESTO VENTOS S.A.;;;;;;;;;;;;;;;;;;;;;;;;;;;;;;;;;;;;;;;;;;;;;;;;;;;;;;;;;;;;;;;;;;;;;;;;;;;;;;;;;;;;;;;;;;;;;;;;;;;;;;;;;;;;;;;;;;;;;;;;;;;;;;;;;;;;;;;;;;;;;;;;;;;;;;;;;;;;;;;;;;;;;;;;;;;;;;;;;;;;;;;;;;;;;;;;;;;;;;;;;;;;;;;;;;;;;;;;;;;;;;;;;;;;;;;;;;;;;;;;;;
10/01/2026;COLOMBIA - IMPORT;PRODUCTORA NACIONAL DE AROMAS FRAGANCIAS Y COLORANTES S.A. D;COLOMBIA;ERNESTO VENTOS;CHINA;2914500000 - KETONES AND QUINONES, WHETHER OR NOT WITH OTHER OXYGEN FUNCTION, AN(..) KETONE-PHENOLS AND KETONES WITH OTHER OXYGEN FUNCTION;"DO I87447 PEDIDO PEDIDO 1813 DECLARACION 23 DE 45;SE APLICA DESCUENTO SEGUN NOTA DE CREDITO DEL EXPORTADOR N¿ AVB_O0667 DE 16/12/2025. RAZON: DESCUENTO DEL 1% SOBRE LAS VENTAS POR CANTIDAD O VOLUMEN (RAPPEL) RESOLUCION 1684/2014 ARTICULO 10 // MERCANCIA NUEVA //FACTURA: O37555, FECHA: 16-12-2025. ITEM 24FACTURA O37555 DEL 16-12-2025, CANTIDAD: 200 KILOGRAMO, PRODUCTO: 4-(PARA-HIDROXIFENIL)-2-BUTANONA, NOMBRE COMERCIAL: RASBERRY KETONE, NO. CAS (N¿MERO DE REGISTRO DEL CHEMICAL ABSTRACTS SERVICE): 5471-51-2,CALIDAD: FCC, ASPECTO F¿SICO: SOLIDO CRISTALINO, CONCENTRACI¿N: 100% RASBERRY KETONE, TIPO DE EMPAQUE: TAMBOR DE FIBRA X 25 KG, USO: MATERIA PRIMA PARA ELABORACION DE AROMAS Y FRAGANCIAS, PARA LA INDUSTRIA DE AROMAS Y FRAGANCIAS, COMO USO FINAL EN JABONES, DETERGENTES, LIMPIADORES, EN INDUSTRIA EN GENERAL TAMBIEN PUEDE SER USADO PARA ASEO DEL HOGAR, MARCA: VENTOS, LOTE: L4681923 PAIS DE ORIGEN: CHINA(215)¿";200,00;KILOGRAMS;3.736,46;IMPORT;MARITIME;DECLARATIONS;ERNESTO VENTOS S.A.;;;;;;;;;;;;;;;;;;;;;;;;;;;;;;;;;;;;;;;;;;;;;;;;;;;;;;;;;;;;;;;;;;;;;;;;;;;;;;;;;;;;;;;;;;;;;;;;;;;;;;;;;;;;;;;;;;;;;;;;;;;;;;;;;;;;;;;;;;;;;;;;;;;;;;;;;;;;;;;;;;;;;;;;;;;;;;;;;;;;;;;;;;;;;;;;;;;;;;;;;;;;;;;;;;;;;;;;;;;;;;;;;;;;;;;;;;;;;;;;;;
10/01/2026;COLOMBIA - IMPORT;PRODUCTORA NACIONAL DE AROMAS FRAGANCIAS Y COLORANTES S.A. D;COLOMBIA;ERNESTO VENTOS;CHINA;2932201000 - HETEROCYCLIC COMPOUNDS WITH OXYGEN HETERO-ATOM(S) ONLY. LACTONES COUMARIN, METHYLCOUMARINS AND ETHYLCOUMARINS;"DO I87447 PEDIDO PEDIDO 1813 DECLARACION 22 DE 45;SE APLICA DESCUENTO SEGUN NOTA DE CREDITO DEL EXPORTADOR N¿ AVB_O0667 DE 16/12/2025. RAZON: DESCUENTO DEL 1% SOBRE LAS VENTAS POR CANTIDAD O VOLUMEN (RAPPEL) RESOLUCION 1684/2014 ARTICULO 10 // MERCANCIA NUEVA //FACTURA: O37555, FECHA: 16-12-2025. ITEM 23FACTURA O37555 DEL 16-12-2025, CANTIDAD: 500 KILOGRAMO, PRODUCTO: 1,2-BENZOPIRONA, NOMBRE COMERCIAL: COUMARIN, NO. CAS (N¿MERO DE REGISTRO DEL CHEMICAL ABSTRACTS SERVICE): 91-64-5, CALIDAD: FCC, ASPECTO F¿SICO: SOLIDO CRISTALINO, CONCENTRACI¿N: 100% COUMARIN, TIPO DE EMPAQUE: TAMBOR DE FIBRA X 25 KG, USO: MATERIA PRIMA PARA ELABORACION DE AROMAS Y FRAGANCIAS, PARA LA INDUSTRIA DE AROMAS Y FRAGANCIAS, COMO USO FINAL EN JABONES, DETERGENTES, LIMPIADORES, EN INDUSTRIA EN GENERAL TAMBIEN PUEDE SER USADO PARA ASEO DEL HOGAR, MARCA: VENTOS, LOTE: L4677678 PAIS DE ORIGEN: CHINA(215)¿";500,00;KILOGRAMS;4.137,69;IMPORT;MARITIME;DECLARATIONS;ERNESTO VENTOS S.A.;;;;;;;;;;;;;;;;;;;;;;;;;;;;;;;;;;;;;;;;;;;;;;;;;;;;;;;;;;;;;;;;;;;;;;;;;;;;;;;;;;;;;;;;;;;;;;;;;;;;;;;;;;;;;;;;;;;;;;;;;;;;;;;;;;;;;;;;;;;;;;;;;;;;;;;;;;;;;;;;;;;;;;;;;;;;;;;;;;;;;;;;;;;;;;;;;;;;;;;;;;;;;;;;;;;;;;;;;;;;;;;;;;;;;;;;;;;;;;;;;;
10/01/2026;COLOMBIA - IMPORT;PRODUCTORA NACIONAL DE AROMAS FRAGANCIAS Y COLORANTES S.A. D;COLOMBIA;ERNESTO VENTOS;INDIA;2917349000 - POLYCARBOXYLIC ACIDS(..) AROMATIC POLYCARBOXYLIC ACIDS, THEIR ANHYDRIDES, HALIDES, PEROXIDES, PEROXYACIDS AND THEIR DERI(..) OTHER;"DO I87447 PEDIDO PEDIDO 1813 DECLARACION 21 DE 45;SE APLICA DESCUENTO SEGUN NOTA DE CREDITO DEL EXPORTADOR N¿ AVB_O0667 DE 16/12/2025. RAZON: DESCUENTO DEL 1% SOBRE LAS VENTAS POR CANTIDAD O VOLUMEN (RAPPEL) RESOLUCION 1684/2014 ARTICULO 10 // MERCANCIA NUEVA //FACTURA: O37555, FECHA: 16-12-2025. ITEM 22FACTURA O37555 DEL 16-12-2025, CANTIDAD: 2,025 KILOGRAMO, PRODUCTO: ESTER DIETILICO DEL ACIDO1,2BENCENODICARBOXILICO, NOMBRE COMERCIAL: DIETHYL PHTHALATE, NO. CAS (N¿MERO DE REGISTRO DEL CHEMICAL ABSTRACTS SERVICE): 84-66-2, CALIDAD: FCC, ASPECTO F¿SICO: LIQUIDO ACEITOSO TRANSPARENTE, CONCENTRACI¿N: 100% DIETHYL PHTHALATE, TIPO DE EMPAQUE: TAMBOR X 225 KG, USO: MATERIA PRIMA PARA ELABORACION DE AROMAS Y FRAGANCIAS, PARA LA IND DE AROMAS Y FRAGANCIAS, COMO USO FINAL EN JABONES DETERGENTES LIMPIADORES, EN INDUSTRIA EN GENERAL TAMBIEN PUEDE SER USADO PARA ASEO DEL HOGAR, MARCA: VENTOS, LOTE: L4682300 PAIS DE ORIGEN: INDIA(361)¿";2.025,00;KILOGRAMS;4.414,28;IMPORT;MARITIME;DECLARATIONS;ERNESTO VENTOS S.A.;;;;;;;;;;;;;;;;;;;;;;;;;;;;;;;;;;;;;;;;;;;;;;;;;;;;;;;;;;;;;;;;;;;;;;;;;;;;;;;;;;;;;;;;;;;;;;;;;;;;;;;;;;;;;;;;;;;;;;;;;;;;;;;;;;;;;;;;;;;;;;;;;;;;;;;;;;;;;;;;;;;;;;;;;;;;;;;;;;;;;;;;;;;;;;;;;;;;;;;;;;;;;;;;;;;;;;;;;;;;;;;;;;;;;;;;;;;;;;;;;;
10/01/2026;COLOMBIA - IMPORT;PRODUCTORA NACIONAL DE AROMAS FRAGANCIAS Y COLORANTES S.A. D;COLOMBIA;ERNESTO VENTOS;GERMANY;2912192000 - ALDEHYDES, WHETHER OR NOT WITH OTHER OX(..) ACYCLIC ALDEHYDES WITHOUT OTHER OXYGEN FUNCTION:OTHER CITRAL AND CITRONELLALDEHYDE;"DO I87447 PEDIDO PEDIDO 1813 DECLARACION 20 DE 45;SE APLICA DESCUENTO SEGUN NOTA DE CREDITO DEL EXPORTADOR N¿ AVB_O0667 DE 16/12/2025. RAZON: DESCUENTO DEL 1% SOBRE LAS VENTAS POR CANTIDAD O VOLUMEN (RAPPEL) RESOLUCION 1684/2014 ARTICULO 10 // MERCANCIA NUEVA //FACTURA: O37555, FECHA: 16-12-2025. ITEM 21FACTURA O37555 DEL 16-12-2025, CANTIDAD: 760 KILOGRAMO, PRODUCTO: 3,7-DIMETIL-2,6-OCTADIENAL, NOMBRE COMERCIAL: CITRAL, NO. CAS (N¿MERO DE REGISTRO DEL CHEMICAL ABSTRACTS SERVICE): 5392-40-5, CALIDAD: FCC, ASPECTO F¿SICO: LIQUIDO FLUIDO TRANSPARENTE, CONCENTRACI¿N: 100% CITRAL, TIPO DE EMPAQUE: TAMBOR X 190 KG, USO: MATERIA PRIMA PARA ELABORACION DE AROMAS Y FRAGANCIAS, PARA LA INDUSTRIA DE AROMAS Y FRAGANCIAS, COMO USO FINAL EN JABONES, DETERGENTES, LIMPIADORES, EN INDUSTRIA EN GENERAL TAMBIEN PUEDE SER USADO PARA ASEO DEL HOGAR, MARCA: VENTOS, LOTE: L4681200 PAIS DE ORIGEN: ALEMANIA(023)¿";760,00;KILOGRAMS;7.155,54;IMPORT;MARITIME;DECLARATIONS;ERNESTO VENTOS S.A.;;;;;;;;;;;;;;;;;;;;;;;;;;;;;;;;;;;;;;;;;;;;;;;;;;;;;;;;;;;;;;;;;;;;;;;;;;;;;;;;;;;;;;;;;;;;;;;;;;;;;;;;;;;;;;;;;;;;;;;;;;;;;;;;;;;;;;;;;;;;;;;;;;;;;;;;;;;;;;;;;;;;;;;;;;;;;;;;;;;;;;;;;;;;;;;;;;;;;;;;;;;;;;;;;;;;;;;;;;;;;;;;;;;;;;;;;;;;;;;;;;
10/01/2026;COLOMBIA - IMPORT;PRODUCTORA NACIONAL DE AROMAS FRAGANCIAS Y COLORANTES S.A. D;COLOMBIA;ERNESTO VENTOS;SPAIN;"2912299000 - ALDEHYDES, WHETHER OR NOT WITH OTHER OXYGEN FUNCTION; CYCLIC PO(..) CYCLIC ALDEHYDES WITHOUT OTHER OXYGEN FUNCTION:OTHER OTHER";"DO I87447 PEDIDO PEDIDO 1813 DECLARACION 19 DE 45;SE APLICA DESCUENTO SEGUN NOTA DE CREDITO DEL EXPORTADOR N¿ AVB_O0667 DE 16/12/2025. RAZON: DESCUENTO DEL 1% SOBRE LAS VENTAS POR CANTIDAD O VOLUMEN (RAPPEL) RESOLUCION 1684/2014 ARTICULO 10 // MERCANCIA NUEVA //FACTURA: O37555, FECHA: 16-12-2025. ITEM 17FACTURA O37555 DEL 16-12-2025, CANTIDAD: 760 KILOGRAMO, PRODUCTO: 2-(FENILMETILENO)-OCTANAL, NOMBRE COMERCIAL: ALPHA HEXYLCINNAMALDEHYDE, NO. CAS (N¿MERO DE REGISTRO DEL CHEMICAL ABSTRACTS SERVICE): 101-86-0/ 165184-98-5, CALIDAD: FCC, ASPECTO F¿SICO: LIQUIDO FLUIDO TRANSPARENTE, CONCENTRACI¿N: 100% ALPHA HEXYLCINNAMALDEHYDE, TIPO DE EMPAQUE: TAMBOR X 190 KG, USO: MATERIA PRIMA PARA ELABORACION DE AROMAS Y FRAGANCIAS, PARA LA INDUSTRIA DE AROMAS Y FRAGANCIAS, COMO USO FINAL EN JABONES, DETERGENTES, LIMPIADORES, EN INDUSTRIA EN GENERAL TAMBIEN PUEDE SER USADO PARA ASEO DEL HOGAR, MARCA: VENTOS, LOTE: L4682922 PAIS DE ORIGEN: ESPA¿A(245)¿,. ITEM 67, CANTIDAD: 2 KILOGRAMO, PRODUCTO: 5-METIL-2-FENIL-2-HEXENAL,NOMBRE COMERCIAL: 5-METHYL PHENYL 2 HEXENAL (CACAO HEXENAL), NO. CAS (N¿MERO DE REGISTRO DEL CHEMICAL ABSTRACTS SERVICE): 21834-92-4, CALIDAD: FCC, ASPECTO F¿SICO: LIQUIDO FLUIDO TRANSPARENTE, CONCENTRACI¿N: 100% 5-METHYL PHENYL 2 HEXENAL (CACAO HEXENAL), TIPO DE EMPAQUE: BIDON X 1 KG, USO: MATERIA PRIMA PARA ELABORACION DE AROMAS Y FRAGANCIAS, PARA LAINDUSTRIA DE AROMAS Y FRAGANCIAS, COMO USO FINAL EN JABONES, DETERGENTES, LIMPIADORES, EN INDUSTRIA EN GENERAL TAMBIEN PUEDE SER USADO PARA ASEO DEL HOGAR,MARCA: VENTOS, LOTE: L4679437 PAIS DE ORIGEN: CHINA(215)¿";762,00;KILOGRAMS;5.131,64;IMPORT;MARITIME;DECLARATIONS;ERNESTO VENTOS S.A.;;;;;;;;;;;;;;;;;;;;;;;;;;;;;;;;;;;;;;;;;;;;;;;;;;;;;;;;;;;;;;;;;;;;;;;;;;;;;;;;;;;;;;;;;;;;;;;;;;;;;;;;;;;;;;;;;;;;;;;;;;;;;;;;;;;;;;;;;;;;;;;;;;;;;;;;;;;;;;;;;;;;;;;;;;;;;;;;;;;;;;;;;;;;;;;;;;;;;;;;;;;;;;;;;;;;;;;;;;;;;;;;;;;;;;;;;;;;;;;;;;
10/01/2026;COLOMBIA - IMPORT;PRODUCTORA NACIONAL DE AROMAS FRAGANCIAS Y COLORANTES S.A. D;COLOMBIA;ERNESTO VENTOS;NETHERLANDS;"2912210000 - ALDEHYDES, WHETHER OR NOT WITH OTHER OXYGEN FUNCTION; CYCLIC (..) CYCLIC ALDEHYDES WITHOUT OTHER OXYGEN FUNCTION:BENZALDEHYDE";"DO I87447 PEDIDO PEDIDO 1813 DECLARACION 18 DE 45;SE APLICA DESCUENTO SEGUN NOTA DE CREDITO DEL EXPORTADOR N¿ AVB_O0667 DE 16/12/2025. RAZON: DESCUENTO DEL 1% SOBRE LAS VENTAS POR CANTIDAD O VOLUMEN (RAPPEL) RESOLUCION 1684/2014 ARTICULO 10 // MERCANCIA NUEVA //FACTURA: O37555, FECHA: 16-12-2025. ITEM 16FACTURA O37555 DEL 16-12-2025, CANTIDAD: 1,050 KILOGRAMO, PRODUCTO: ALDEHIDO BENZOICO, NOMBRE COMERCIAL: BENZALDEHYDE, NO. CAS (N¿MERO DE REGISTRO DEL CHEMICAL ABSTRACTS SERVICE): 100-52-7, CALIDAD: FCC, ASPECTO F¿SICO: LIQUIDO FLUIDO TRANSPARENTE, CONCENTRACI¿N: 100% BENZALDEHYDE, TIPO DE EMPAQUE: TAMBOR X 210 KG, USO: MATERIA PRIMA PARA ELABORACION DE AROMAS Y FRAGANCIAS, PARA LAIND DE AROMAS Y FRAGANCIAS, COMO USO FINAL EN JABONES DETERGENTES LIMPIADORES,EN INDUSTRIA EN GENERAL TAMBIEN PUEDE SER USADO PARA ASEO DEL HOGAR, MARCA: VENTOS, LOTE: L4685049 PAIS DE ORIGEN: PA¿SES BAJOS(573)¿";1.050,00;KILOGRAMS;3.225,51;IMPORT;MARITIME;DECLARATIONS;ERNESTO VENTOS S.A.;;;;;;;;;;;;;;;;;;;;;;;;;;;;;;;;;;;;;;;;;;;;;;;;;;;;;;;;;;;;;;;;;;;;;;;;;;;;;;;;;;;;;;;;;;;;;;;;;;;;;;;;;;;;;;;;;;;;;;;;;;;;;;;;;;;;;;;;;;;;;;;;;;;;;;;;;;;;;;;;;;;;;;;;;;;;;;;;;;;;;;;;;;;;;;;;;;;;;;;;;;;;;;;;;;;;;;;;;;;;;;;;;;;;;;;;;;;;;;;;;;
10/01/2026;COLOMBIA - IMPORT;PRODUCTORA NACIONAL DE AROMAS FRAGANCIAS Y COLORANTES S.A. D;COLOMBIA;ERNESTO VENTOS;GERMANY;2932999000 - HETEROCYCLIC COMPOUNDS WITH OXYGEN HETERO-ATOM(S) ONLY. OTHER:OTHER OTHER;"DO I87447 PEDIDO PEDIDO 1813 DECLARACION 17 DE 45;SE APLICA DESCUENTO SEGUN NOTA DE CREDITO DEL EXPORTADOR N¿ AVB_O0667 DE 16/12/2025. RAZON: DESCUENTO DEL 1% SOBRE LAS VENTAS POR CANTIDAD O VOLUMEN (RAPPEL) RESOLUCION 1684/2014 ARTICULO 10 // MERCANCIA NUEVA //FACTURA: O37555, FECHA: 16-12-2025. ITEM 15FACTURA O37555 DEL 16-12-2025, CANTIDAD: 1KILOGRAMO, PRODUCTO: 2,4- DIMETIL-2-(TETRAMETILTETRALIN-6-IL)-1,3-DIOXOLANO, NOMBRE COMERCIAL: OKOUMAL, NO. CAS (N¿MERO DE REGISTRO DEL CHEMICAL ABSTRACTS SERVICE): 131812-67-4 / 131812-51-6, CALIDAD: FCC, ASPECTO F¿SICO: LIQUIDO VISCOSO, CONCENTRACI¿N: 100% OKOUMAL, TIPO DE EMPAQUE: BIDON X 1 KG, USO: MATERIA PRIMA PARA ELABORACION DE AROMAS Y FRAGANCIAS, PARA LA INDUSTRIA DE AROMAS Y FRAGANCIAS, COMO USO FINAL EN JABONES, DETERGENTES, LIMPIADORES, EN INDUSTRIA EN GENERAL TAMBIEN PUEDE SER USADO PARA ASEO DEL HOGAR, MARCA: VENTOS, LOTE: L4684657 PAIS DE ORIGEN: SUIZA(767)¿,. ITEM 26, CANTIDAD: 180 KILOGRAMO, PRODUCTO: TETRAHIDRO-2-ISOBUTIL-4-METILPIRAN-4-OL, NOMBRECOMERCIAL: FLOROSA, NO. CAS (N¿MERO DE REGISTRO DEL CHEMICAL ABSTRACTS SERVICE): 63500-71-0, CALIDAD: FCC, ASPECTO F¿SICO: LIQUIDO VISCOSO TRANSPARENTE, CONCENTRACI¿N: 100% FLOROSA, TIPO DE EMPAQUE: TAMBOR X 180 KG, USO: MATERIA PRIMA PARA ELABORACION DEAROMAS Y FRAGANCIAS, PARA LA INDUSTRIA DE AROMAS Y FRAGANCIAS, COMO USO FINAL EN JABONES, DETERGENTES, LIMPIADORES, EN INDUSTRIA EN GENERAL TAMBIEN PUEDE SER USADO PARA ASEO DEL HOGAR, MARCA: VENTOS, LOTE: L4682510 PAIS DE ORIGEN: ALEMANIA(023)¿,. ITEM 30, CANTIDAD: 25 KILOGRAMO, PRODUCTO: 3-HIDROXI-2-METIL-4-PIRONA, NOMBRE COMERCIAL: MALTOL, NO. CAS (N¿MERO DE REGISTRO DEL CHEMICAL ABSTRACTS SERVICE): 118-71-8, CALIDAD: FCC, ASPECTO F¿SICO: POLVO CRISTALINO, CONCENTRACI¿N: 100% MALTOL, TIPO DE EMPAQUE: CAJA X 25 KG, USO: MATERIA PRIMA PARA ELABORACION DE AROMAS Y FRAGANCIAS, PARA LA INDUSTRIA DE AROMAS Y FRAGANCIAS, COMO USO FINAL EN JABONES, DETERGENTES, LIMPIADORES, EN INDUSTRIA EN GENERAL TAMBIEN PUEDE SER USADO PARA ASEO DEL HOGAR, MARCA: VENTOS, LOTE: L4673371 PAIS DEORIGEN: CHINA(215)¿";206,00;KILOGRAMS;2.651,16;IMPORT;MARITIME;DECLARATIONS;ERNESTO VENTOS S.A.;;;;;;;;;;;;;;;;;;;;;;;;;;;;;;;;;;;;;;;;;;;;;;;;;;;;;;;;;;;;;;;;;;;;;;;;;;;;;;;;;;;;;;;;;;;;;;;;;;;;;;;;;;;;;;;;;;;;;;;;;;;;;;;;;;;;;;;;;;;;;;;;;;;;;;;;;;;;;;;;;;;;;;;;;;;;;;;;;;;;;;;;;;;;;;;;;;;;;;;;;;;;;;;;;;;;;;;;;;;;;;;;;;;;;;;;;;;;;;;;;;
10/01/2026;COLOMBIA - IMPORT;PRODUCTORA NACIONAL DE AROMAS FRAGANCIAS Y COLORANTES S.A. D;COLOMBIA;ERNESTO VENTOS;CHINA;2933999000 - HETEROCYCLIC COMPOUNDS WITH NITROGEN HETERO-ATOM(S) ONLY. OTHER:OTHER OTHER;"DO I87447 PEDIDO PEDIDO 1813 DECLARACION 16 DE 45;SE APLICA DESCUENTO SEGUN NOTA DE CREDITO DEL EXPORTADOR N¿ AVB_O0667 DE 16/12/2025. RAZON: DESCUENTO DEL 1% SOBRE LAS VENTAS POR CANTIDAD O VOLUMEN (RAPPEL) RESOLUCION 1684/2014 ARTICULO 10 // MERCANCIA NUEVA //FACTURA: O37555, FECHA: 16-12-2025. ITEM 13FACTURA O37555 DEL 16-12-2025, CANTIDAD: 1KILOGRAMO, PRODUCTO: 3-ETIL-3,6-DIMETIL-2H-PIRAZINA, NOMBRE COMERCIAL: 2ETHYL 3,5 DIMETHYLPIRAZINE, NO. CAS (N¿MERO DE REGISTRO DEL CHEMICAL ABSTRACTS SERVICE): 13925-07-0, CALIDAD: FCC, ASPECTO F¿SICO: LIQUIDO, CONCENTRACI¿N: 100% 2ETHYL 3,5 DIMETHYLPIRAZINE, TIPO DE EMPAQUE: BIDON X 1 KG, USO: MATERIA PRIMA PARA ELABORACION DE AROMAS Y FRAGANCIAS, PARA LA INDUSTRIA DE AROMAS Y FRAGANCIAS, COMO USO FINAL EN JABONES,DETERGENTES, LIMPIADORES, EN INDUSTRIA EN GENERAL TAMBIEN PUEDE SER USADO PARA ASEO DEL HOGAR, MARCA: VENTOS, LOTE: L4675671 PAIS DE ORIGEN: CHINA(215)¿,. ITEM 14, CANTIDAD: 0.1 KILOGRAMO, PRODUCTO: 2-ACETIL-3-ETILPIRAZINA, NOMBRE COMERCIAL: 2-ACETYL-3-ETHYLPYRAZINE, NO. CAS (N¿MERO DE REGISTRO DEL CHEMICAL ABSTRACTS SERVICE): 32974-92-8, CALIDAD: FCC, ASPECTO F¿SICO: LIQUIDO FLUIDO TRANSPARENTE, CONCENTRACI¿N: 100% 2-ACETYL-3-ETHYLPYRAZINE, TIPO DE EMPAQUE: BIDON X 0,10 KG, USO: MATERIA PRIMA PARA ELABORACION DE AROMAS Y FRAGANCIAS, PARA LA INDUSTRIA DE AROMAS Y FRAGANCIAS, COMO USO FINAL EN JABONES,DETERGENTES, LIMPIADORES, EN INDUSTRIA EN GENERAL TAMBIEN PUEDE SER USADO PARA ASEO DEL HOGAR, MARCA: VENTOS, LOTE: L4675670 PAIS DE ORIGEN: CHINA(215)¿";1,10;KILOGRAMS;535,22;IMPORT;MARITIME;DECLARATIONS;ERNESTO VENTOS S.A.;;;;;;;;;;;;;;;;;;;;;;;;;;;;;;;;;;;;;;;;;;;;;;;;;;;;;;;;;;;;;;;;;;;;;;;;;;;;;;;;;;;;;;;;;;;;;;;;;;;;;;;;;;;;;;;;;;;;;;;;;;;;;;;;;;;;;;;;;;;;;;;;;;;;;;;;;;;;;;;;;;;;;;;;;;;;;;;;;;;;;;;;;;;;;;;;;;;;;;;;;;;;;;;;;;;;;;;;;;;;;;;;;;;;;;;;;;;;;;;;;;
10/01/2026;COLOMBIA - IMPORT;PRODUCTORA NACIONAL DE AROMAS FRAGANCIAS Y COLORANTES S.A. D;COLOMBIA;ERNESTO VENTOS;SPAIN;2930909900 - ORGANO-SULPHUR COMPOUNDS. OTHER OTHER: OTHER;"DO I87447 PEDIDO PEDIDO 1813 DECLARACION 15 DE 45;SE APLICA DESCUENTO SEGUN NOTA DE CREDITO DEL EXPORTADOR N¿ AVB_O0667 DE 16/12/2025. RAZON: DESCUENTO DEL 1% SOBRE LAS VENTAS POR CANTIDAD O VOLUMEN (RAPPEL) RESOLUCION 1684/2014 ARTICULO 10 // MERCANCIA NUEVA //FACTURA: O37555, FECHA: 16-12-2025. ITEM 12FACTURA O37555 DEL 16-12-2025, CANTIDAD: 2KILOGRAMO, PRODUCTO: PARA-MENTA-8-TIOL-3-ONA, NOMBRE COMERCIAL: THIOMENTHONE (P-MENTHA 8 THIOL 3 ONE), NO. CAS (N¿MERO DE REGISTRO DEL CHEMICAL ABSTRACTS SERVICE): 38462-22-5, CALIDAD: FCC, ASPECTO F¿SICO: LIQUIDO FLUIDO TRANSPARENTE, CONCENTRACI¿N: 100% PARA-MENTA-8-TIOL-3-ONA, TIPO DE EMPAQUE: BIDON X 2 KG, USO: MATERIA PRIMA PARA ELABORACION DE AROMAS Y FRAGANCIAS, PARA LA INDUSTRIA DE AROMAS Y FRAGANCIAS, COMO USO FINAL EN JABONES, DETERGENTES, LIMPIADORES, EN INDUSTRIA EN GENERAL TAMBIEN PUEDE SER USADO PARA ASEO DEL HOGAR, MARCA: VENTOS, LOTE: L4684264 PAIS DE ORIGEN: ESPA¿A(245)¿";2,00;KILOGRAMS;1.377,68;IMPORT;MARITIME;DECLARATIONS;ERNESTO VENTOS S.A.;;;;;;;;;;;;;;;;;;;;;;;;;;;;;;;;;;;;;;;;;;;;;;;;;;;;;;;;;;;;;;;;;;;;;;;;;;;;;;;;;;;;;;;;;;;;;;;;;;;;;;;;;;;;;;;;;;;;;;;;;;;;;;;;;;;;;;;;;;;;;;;;;;;;;;;;;;;;;;;;;;;;;;;;;;;;;;;;;;;;;;;;;;;;;;;;;;;;;;;;;;;;;;;;;;;;;;;;;;;;;;;;;;;;;;;;;;;;;;;;;;
10/01/2026;COLOMBIA - IMPORT;PRODUCTORA NACIONAL DE AROMAS FRAGANCIAS Y COLORANTES S.A. D;COLOMBIA;ERNESTO VENTOS;CHINA;2915601900 - SATURATED ACYCLIC MONO(..) BUTANOIC ACIDS, PENTANOIC ACIDS, THEIR SALTS AND ESTERS BUTANOIC ACIDS, ITS SALTS AND ESTERS: OTHER;"DO I87447 PEDIDO PEDIDO 1813 DECLARACION 14 DE 45;SE APLICA DESCUENTO SEGUN NOTA DE CREDITO DEL EXPORTADOR N¿ AVB_O0667 DE 16/12/2025. RAZON: DESCUENTO DEL 1% SOBRE LAS VENTAS POR CANTIDAD O VOLUMEN (RAPPEL) RESOLUCION 1684/2014 ARTICULO 10 // MERCANCIA NUEVA //FACTURA: O37555, FECHA: 16-12-2025. ITEM 11FACTURA O37555 DEL 16-12-2025, CANTIDAD: 5KILOGRAMO, PRODUCTO: ISOBUTYRIC ACID, NOMBRE COMERCIAL: ISOBUTYRIC ACID, NO. CAS (N¿MERO DE REGISTRO DEL CHEMICAL ABSTRACTS SERVICE): 79-31-2, CALIDAD: FCC, ASPECTOF¿SICO: LIQUIDO FLUIDO TRANSPARENTE, CONCENTRACI¿N: 100% ISOBUTYRIC ACID, TIPO DE EMPAQUE: BIDON X 25 KG, USO: MATERIA PRIMA PARA ELABORACION DE AROMAS Y FRAGANCIAS, PARA LA INDUSTRIA DE AROMAS Y FRAGANCIAS, COMO USO FINAL EN JABONES, DETERGENTES, LIMPIADORES, EN INDUSTRIA EN GENERAL TAMBIEN PUEDE SER USADO PARA ASEO DEL HOGAR, MARCA: VENTOS, LOTE: L4676826 PAIS DE ORIGEN: CHINA(215)¿,. ITEM 19, CANTIDAD: 540 KILOGRAMO, PRODUCTO: BUTIRATO DE ETILO, NOMBRE COMERCIAL: ETHYL BUTYRATE, NO. CAS (N¿MERO DE REGISTRO DEL CHEMICAL ABSTRACTS SERVICE): 105-54-4, CALIDAD: FCC, ASPECTO F¿SICO: LIQUIDO FLUIDO TRANSPARENTE, CONCENTRACI¿N: 100% BUTIRATO DE ETILO (ETHYL BUTYRATE), TIPO DE EMPAQUE: TAMBOR X 180 KG, USO: MATERIA PRIMA PARA ELABORACION DE AROMAS Y FRAGANCIAS, PARA LA INDUSTRIA DE AROMAS Y FRAGANCIAS, COMO USO FINAL EN JABONES, DETERGENTES, LIMPIADORES, ENINDUSTRIA EN GENERAL TAMBIEN PUEDE SER USADO PARA ASEO DEL HOGAR, MARCA: VENTOS, LOTE: L4674090 PAIS DE ORIGEN: CHINA(215)¿,. ITEM 20, CANTIDAD: 25 KILOGRAMO, PRODUCTO: BUTIRATO DE HEXILO, NOMBRE COMERCIAL: HEXYL BUTYRATE, NO. CAS (N¿MERO DE REGISTRO DEL CHEMICAL ABSTRACTS SERVICE): 2639-63-6, CALIDAD: FCC, ASPECTO F¿SICO: LIQUIDO, CONCENTRACI¿N: 100% HEXYL BUTYRATE, TIPO DE EMPAQUE: BIDON X 25 KG, USO: MATERIA PRIMA PARA ELABORACION DE AROMAS Y FRAGANCIAS, PARA LA INDUSTRIA DE AROMAS Y FRAGANCIAS, COMO USO FINAL EN JABONES, DETERGENTES, LIMPIADORES, EN INDUSTRIA EN GENERAL TAMBIEN PUEDE SER USADO PARA ASEO DEL HOGAR, MARCA: VENTOS, LOTE: L4684925 PAIS DEORIGEN: REINO UNIDO(628)¿,. ITEM 39, CANTIDAD: 50 KILOGRAMO, PRODUCTO: ISOPENTANOATO DE ETILO, NOMBRE COMERCIAL: ETHYL ISOVALERATE, NO. CAS (N¿MERO DE REGISTRO DEL CHEMICAL ABSTRACTS SERVICE): 108-64-5, CALIDAD: FCC, ASPECTO F¿SICO: LIQUIDO FLUIDO TRANSPARENTE, CONCENTRACI¿N: 100% ETHYL ISOVALERATE, TIPO DE EMPAQUE: BIDON X 50 KG, USO: MATERIA PRIMA PARA ELABORACION DE AROMAS Y FRAGANCIAS, PARA LA INDUSTRIA DE AROMAS Y FRAGANCIAS, COMO USO FINAL EN JABONES, DETERGENTES, LIMPIADORES, EN INDUSTRIA EN GENERAL TAMBIEN PUEDE SER USADO PARA ASEO DEL HOGAR, MARCA: VENTOS, LOTE: L4676010 PAIS DE ORIGEN: CHINA(215)¿,. ITEM 62, CANTIDAD: 2 KILOGRAMO, PRODUCTO: BUTIRATO DE 3,7-DIMETIL-2,6-OCTADIEN-1-ILO,NOMBRE COMERCIAL: GERANYL BUTYRATE, NO. CAS (N¿MERO DE REGISTRO DEL CHEMICAL ABSTRACTS SERVICE): 106-29-6, CALIDAD: FCC, ASPECTO F¿SICO: LIQUIDO FLUIDO TRANSPARENTE, CONCENTRACI¿N: 100% GERANYL BUTYRATE, TIPO DE EMPAQUE: BIDON X 2 KG, USO: MATERIA PRIMA PARA ELABORACION DE AROMAS Y FRAGANCIAS, PARA LA INDUSTRIA DEAROMAS Y FRAGANCIAS, COMO USO FINAL EN JABONES, DETERGENTES, LIMPIADORES, EN INDUSTRIA EN GENERAL TAMBIEN PUEDE SER USADO PARA ASEO DEL HOGAR, MARCA: VENTOS, LOTE: L4662610 PAIS DE ORIGEN: INDIA(361)¿,. ITEM 75, CANTIDAD: 50 KILOGRAMO, PRODUCTO: BUTIRATODE ALFA,ALFA-DIMETILFENILETILO, NOMBRE COMERCIAL: DIMETHYL BENZYL CARBINYL BUTYRATE, NO. CAS (N¿MERO DE REGISTRO DEL CHEMICAL ABSTRACTS SERVICE): 10094-34-5, CALIDAD: FCC, ASPECTO F¿SICO: LIQUIDO FLUIDO TRANSPARENTE, CONCENTRACI¿N: 100% DIMETHYL BENZYL CARBINYL BUTYRATE, TIPO DE EMPAQUE: BIDON X 50 KG, USO: MATERIA PRIMA PARA ELABORACION DE AROMAS Y FRAGANCIAS, PARA LA INDUSTRIA DE AROMAS Y FRAGANCIAS, COMO USO FINAL EN JABONES, DETERGENTES, LIMPIADORES,EN INDUSTRIA EN GENERAL TAMBIEN PUEDE SER USADO PARA ASEO DEL HOGAR, MARCA: VENTOS, LOTE: L4684384 PAIS DE ORIGEN: INDIA(361)¿";672,00;KILOGRAMS;3.217,56;IMPORT;MARITIME;DECLARATIONS;ERNESTO VENTOS S.A.;;;;;;;;;;;;;;;;;;;;;;;;;;;;;;;;;;;;;;;;;;;;;;;;;;;;;;;;;;;;;;;;;;;;;;;;;;;;;;;;;;;;;;;;;;;;;;;;;;;;;;;;;;;;;;;;;;;;;;;;;;;;;;;;;;;;;;;;;;;;;;;;;;;;;;;;;;;;;;;;;;;;;;;;;;;;;;;;;;;;;;;;;;;;;;;;;;;;;;;;;;;;;;;;;;;;;;;;;;;;;;;;;;;;;;;;;;;;;;;;;;
10/01/2026;COLOMBIA - IMPORT;PRODUCTORA NACIONAL DE AROMAS FRAGANCIAS Y COLORANTES S.A. D;COLOMBIA;ERNESTO VENTOS;SPAIN;2901290000 - ACYCLIC HYDROCARBONS. UNSATURATED:OTHER;"DO I87447 PEDIDO PEDIDO 1813 DECLARACION 13 DE 45;SE APLICA DESCUENTO SEGUN NOTA DE CREDITO DEL EXPORTADOR N¿ AVB_O0667 DE 16/12/2025. RAZON: DESCUENTO DEL 1% SOBRE LAS VENTAS POR CANTIDAD O VOLUMEN (RAPPEL) RESOLUCION 1684/2014 ARTICULO 10 // MERCANCIA NUEVA //FACTURA: O37555, FECHA: 16-12-2025, NOS ACOGEMOS AL DECRETO 2247 DE 2014 ACUERDO COMERCIAL ENTRE COLOMBIA Y LA UNION EUROPEA, EXPORTADOR AUTORIZADO ESEAOR19000171 DECLARACION EN FACTURA . ITEM 10FACTURA O37555 DEL 16-12-2025, CANTIDAD: 5 KILOGRAMO, PRODUCTO: 3,7-DIMETILOCTA-1,3,6-TRIENO, NOMBRE COMERCIAL: OCIMENE (CIS + TRANS), NO. CAS (N¿MERO DE REGISTRO DEL CHEMICAL ABSTRACTS SERVICE): 13877-91-3, CALIDAD: FCC, ASPECTO F¿SICO: LIQUIDO FLUIDO TRANSPARENTE, CONCENTRACI¿N: 100% OCIMENE (CIS + TRANS),TIPO DE EMPAQUE: BIDON X 5 KG, USO: MATERIA PRIMA PARA ELABORACION DE AROMAS Y FRAGANCIAS, PARA LA INDUSTRIA DE AROMAS Y FRAGANCIAS, COMO USO FINAL EN JABONES, DETERGENTES, LIMPIADORES, EN INDUSTRIA EN GENERAL TAMBIEN PUEDE SER USADO PARA ASEO DEL HOGAR,MARCA: VENTOS,LOTE: L4684895 PAIS DE ORIGEN: ESPA¿A(245)¿, NOS ACOGEMOS AL DECRETO 2247 DE 2014 ACUERDO COMERCIAL ENTRE COLOMBIA Y LA UNION EUROPEA, EXPORTADOR AUTORIZADO ESEAOR19000171 DECLARACION EN FACTURA . ITEM 59, CANTIDAD: 5 KILOGRAMO, PRODUCTO: 7-METIL-3-METILEN-1,6-OCTADIENO, NOMBRE COMERCIAL: MYRCENE, NO. CAS (N¿MERO DE REGISTRO DEL CHEMICAL ABSTRACTS SERVICE): 123-35-3, CALIDAD: FCC, ASPECTO F¿SICO: LIQUIDO FLUIDO TRANSPARENTE, CONCENTRACI¿N: 100% MYRCENE, TIPO DE EMPAQUE: BIDON X 5 KG, USO: MATERIA PRIMA PARA ELABORACION DE AROMAS Y FRAGANCIAS, PARA LA INDUSTRIA DE AROMAS Y FRAGANCIAS, COMO USO FINAL EN JABONES, DETERGENTES, LIMPIADORES, EN INDUSTRIA EN GENERAL TAMBIEN PUEDE SER USADO PARA ASEO DEL HOGAR, MARCA: VENTOS, LOTE: L4675683 PAIS DEORIGEN: ESPA¿A(245)¿";10,00;KILOGRAMS;2.061,56;IMPORT;MARITIME;DECLARATIONS;ERNESTO VENTOS S.A.;;;;;;;;;;;;;;;;;;;;;;;;;;;;;;;;;;;;;;;;;;;;;;;;;;;;;;;;;;;;;;;;;;;;;;;;;;;;;;;;;;;;;;;;;;;;;;;;;;;;;;;;;;;;;;;;;;;;;;;;;;;;;;;;;;;;;;;;;;;;;;;;;;;;;;;;;;;;;;;;;;;;;;;;;;;;;;;;;;;;;;;;;;;;;;;;;;;;;;;;;;;;;;;;;;;;;;;;;;;;;;;;;;;;;;;;;;;;;;;;;;
10/01/2026;COLOMBIA - IMPORT;PRODUCTORA NACIONAL DE AROMAS FRAGANCIAS Y COLORANTES S.A. D;COLOMBIA;ERNESTO VENTOS;CHINA;2915399090 - SATURATED ACYCLIC MONOCARBOXYLIC ACIDS AND THEIR ANHYDRIDES, HALIDES, PEROXIDES A(..) ESTERS OF ACETIC ACID:OTHER OTHER: OTHER;"DO I87447 PEDIDO PEDIDO 1813 DECLARACION 12 DE 45;SE APLICA DESCUENTO SEGUN NOTA DE CREDITO DEL EXPORTADOR N¿ AVB_O0667 DE 16/12/2025. RAZON: DESCUENTO DEL 1% SOBRE LAS VENTAS POR CANTIDAD O VOLUMEN (RAPPEL) RESOLUCION 1684/2014 ARTICULO 10 // MERCANCIA NUEVA //FACTURA: O37555, FECHA: 16-12-2025. ITEM 9FACTURA O37555 DEL 16-12-2025, CANTIDAD: 5 KILOGRAMO, PRODUCTO: ACETATO DE P-MENTAN-8-OL, NOMBRE COMERCIAL: MENTHANYL ACETATE, NO. CAS (N¿MERO DE REGISTRO DEL CHEMICAL ABSTRACTS SERVICE): 58985-18-5 / 80-25-1, CALIDAD: FCC, ASPECTO F¿SICO: LIQUIDO FLUIDO TRANSPARENTE, CONCENTRACI¿N: 100% MENTHANYL ACETATE, TIPO DE EMPAQUE: BIDON X 5 KG, USO: MATERIA PRIMA PARA ELABORACION DE AROMAS YFRAGANCIAS, PARA LA INDUSTRIA DE AROMAS Y FRAGANCIAS, COMO USO FINAL EN JABONES, DETERGENTES, LIMPIADORES, EN INDUSTRIA EN GENERAL TAMBIEN PUEDE SER USADO PARA ASEO DEL HOGAR, MARCA: VENTOS, LOTE: L4677532 PAIS DE ORIGEN: CHINA(215)¿,. ITEM 32, CANTIDAD: 180 KILOGRAMO, PRODUCTO: ACETATO DE ALFA,ALFA-DIMETILFENILETILO, NOMBRE COMERCIAL: DIMETHYL BENZYL CARBINYL ACETATE, NO. CAS (N¿MERO DE REGISTRO DEL CHEMICAL ABSTRACTS SERVICE): 151-05-3, CALIDAD: FCC, ASPECTO F¿SICO: LIQUIDO FLUIDO TRANSPARENTE / SOLIDO TRANSLUCIDO, CONCENTRACI¿N: 100% DIMETHYL BENZYL CARBINYL ACETATE, TIPO DE EMPAQUE: TAMBOR X 180 KG, USO: MATERIA PRIMA PARA ELABORACION DE AROMAS Y FRAGANCIAS, PARA LA INDUSTRIA DE AROMAS Y FRAGANCIAS, COMO USO FINAL EN JABONES, DETERGENTES, LIMPIADORES, EN INDUSTRIA EN GENERAL TAMBIEN PUEDE SER USADO PARA ASEO DEL HOGAR, MARCA: VENTOS, LOTE: L4673749 PAIS DE ORIGEN: CHINA(215)¿,. ITEM 44, CANTIDAD: 25 KILOGRAMO, PRODUCTO: ACETATO DE 3-FENIL-2-PROPENILO, NOMBRE COMERCIAL: CINNAMYL ACETATE, NO. CAS (N¿MERO DE REGISTRO DEL CHEMICAL ABSTRACTS SERVICE): 103-54-8, CALIDAD: FCC, ASPECTO F¿SICO: LIQUIDO FLUIDO TRANSPARENTE, CONCENTRACI¿N: 100% CINNAMYL ACETATE, TIPO DE EMPAQUE: BIDON X 25 KG, USO: MATERIA PRIMA PARA ELABORACION DE AROMAS Y FRAGANCIAS, PARA LA INDUSTRIA DE AROMAS Y FRAGANCIAS, COMO USO FINAL EN JABONES, DETERGENTES, LIMPIADORES, EN INDUSTRIAEN GENERAL TAMBIEN PUEDE SER USADO PARA ASEO DEL HOGAR, MARCA: VENTOS, LOTE: L4673084 PAIS DE ORIGEN: INDIA(361)¿,. ITEM 50, CANTIDAD: 25 KILOGRAMO, PRODUCTO: ACETATO DE PARA-METOXI BENCILO, NOMBRE COMERCIAL: ANISYL ACETATE, NO. CAS (N¿MERO DE REGISTRO DEL CHEMICAL ABSTRACTS SERVICE): 104-21-2, CALIDAD: FCC, ASPECTO F¿SICO: LIQUIDO FLUIDO TRANSPARENTE, CONCENTRACI¿N: 100% ANISYL ACETATE, TIPO DE EMPAQUE: BIDON X 25 KG, USO: MATERIA PRIMA PARA ELABORACION DE AROMAS Y FRAGANCIAS, PARA LA INDUSTRIA DE AROMAS Y FRAGANCIAS, COMO USO FINAL EN JABONES, DETERGENTES, LIMPIADORES, EN INDUSTRIA EN GENERAL TAMBIEN PUEDE SER USADO PARA ASEO DEL HOGAR, MARCA: VENTOS, LOTE: L4678044 PAIS DEORIGEN: INDIA(361)¿,. ITEM 64, CANTIDAD: 2 KILOGRAMO, PRODUCTO: ACETATO DE NONILO (ACETATE C-9), NOMBRE COMERCIAL: NONYL ACETATE IFF, NO. CAS (N¿MERO DE REGISTRO DEL CHEMICAL ABSTRACTS SERVICE): 143-13-5, CALIDAD: FCC, ASPECTO F¿SICO: LIQUDIO FLUIDO TRANSPARENTE, CONCENTRACI¿N: 100% NONYL ACETATE IFF, TIPO DEEMPAQUE: BIDON X 2 KG, USO: MATERIA PRIMA PARA ELABORACION DE AROMAS Y FRAGANCIAS, PARA LA INDUSTRIA DE AROMAS Y FRAGANCIAS, COMO USO FINAL EN JABONES, DETERGENTES, LIMPIADORES, EN INDUSTRIA EN GENERAL TAMBIEN PUEDE SER USADO PARA ASEO DEL HOGAR, MARCA: VENTOS, LOTE: L4674966 PAIS DE ORIGEN: ESPA¿A(245)¿";237,00;KILOGRAMS;2.514,62;IMPORT;MARITIME;DECLARATIONS;ERNESTO VENTOS S.A.;;;;;;;;;;;;;;;;;;;;;;;;;;;;;;;;;;;;;;;;;;;;;;;;;;;;;;;;;;;;;;;;;;;;;;;;;;;;;;;;;;;;;;;;;;;;;;;;;;;;;;;;;;;;;;;;;;;;;;;;;;;;;;;;;;;;;;;;;;;;;;;;;;;;;;;;;;;;;;;;;;;;;;;;;;;;;;;;;;;;;;;;;;;;;;;;;;;;;;;;;;;;;;;;;;;;;;;;;;;;;;;;;;;;;;;;;;;;;;;;;;
10/01/2026;COLOMBIA - IMPORT;PRODUCTORA NACIONAL DE AROMAS FRAGANCIAS Y COLORANTES S.A. D;COLOMBIA;ERNESTO VENTOS;SWITZERLAND;3302900000 - MIXTURES OF ODORIFEROUS SUBSTANCES AND MIXTURES (INCLUDING ALCOHOLIC SOLUTIONS) WITH A BASIS OF ONE OR MORE OF THES(..) OTHER;"DO I87447 PEDIDO PEDIDO 1813 DECLARACION 11 DE 45;SE APLICA DESCUENTO SEGUN NOTA DE CREDITO DEL EXPORTADOR N¿ AVB_O0667 DE 16/12/2025. RAZON: DESCUENTO DEL 1% SOBRE LAS VENTAS POR CANTIDAD O VOLUMEN (RAPPEL) RESOLUCION 1684/2014 ARTICULO 10 // MERCANCIA NUEVA //FACTURA: O37555, FECHA: 16-12-2025. ITEM 8FACTURA O37555 DEL 16-12-2025, CANTIDAD: 5 KILOGRAMO, PRODUCTO: CASSIS BASE, COMPOSICI¿N: MULTICOMPONENTES QUIMICOS AROMATICOS, ORIGEN: SINTETICO, MEZCLA DE VARIAS SUSTANCIAS ODORIFERAS, ASPECTO F¿SICO: LIQUIDO FLUIDO TRANSPARENTE, FORMA DE PRESENTACI¿N Y EMPAQUE: BIDON X 5 KG, USO: MATERIA PRIMA PARA ELABORACION DE AROMAS Y FRAGANCIAS, PARA LA INDUSTRIA DE AROMAS Y FRAGANCIAS, COMO USO FINAL EN JABONES, DETERGENTES, LIMPIADORES, EN INDUSTRIA EN GENERAL TAMBIEN PUEDE SER USADO PARA ASEO DEL HOGAR, MARCA: VENTOS, REFERENCIA: SIN REFERENCIA, LOTE: L4669223 PAIS DE ORIGEN: SUIZA(767)¿,. ITEM 61, CANTIDAD: 2 KILOGRAMO, PRODUCTO: MEZCLA DE SUSTANCIAS ODORIFERAS - GALBEX FIRMENICH, COMPOSICI¿N: LA BASE DE GALBEX CONTIENE PRINCIPALMENTE D-LIMONENO, DYNASCONE, ALFAPINENO, DELTA-3-CARENO, BETA-PINENO Y GALBANOLENE SUPER ESTOS COMPUESTOS SE OBTIENEN GRACIAS A LA SINTESIS ORGANICA, ORIGEN: SINTETICO, ASPECTO F¿SICO: LIQUIDO FLUIDO TRANSPARENTE, FORMA DE PRESENTACI¿N YEMPAQUE: BIDON X 2 KG, USO: MATERIA PRIMA PARA ELABORACION DE AROMAS Y FRAGANCIAS, PARA LA INDUSTRIA DEAROMAS Y FRAGANCIAS, COMO USO FINAL EN JABONES, DETERGENTES, LIMPIADORES, EN INDUSTRIA EN GENERAL TAMBIEN PUEDE SER USADO PARA ASEO DEL HOGAR, MARCA: VENTOS, REFERENCIA: SIN REFERENCIA, LOTE: L4667705 PAIS DE ORIGEN: SUIZA(767)¿";7,00;KILOGRAMS;1.301,35;IMPORT;MARITIME;DECLARATIONS;ERNESTO VENTOS S.A.;;;;;;;;;;;;;;;;;;;;;;;;;;;;;;;;;;;;;;;;;;;;;;;;;;;;;;;;;;;;;;;;;;;;;;;;;;;;;;;;;;;;;;;;;;;;;;;;;;;;;;;;;;;;;;;;;;;;;;;;;;;;;;;;;;;;;;;;;;;;;;;;;;;;;;;;;;;;;;;;;;;;;;;;;;;;;;;;;;;;;;;;;;;;;;;;;;;;;;;;;;;;;;;;;;;;;;;;;;;;;;;;;;;;;;;;;;;;;;;;;;
10/01/2026;COLOMBIA - IMPORT;PRODUCTORA NACIONAL DE AROMAS FRAGANCIAS Y COLORANTES S.A. D;COLOMBIA;ERNESTO VENTOS;SPAIN;2914299000 - KETONES AND QUINONES, WHETHER OR NOT(..) CYCLANIC, CYCLENIC OR CYCLOTERPENIC KETONES WITHOUT OTHER OXYGEN FUNCTION:OTHER OTHER;"DO I87447 PEDIDO PEDIDO 1813 DECLARACION 10 DE 45;SE APLICA DESCUENTO SEGUN NOTA DE CREDITO DEL EXPORTADOR N¿ AVB_O0667 DE 16/12/2025. RAZON: DESCUENTO DEL 1% SOBRE LAS VENTAS POR CANTIDAD O VOLUMEN (RAPPEL) RESOLUCION 1684/2014 ARTICULO 10 // MERCANCIA NUEVA //FACTURA: O37555, FECHA: 16-12-2025. ITEM 7FACTURA O37555 DEL 16-12-2025, CANTIDAD: 25KILOGRAMO, PRODUCTO: 6,7-DIHIDRO-1,1,2,3,3-PENTAMETIL-4(5H)-INDANONA, NOMBRE COMERCIAL: CASHMERAN, NO. CAS (N¿MERO DE REGISTRO DEL CHEMICAL ABSTRACTS SERVICE): 33704-61-9, CALIDAD: FCC, ASPECTO F¿SICO: LIQUIDO FLUIDO TRANSPARENTE, CONCENTRACI¿N: 100% CASHMERAN, TIPO DE EMPAQUE: BIDON X 25 KG, USO: MATERIA PRIMA PARA ELABORACION DE AROMAS YFRAGANCIAS, PARA LA INDUSTRIA DE AROMAS Y FRAGANCIAS, COMO USO FINAL EN JABONES, DETERGENTES, LIMPIADORES, EN INDUSTRIA EN GENERAL TAMBIEN PUEDE SER USADO PARA ASEO DEL HOGAR, MARCA: VENTOS, LOTE: L4678254 PAIS DE ORIGEN: ESPA¿A(245)¿,. ITEM 73, CANTIDAD: 0.1 KILOGRAMO, PRODUCTO: 3-METILCICLOPENTADECENONA, NOMBRE COMERCIAL: MUSCANON ASIA (MUSCENONE), NO. CAS (N¿MERO DE REGISTRO DEL CHEMICAL ABSTRACTS SERVICE): 82356-51-2 / 63314-79-4, CALIDAD: FCC, ASPECTO F¿SICO: LIQUIDO FLUIDO TRANSPARENTE, CONCENTRACI¿N: 100% MUSCANON ASIA (MUSCENONE), TIPO DE EMPAQUE: BIDON X 0,10 KG, USO: MATERIA PRIMA PARA ELABORACION DE AROMAS Y FRAGANCIAS, PARA LA INDUSTRIA DE AROMAS Y FRAGANCIAS, COMO USO FINAL EN JABONES, DETERGENTES, LIMPIADORES, EN INDUSTRIA EN GENERAL TAMBIEN PUEDE SER USADO PARA ASEO DEL HOGAR, MARCA: VENTOS, LOTE: L4674674 PAIS DE ORIGEN: CHINA(215)¿";25,10;KILOGRAMS;1.727,04;IMPORT;MARITIME;DECLARATIONS;ERNESTO VENTOS S.A.;;;;;;;;;;;;;;;;;;;;;;;;;;;;;;;;;;;;;;;;;;;;;;;;;;;;;;;;;;;;;;;;;;;;;;;;;;;;;;;;;;;;;;;;;;;;;;;;;;;;;;;;;;;;;;;;;;;;;;;;;;;;;;;;;;;;;;;;;;;;;;;;;;;;;;;;;;;;;;;;;;;;;;;;;;;;;;;;;;;;;;;;;;;;;;;;;;;;;;;;;;;;;;;;;;;;;;;;;;;;;;;;;;;;;;;;;;;;;;;;;;
10/01/2026;COLOMBIA - IMPORT;PRODUCTORA NACIONAL DE AROMAS FRAGANCIAS Y COLORANTES S.A. D;COLOMBIA;ERNESTO VENTOS;CHINA;2902190090 - CYCLIC HYDROCARBONS. CYCLANES, CYCLENES AND CYCLOTERPENES:OTHER OTHER;"DO I87447 PEDIDO PEDIDO 1813 DECLARACION 9 DE 45;SE APLICA DESCUENTO SEGUN NOTA DE CREDITO DEL EXPORTADOR N¿ AVB_O0667 DE 16/12/2025. RAZON: DESCUENTO DEL 1% SOBRE LAS VENTAS POR CANTIDAD O VOLUMEN (RAPPEL) RESOLUCION 1684/2014 ARTICULO 10 // MERCANCIA NUEVA //FACTURA: O37555, FECHA: 16-12-2025. ITEM 6FACTURA O37555 DEL 16-12-2025, CANTIDAD: 25 KILOGRAMO, PRODUCTO: 2,6,6-TRIMETIL BICICLO-(3,1,1)-HEPT-2-ENO, NOMBRE COMERCIAL: PINENE ALPHA NATURAL, NO. CAS (N¿MERO DE REGISTRO DEL CHEMICAL ABSTRACTS SERVICE): 80-56-8 / 7785-26-4, CALIDAD: FCC, ASPECTO F¿SICO: LIQUIDO FLUIDO TRANSPARENTE, CONCENTRACI¿N: 100% PINENE ALPHA NATURAL, TIPO DE EMPAQUE: BIDON X 25 KG, USO: MATERIA PRIMA PARAELABORACION DE AROMAS Y FRAGANCIAS, PARA LA INDUSTRIA DE AROMAS Y FRAGANCIAS,COMO USO FINAL EN JABONES, DETERGENTES, LIMPIADORES, EN INDUSTRIA EN GENERAL TAMBIEN PUEDE SER USADO PARA ASEO DEL HOGAR, MARCA: VENTOS, LOTE: L4664445 PAIS DE ORIGEN: CHINA(215)¿,. ITEM 47, CANTIDAD: 25 KILOGRAMO, PRODUCTO: 6,6-DIMETIL-2-METILENO-BICICLO-(3.1.1)HEPTANO, NOMBRE COMERCIAL: BETA PINENE, NO. CAS (N¿MERO DE REGISTRO DEL CHEMICAL ABSTRACTS SERVICE): 18172-67-3 / 127-91-3, CALIDAD: FCC, ASPECTO F¿SICO: LIQUIDO FLUIDO TRANSPARENTE, CONCENTRACI¿N: 100% BETA PINENE, TIPO DE EMPAQUE: BIDON X 25 KG, USO: MATERIA PRIMA PARA ELABORACION DE AROMAS Y FRAGANCIAS, PARA LA INDUSTRIA DE AROMAS Y FRAGANCIAS, COMO USO FINAL EN JABONES, DETERGENTES, LIMPIADORES, EN INDUSTRIA EN GENERAL TAMBIEN PUEDE SER USADO PARA ASEO DEL HOGAR, MARCA: VENTOS, LOTE: L4677654PAIS DE ORIGEN: CHINA(215)¿,. ITEM 53, CANTIDAD: 10 KILOGRAMO, PRODUCTO: BETA-CARIOFILENO, NOMBRE COMERCIAL: BETA CARYOPHYLLENE, NO. CAS (N¿MERO DE REGISTRO DEL CHEMICAL ABSTRACTS SERVICE): 87-44-5, CALIDAD: FCC, ASPECTO F¿SICO: LIQUIDO ALGO VISCOSO TRANSPARENTE, CONCENTRACI¿N: 100% BETA CARYOPHYLLENE, TIPO DE EMPAQUE: BIDON X 10 KG, USO: MATERIA PRIMA PARA ELABORACION DE AROMAS Y FRAGANCIAS, PARA LA INDUSTRIA DE AROMAS Y FRAGANCIAS, COMO USO FINAL EN JABONES, DETERGENTES, LIMPIADORES, EN INDUSTRIA EN GENERAL TAMBIEN PUEDE SER USADO PARA ASEO DEL HOGAR, MARCA: VENTOS, LOTE: L4676834 PAIS DE ORIGEN: INDONESIA(365)¿";60,00;KILOGRAMS;690,03;IMPORT;MARITIME;DECLARATIONS;ERNESTO VENTOS S.A.;;;;;;;;;;;;;;;;;;;;;;;;;;;;;;;;;;;;;;;;;;;;;;;;;;;;;;;;;;;;;;;;;;;;;;;;;;;;;;;;;;;;;;;;;;;;;;;;;;;;;;;;;;;;;;;;;;;;;;;;;;;;;;;;;;;;;;;;;;;;;;;;;;;;;;;;;;;;;;;;;;;;;;;;;;;;;;;;;;;;;;;;;;;;;;;;;;;;;;;;;;;;;;;;;;;;;;;;;;;;;;;;;;;;;;;;;;;;;;;;;;
10/01/2026;COLOMBIA - IMPORT;PRODUCTORA NACIONAL DE AROMAS FRAGANCIAS Y COLORANTES S.A. D;COLOMBIA;ERNESTO VENTOS;CHINA;2916209000 - UNSATURATED       AC(..) CYCLANIC, CYCLENIC OR CYCLOTERPENIC MONOCARBOXYLIC ACIDS, THEIR ANHYDRIDES, HALIDES, PEROXIDES,(..) OTHER;"DO I87447 PEDIDO PEDIDO 1813 DECLARACION 8 DE 45;SE APLICA DESCUENTO SEGUN NOTA DE CREDITO DEL EXPORTADOR N¿ AVB_O0667 DE 16/12/2025. RAZON: DESCUENTO DEL 1% SOBRE LAS VENTAS POR CANTIDAD O VOLUMEN (RAPPEL) RESOLUCION 1684/2014 ARTICULO 10 // MERCANCIA NUEVA //FACTURA: O37555, FECHA: 16-12-2025. ITEM 5FACTURA O37555 DEL 16-12-2025, CANTIDAD: 50 KILOGRAMO, PRODUCTO: CICLOHEXILPROPIONATO DE 2-PROPENILO, NOMBRE COMERCIAL: ALLYL CYCLOHEXENYL PROPIONATE, NO. CAS (N¿MERO DE REGISTRO DEL CHEMICAL ABSTRACTS SERVICE): 2705-87-5, CALIDAD: FCC, ASPECTO F¿SICO: LIQUIDO FLUIDO TRANSPARENTE, CONCENTRACI¿N: 100% ALLYL CYCLOHEXENYL PROPIONATE, TIPO DE EMPAQUE: BIDON X 50 KG, USO: MATERIA PRIMA PARA ELABORACION DE AROMAS Y FRAGANCIAS, PARA LA INDUSTRIA DE AROMAS Y FRAGANCIAS, COMO USO FINAL EN JABONES, DETERGENTES, LIMPIADORES, EN INDUSTRIA EN GENERAL TAMBIEN PUEDE SER USADO PARA ASEO DEL HOGAR, MARCA: VENTOS, LOTE: L4684981 PAIS DE ORIGEN: CHINA(215)¿";50,00;KILOGRAMS;592,17;IMPORT;MARITIME;DECLARATIONS;ERNESTO VENTOS S.A.;;;;;;;;;;;;;;;;;;;;;;;;;;;;;;;;;;;;;;;;;;;;;;;;;;;;;;;;;;;;;;;;;;;;;;;;;;;;;;;;;;;;;;;;;;;;;;;;;;;;;;;;;;;;;;;;;;;;;;;;;;;;;;;;;;;;;;;;;;;;;;;;;;;;;;;;;;;;;;;;;;;;;;;;;;;;;;;;;;;;;;;;;;;;;;;;;;;;;;;;;;;;;;;;;;;;;;;;;;;;;;;;;;;;;;;;;;;;;;;;;;
10/01/2026;COLOMBIA - IMPORT;PRODUCTORA NACIONAL DE AROMAS FRAGANCIAS Y COLORANTES S.A. D;COLOMBIA;ERNESTO VENTOS;CHINA;2918300000 - CARBOXYLIC ACIDS WIT(..) CARBOXYLIC ACIDS WITH ALDEHYDE OR KETONE FUNCTION BUT WITHOUT OTHER OXYGEN FUNCTION, THEIR ANHYDRIDE(..);"DO I87447 PEDIDO PEDIDO 1813 DECLARACION 7 DE 45;SE APLICA DESCUENTO SEGUN NOTA DE CREDITO DEL EXPORTADOR N¿ AVB_O0667 DE 16/12/2025. RAZON: DESCUENTO DEL 1% SOBRE LAS VENTAS POR CANTIDAD O VOLUMEN (RAPPEL) RESOLUCION 1684/2014 ARTICULO 10 // MERCANCIA NUEVA //FACTURA: O37555, FECHA: 16-12-2025. ITEM 4FACTURA O37555 DEL 16-12-2025, CANTIDAD: 50 KILOGRAMO, PRODUCTO: 2-PENTILOXYGLYCOLATO DE ALILO, NOMBRE COMERCIAL: GALBALLYNATE, NO. CAS (N¿MERO DE REGISTRO DEL CHEMICAL ABSTRACTS SERVICE): 67634-00-8, CALIDAD: FCC, ASPECTO F¿SICO: LIQUIDO FLUIDO TRANSPARENTE, CONCENTRACI¿N: 100% GALBALLYNATE, TIPO DE EMPAQUE: BIDON X 50 KG, USO: MATERIA PRIMA PARA ELABORACION DE AROMAS Y FRAGANCIAS, PARA LA INDUSTRIA DE AROMAS Y FRAGANCIAS, COMO USO FINAL EN JABONES, DETERGENTES, LIMPIADORES, EN INDUSTRIA EN GENERAL TAMBIEN PUEDE SER USADO PARA ASEO DEL HOGAR, MARCA: VENTOS, LOTE: L4681020 PAIS DE ORIGEN: CHINA(215)¿,. ITEM 31, CANTIDAD: 1 KILOGRAMO, PRODUCTO: EPI-DIHIDROJASMONATO DE METILO, NOMBRE COMERCIAL: KHARISMAL IFF, NO. CAS (N¿MERO DE REGISTRO DEL CHEMICAL ABSTRACTS SERVICE): 24851-98-7, CALIDAD: FCC, ASPECTO F¿SICO: LIQUIDO FLUIDO TRANSPARENTE, CONCENTRACI¿N: 100% KHARISMAL IFF, TIPO DE EMPAQUE: BIDON X 1 KG, USO: MATERIA PRIMA PARA ELABORACION DE AROMAS Y FRAGANCIAS, PARA LA INDUSTRIA DE AROMAS Y FRAGANCIAS, COMO USO FINAL EN JABONES, DETERGENTES, LIMPIADORES, EN INDUSTRIA EN GENERAL TAMBIEN PUEDE SER USADO PARA ASEO DEL HOGAR, MARCA: VENTOS, LOTE: L4682753 PAIS DE ORIGEN: ESPA¿A(245)¿";51,00;KILOGRAMS;624,38;IMPORT;MARITIME;DECLARATIONS;ERNESTO VENTOS S.A.;;;;;;;;;;;;;;;;;;;;;;;;;;;;;;;;;;;;;;;;;;;;;;;;;;;;;;;;;;;;;;;;;;;;;;;;;;;;;;;;;;;;;;;;;;;;;;;;;;;;;;;;;;;;;;;;;;;;;;;;;;;;;;;;;;;;;;;;;;;;;;;;;;;;;;;;;;;;;;;;;;;;;;;;;;;;;;;;;;;;;;;;;;;;;;;;;;;;;;;;;;;;;;;;;;;;;;;;;;;;;;;;;;;;;;;;;;;;;;;;;;
10/01/2026;COLOMBIA - IMPORT;PRODUCTORA NACIONAL DE AROMAS FRAGANCIAS Y COLORANTES S.A. D;COLOMBIA;ERNESTO VENTOS;INDIA;2918299000 - CARBOXYLIC ACIDS WIT(..) CARBOXYLIC ACIDS WITH PHENOL FUNCTION BUT WITHOUT OTHER OXYGEN FUNCTION, THEIR ANHYDRIDES, HALI(..) OTHER;"DO I87447 PEDIDO PEDIDO 1813 DECLARACION 6 DE 45;SE APLICA DESCUENTO SEGUN NOTA DE CREDITO DEL EXPORTADOR N¿ AVB_O0667 DE 16/12/2025. RAZON: DESCUENTO DEL 1% SOBRE LAS VENTAS POR CANTIDAD O VOLUMEN (RAPPEL) RESOLUCION 1684/2014 ARTICULO 10 // MERCANCIA NUEVA //FACTURA: O37555, FECHA: 16-12-2025. ITEM 3FACTURA O37555 DEL 16-12-2025, CANTIDAD: 200KILOGRAMO, PRODUCTO: ALFA-BETA-EPOXI-BETA-METILFENILPROPIONATO DE ETILO, NOMBRE COMERCIAL: ETHYL METHYLPHENYLGLYCIDATE / ALDEHIDO C-16, NO. CAS (N¿MERO DE REGISTRO DEL CHEMICAL ABSTRACTS SERVICE): 77-83-8, CALIDAD: FCC, ASPECTO F¿SICO: LIQUIDO FLUIDO TRANSPARENTE, CONCENTRACI¿N: 100% ETHYL METHYLPHENYLGLYCIDATE / ALDEHIDO C-16, TIPO DE EMPAQUE: TAMBOR X 200 KG, USO: MATERIA PRIMA PARA ELABORACION DE AROMAS Y FRAGANCIAS, PARA LA INDUSTRIA DE AROMAS Y FRAGANCIAS, COMO USO FINAL EN JABONES, DETERGENTES, LIMPIADORES, EN INDUSTRIA EN GENERAL TAMBIEN PUEDE SER USADO PARA ASEO DEL HOGAR, MARCA: VENTOS, LOTE: L4670425 PAIS DE ORIGEN: INDIA(361)¿";200,00;KILOGRAMS;1.308,18;IMPORT;MARITIME;DECLARATIONS;ERNESTO VENTOS S.A.;;;;;;;;;;;;;;;;;;;;;;;;;;;;;;;;;;;;;;;;;;;;;;;;;;;;;;;;;;;;;;;;;;;;;;;;;;;;;;;;;;;;;;;;;;;;;;;;;;;;;;;;;;;;;;;;;;;;;;;;;;;;;;;;;;;;;;;;;;;;;;;;;;;;;;;;;;;;;;;;;;;;;;;;;;;;;;;;;;;;;;;;;;;;;;;;;;;;;;;;;;;;;;;;;;;;;;;;;;;;;;;;;;;;;;;;;;;;;;;;;;
10/01/2026;COLOMBIA - IMPORT;PRODUCTORA NACIONAL DE AROMAS FRAGANCIAS Y COLORANTES S.A. D;COLOMBIA;ERNESTO VENTOS;SPAIN;3302900000 - MIXTURES OF ODORIFEROUS SUBSTANCES AND MIXTURES (INCLUDING ALCOHOLIC SOLUTIONS) WITH A BASIS OF ONE OR MORE OF THES(..) OTHER;"DO I87447 PEDIDO PEDIDO 1813 DECLARACION 5 DE 45;SE APLICA DESCUENTO SEGUN NOTA DE CREDITO DEL EXPORTADOR N¿ AVB_O0667 DE 16/12/2025. RAZON: DESCUENTO DEL 1% SOBRE LAS VENTAS POR CANTIDAD O VOLUMEN (RAPPEL) RESOLUCION 1684/2014 ARTICULO 10 // MERCANCIA NUEVA //FACTURA: O37555, FECHA: 16-12-2025, NOS ACOGEMOS AL DECRETO 2247 DE 2014 ACUERDO COMERCIAL ENTRE COLOMBIA Y LA UNION EUROPEA, EXPORTADOR AUTORIZADO ESEAOR19000171 DECLARACION EN FACTURA . ITEM 2FACTURA O37555 DEL 16-12-2025, CANTIDAD: 189 KILOGRAMO, PRODUCTO: 5-TERT-BUTYL-2,4,6-TRINITROXYLENE MUSK XYLOL SUBSTITUTE, COMPOSICI¿N: MEZCLA DE ALMIZCLE QUIMICOS AROMATICOS, ORIGEN: SINTETICO, ASPECTO F¿SICO: LIQUIDO VISCOSO, FORMA DE PRESENTACI¿N Y EMPAQUE: TAMBOR X 189 KG, USO: MATERIA PRIMA PARA ELABORACION DE AROMAS Y FRAGANCIAS, PARA LA INDUSTRIA DE AROMAS Y FRAGANCIAS, COMO USO FINAL EN JABONES, DETERGENTES, LIMPIADORES, EN INDUSTRIA EN GENERAL TAMBIEN PUEDE SER USADO PARA ASEO DEL HOGAR, MARCA: VENTOS, REFERENCIA: SIN REFERENCIA, LOTE: L4678429 PAIS DEORIGEN: ESPA¿A(245)¿";189,00;KILOGRAMS;4.121,03;IMPORT;MARITIME;DECLARATIONS;ERNESTO VENTOS S.A.;;;;;;;;;;;;;;;;;;;;;;;;;;;;;;;;;;;;;;;;;;;;;;;;;;;;;;;;;;;;;;;;;;;;;;;;;;;;;;;;;;;;;;;;;;;;;;;;;;;;;;;;;;;;;;;;;;;;;;;;;;;;;;;;;;;;;;;;;;;;;;;;;;;;;;;;;;;;;;;;;;;;;;;;;;;;;;;;;;;;;;;;;;;;;;;;;;;;;;;;;;;;;;;;;;;;;;;;;;;;;;;;;;;;;;;;;;;;;;;;;;
10/01/2026;COLOMBIA - IMPORT;PRODUCTORA NACIONAL DE AROMAS FRAGANCIAS Y COLORANTES S.A. D;COLOMBIA;ERNESTO VENTOS;CHINA;2916319000 - UNSATURATED       AC(..) AROMATIC MONOCARBOXYLIC ACIDS, THEIR ANHYDRIDES, HALIDES, PEROXIDES, PEROXYACIDS AND THEIR DERI(..) OTHER;"DO I87447 PEDIDO PEDIDO 1813 DECLARACION 4 DE 45;SE APLICA DESCUENTO SEGUN NOTA DE CREDITO DEL EXPORTADOR N¿ AVB_O0667 DE 16/12/2025. RAZON: DESCUENTO DEL 1% SOBRE LAS VENTAS POR CANTIDAD O VOLUMEN (RAPPEL) RESOLUCION 1684/2014 ARTICULO 10 // MERCANCIA NUEVA //FACTURA: O37555, FECHA: 16-12-2025. ITEM 1FACTURA O37555 DEL 16-12-2025, CANTIDAD: 225KILOGRAMO, PRODUCTO: BENZOATO DE BENCILO, NOMBRE COMERCIAL: BENZYL BENZOATE, NO. CAS (N¿MERO DE REGISTRO DEL CHEMICAL ABSTRACTS SERVICE): 120-51-4, CALIDAD: FCC, ASPECTO F¿SICO: LIQUIDO OLEOSO / SOLIDO CRISTALINO, CONCENTRACI¿N: 100% BENZYL BENZOATE, TIPO DE EMPAQUE: TAMBOR X 225 KG, USO: MATERIA PRIMA PARA ELABORACION DE AROMAS Y FRAGANCIAS, PARA LA INDUSTRIA DE AROMAS Y FRAGANCIAS, COMO USO FINAL EN JABONES, DETERGENTES, LIMPIADORES, EN INDUSTRIA EN GENERAL TAMBIEN PUEDE SER USADO PARA ASEO DEL HOGAR, MARCA: VENTOS, LOTE: L4681976 PAIS DE ORIGEN: CHINA(215)¿";225,00;KILOGRAMS;635,43;IMPORT;MARITIME;DECLARATIONS;ERNESTO VENTOS S.A.;;;;;;;;;;;;;;;;;;;;;;;;;;;;;;;;;;;;;;;;;;;;;;;;;;;;;;;;;;;;;;;;;;;;;;;;;;;;;;;;;;;;;;;;;;;;;;;;;;;;;;;;;;;;;;;;;;;;;;;;;;;;;;;;;;;;;;;;;;;;;;;;;;;;;;;;;;;;;;;;;;;;;;;;;;;;;;;;;;;;;;;;;;;;;;;;;;;;;;;;;;;;;;;;;;;;;;;;;;;;;;;;;;;;;;;;;;;;;;;;;;
10/01/2026;COLOMBIA - IMPORT;PRODUCTORA NACIONAL DE AROMAS FRAGANCIAS Y COLORANTES S.A. D;COLOMBIA;ERNESTO VENTOS;CHINA;2932190000 - HETEROCYCLIC COMPOUNDS WI(..) COMPOUNDS CONTAINING AN UNFUSED FURAN RING (WHETHER OR NOT HYDROGENATED) IN THE STRUCTURE:OTHER;"DO I87447 PEDIDO PEDIDO 1813 DECLARACION 3 DE 45;SE APLICA DESCUENTO SEGUN NOTA DE CREDITO DEL EXPORTADOR N¿ AVB_O0667 DE 16/12/2025. RAZON: DESCUENTO DEL 1% SOBRE LAS VENTAS POR CANTIDAD O VOLUMEN (RAPPEL) RESOLUCION 1684/2014 ARTICULO 10 // MERCANCIA NUEVA //FACTURA: O37475, FECHA: 12-12-2025. ITEM 4FACTURA O37475 DEL 12-12-2025, CANTIDAD: 100KILOGRAMO, PRODUCTO: 4-HIDROXI-2,5-DIMETIL-3(2 H )-FURANONA, NOMBRE COMERCIAL: FURANEOL, NO. CAS (N¿MERO DE REGISTRO DEL CHEMICAL ABSTRACTS SERVICE): 3658-77-3, CALIDAD: FCC, ASPECTO F¿SICO: SOLIDO, CONCENTRACI¿N: 100% FURANEOL, TIPO DE EMPAQUE: CAJA X 10 KG, USO: MATERIA PRIMA PARA ELABORACION DE AROMAS Y FRAGANCIAS, PARA LA IND DE AROMASY FRAGANCIAS, COMO USO FINAL EN JABONES DETERGENTES LIMPIADORES, EN INDUSTRIA EN GENERAL TAMBIEN PUEDE SER USADO PARA ASEO DEL HOGAR, MARCA: VENTOS, LOTE: L4677427 PAIS DE ORIGEN: CHINA(215)¿,//FACTURA: O37555, FECHA: 16-12-2025. ITEM 76FACTURA O37555 DEL 16-12-2025, CANTIDAD: 0.1 KILOGRAMO, PRODUCTO: 2-ACETILFURANO, NOMBRE COMERCIAL: 2-ACETYLFURAN BESTALLY, NO. CAS (N¿MERO DE REGISTRO DEL CHEMICAL ABSTRACTS SERVICE): 1192-62-7, CALIDAD: FCC, ASPECTO F¿SICO: LIQUIDO FLUIDO TRANSPARENTE, CONCENTRACI¿N: 100% 2-ACETYLFURAN BESTALLY, TIPO DE EMPAQUE: BIDON X 0,10 KG, USO: MATERIA PRIMA PARA ELABORACION DE AROMAS Y FRAGANCIAS, PARA LA INDUSTRIA DE AROMAS Y FRAGANCIAS, COMO USO FINAL EN JABONES, DETERGENTES, LIMPIADORES, EN INDUSTRIA EN GENERAL TAMBIEN PUEDE SER USADO PARA ASEO DEL HOGAR, MARCA: VENTOS, LOTE: L4667543 PAIS DE ORIGEN: CHINA(215)¿";100,10;KILOGRAMS;4.911,02;IMPORT;MARITIME;DECLARATIONS;ERNESTO VENTOS S.A.;;;;;;;;;;;;;;;;;;;;;;;;;;;;;;;;;;;;;;;;;;;;;;;;;;;;;;;;;;;;;;;;;;;;;;;;;;;;;;;;;;;;;;;;;;;;;;;;;;;;;;;;;;;;;;;;;;;;;;;;;;;;;;;;;;;;;;;;;;;;;;;;;;;;;;;;;;;;;;;;;;;;;;;;;;;;;;;;;;;;;;;;;;;;;;;;;;;;;;;;;;;;;;;;;;;;;;;;;;;;;;;;;;;;;;;;;;;;;;;;;;
10/01/2026;COLOMBIA - IMPORT;PRODUCTORA NACIONAL DE AROMAS FRAGANCIAS Y COLORANTES S.A. D;COLOMBIA;ERNESTO VENTOS;CHINA;2915399090 - SATURATED ACYCLIC MONOCARBOXYLIC ACIDS AND THEIR ANHYDRIDES, HALIDES, PEROXIDES A(..) ESTERS OF ACETIC ACID:OTHER OTHER: OTHER;"DO I87447 PEDIDO PEDIDO 1813 DECLARACION 2 DE 45;SE APLICA DESCUENTO SEGUN NOTA DE CREDITO DEL EXPORTADOR N¿ AVB_O0667 DE 16/12/2025. RAZON: DESCUENTO DEL 1% SOBRE LAS VENTAS POR CANTIDAD O VOLUMEN (RAPPEL) RESOLUCION 1684/2014 ARTICULO 10 // MERCANCIA NUEVA //FACTURA: O37475, FECHA: 12-12-2025. ITEM 2FACTURA O37475 DEL 12-12-2025, CANTIDAD: 200KILOGRAMO, PRODUCTO: ACETATO DE ALFA-(TRICLOROMETIL)BENCILO, NOMBRE COMERCIAL: ROSALIN / ROSAFIX, NO. CAS (N¿MERO DE REGISTRO DEL CHEMICAL ABSTRACTS SERVICE): 90-17-5, CALIDAD: FCC, ASPECTO F¿SICO: SOLIDO CRISTALINO, CONCENTRACI¿N: 100% ROSALIN / ROSAFIX, TIPO DE EMPAQUE: TAMBOR DE FIBRA X 25 KG, USO: MATERIA PRIMA PARA ELABORACION DE AROMAS Y FRAGANCIAS, PARA LA INDUSTRIA DE AROMAS Y FRAGANCIAS, COMO USO FINAL EN JABONES, DETERGENTES, LIMPIADORES, EN INDUSTRIA EN GENERAL TAMBIEN PUEDE SER USADO PARA ASEO DEL HOGAR, MARCA: VENTOS, LOTE: L4668194 PAIS DE ORIGEN: CHINA(215)¿,//FACTURA: O37555, FECHA: 16-12-2025. ITEM 18FACTURA O37555 DEL 16-12-2025, CANTIDAD: 570 KILOGRAMO, PRODUCTO: ACETATO DE ORTO-TERTBUTILCICLOHEXILO, NOMBRE COMERCIAL: VERDOX, NO. CAS (N¿MERO DE REGISTRO DEL CHEMICAL ABSTRACTS SERVICE): 20298-69-5 / 88-41-5, CALIDAD: FCC, ASPECTO F¿SICO: LIQUIDO, CONCENTRACI¿N: 100% VERDOX, TIPO DE EMPAQUE: TAMBOR X 190 KG, USO: MATERIA PRIMA PARA ELABORACION DE AROMAS Y FRAGANCIAS, PARA LA INDUSTRIA DE AROMAS Y FRAGANCIAS, COMO USO FINAL EN JABONES, DETERGENTES, LIMPIADORES, EN INDUSTRIA EN GENERAL TAMBIEN PUEDE SER USADO PARA ASEO DEL HOGAR, MARCA: VENTOS, LOTE: L4661571 PAIS DE ORIGEN: CHINA(215)¿,. ITEM 27, CANTIDAD: 50 KILOGRAMO, PRODUCTO: ACETATO DE 3,7 DIMETIL 2,6 OCTADIENILO, NOMBRE COMERCIAL: GERANYL ACETATE, NO. CAS (N¿MERO DE REGISTRO DELCHEMICAL ABSTRACTS SERVICE): 105-87-3, CALIDAD: FCC, ASPECTO F¿SICO: LIQUIDO FLUIDO TRANSPARENTE, CONCENTRACI¿N: 100% GERANYL ACETATE, TIPO DE EMPAQUE: BIDON X 50 KG, USO: MATERIA PRIMA PARA ELABORACION DE AROMAS Y FRAGANCIAS, PARA LA INDUSTRIA DE AROMAS Y FRAGANCIAS, COMO USO FINAL EN JABONES, DETERGENTES, LIMPIADORES, ENINDUSTRIA EN GENERAL TAMBIEN PUEDE SER USADO PARA ASEO DEL HOGAR, MARCA: VENTOS, LOTE: L4675116 PAIS DE ORIGEN: ALEMANIA(023)¿,. ITEM 33, CANTIDAD: 380 KILOGRAMO, PRODUCTO: ACETATO DE EXO-1,7,7-TRIMETILBICICLO(2,2,1)HEPT-2-ILO, NOMBRE COMERCIAL: ISOBORNYL ACETATE, NO. CAS (N¿MERO DE REGISTRO DEL CHEMICAL ABSTRACTS SERVICE): 125-12-2, CALIDAD: FCC, ASPECTO F¿SICO: LIQUIDO FLUIDO TRANSPARENTE, CONCENTRACI¿N: 100% ISOBORNYL ACETATE, TIPO DE EMPAQUE: TAMBOR X 190 KG, USO: MATERIA PRIMA PARA ELABORACION DE AROMAS Y FRAGANCIAS, PARA LA IND DE AROMAS Y FRAGANCIAS, COMO USO FINAL EN JABONES DETERGENTES LIMPIADORES, EN INDUSTRIA EN GENERAL TAMBIEN PUEDE SER USADO PARA ASEO DEL HOGAR, MARCA: VENTOS, LOTE: L4679004 PAIS DE ORIGEN: INDIA(361)¿,. ITEM 37, CANTIDAD: 50 KILOGRAMO, PRODUCTO: ACETATO 3,5,5-TRIMETILHEXILO, NOMBRE COMERCIAL: ISONONYL ACETATE, NO. CAS (N¿MERO DE REGISTRO DEL CHEMICAL ABSTRACTS SERVICE): 40379-24-6 / 58430-94-7, CALIDAD: FCC, ASPECTO F¿SICO: LIQUIDO FLUIDO TRANSPARENTE, CONCENTRACI¿N: 100%ISONONYL ACETATE, TIPO DE EMPAQUE: BIDON X 50 KG, USO: MATERIA PRIMA PARA ELABORACION DE AROMAS Y FRAGANCIAS, PARA LA INDUSTRIA DE AROMAS Y FRAGANCIAS, COMO USO FINAL EN JABONES, DETERGENTES, LIMPIADORES, EN INDUSTRIA EN GENERAL TAMBIEN PUEDE SER USADO PARA ASEO DEL HOGAR, MARCA: VENTOS, LOTE: L4669508 PAIS DE ORIGEN: REINO UNIDO(628)¿";1.250,00;KILOGRAMS;6.013,44;IMPORT;MARITIME;DECLARATIONS;ERNESTO VENTOS S.A.;;;;;;;;;;;;;;;;;;;;;;;;;;;;;;;;;;;;;;;;;;;;;;;;;;;;;;;;;;;;;;;;;;;;;;;;;;;;;;;;;;;;;;;;;;;;;;;;;;;;;;;;;;;;;;;;;;;;;;;;;;;;;;;;;;;;;;;;;;;;;;;;;;;;;;;;;;;;;;;;;;;;;;;;;;;;;;;;;;;;;;;;;;;;;;;;;;;;;;;;;;;;;;;;;;;;;;;;;;;;;;;;;;;;;;;;;;;;;;;;;;
10/01/2026;COLOMBIA - IMPORT;PRODUCTORA NACIONAL DE AROMAS FRAGANCIAS Y COLORANTES S.A. D;COLOMBIA;ERNESTO VENTOS;CHINA;2932209900 - HETEROCYCLIC COMPOUNDS WITH OXYGEN HETERO-ATOM(S) ONLY. LACTONES OTHER LACTONES: OTHER;"DO I87447 PEDIDO PEDIDO 1813 DECLARACION 1 DE 45;SE APLICA DESCUENTO SEGUN NOTA DE CREDITO DEL EXPORTADOR N¿ AVB_O0667 DE 16/12/2025. RAZON: DESCUENTO DEL 1% SOBRE LAS VENTAS POR CANTIDAD O VOLUMEN (RAPPEL) RESOLUCION 1684/2014 ARTICULO 10 // MERCANCIA NUEVA //FACTURA: O37475, FECHA: 12-12-2025. ITEM 1FACTURA O37475 DEL 12-12-2025, CANTIDAD: 400KILOGRAMO, PRODUCTO: GAMMA-N-AMILBUTIROLACTONA, NOMBRE COMERCIAL: GAMMA NONALACTONE (ALDEHYDE C-18), NO. CAS (N¿MERO DE REGISTRO DEL CHEMICAL ABSTRACTS SERVICE): 104-61-0, CALIDAD: FCC, ASPECTO F¿SICO: LIQUIDO FLUIDO TRANSPARENTE, CONCENTRACI¿N: 100% GAMMA NONALACTONE (ALDEHYDE C-18), TIPO DE EMPAQUE: TAMBOR X 200 KG, USO: MATERIA PRIMA PARA ELABORACION DE AROMAS Y FRAGANCIAS, PARA LA INDUSTRIA DE AROMAS Y FRAGANCIAS, COMO USO FINAL EN JABONES, DETERGENTES, LIMPIADORES, EN INDUSTRIA EN GENERAL TAMBIEN PUEDE SER USADO PARA ASEO DEL HOGAR, MARCA: VENTOS, LOTE: L4672463 PAIS DE ORIGEN: CHINA(215)¿,. ITEM 3, CANTIDAD: 200 KILOGRAMO, PRODUCTO: UNDECAN-4-OLIDA, NOMBRE COMERCIAL: UNDECALACTONE GAMMA (ALDEHYDE C-14), NO. CAS (N¿MERO DE REGISTRO DEL CHEMICAL ABSTRACTS SERVICE): 104-67-6, CALIDAD: FCC, ASPECTO F¿SICO: LIQUIDO FLUIDO TRANSPARENTE, CONCENTRACI¿N: 100% UNDECALACTONE GAMMA (ALDEHYDE C-14), TIPO DE EMPAQUE: TAMBORX 200 KG, USO: MATERIA PRIMA PARA ELABORACION DE AROMAS Y FRAGANCIAS, PARA LA INDUSTRIA DE AROMAS YFRAGANCIAS, COMO USO FINAL EN JABONES, DETERGENTES, LIMPIADORES, EN INDUSTRIA EN GENERAL TAMBIEN PUEDE SER USADO PARA ASEO DEL HOGAR, MARCA: VENTOS, LOTE: L4651496 PAIS DE ORIGEN: CHINA(215)¿,//FACTURA: O37555, FECHA: 16-12-2025. ITEM 38FACTURA O37555 DEL 16-12-2025, CANTIDAD: 50 KILOGRAMO, PRODUCTO: AMIL-DELTA-VALEROLACTONA, NOMBRE COMERCIAL: DELTA DECALACTONE, NO. CAS (N¿MERO DE REGISTRO DEL CHEMICAL ABSTRACTS SERVICE): 705-86-2, CALIDAD: FCC, ASPECTO F¿SICO: LIQUIDO FLUIDO TRANSPARENTE, CONCENTRACI¿N: 100% DELTA DECALACTONE, TIPO DE EMPAQUE: BIDON X 50 KG, USO: MATERIA PRIMA PARA ELABORACION DE AROMAS Y FRAGANCIAS, PARA LA INDUSTRIA DE AROMAS Y FRAGANCIAS,COMO USO FINAL EN JABONES, DETERGENTES, LIMPIADORES, EN INDUSTRIA EN GENERAL TAMBIEN PUEDE SER USADO PARA ASEO DEL HOGAR, MARCA: VENTOS, LOTE: L4679820 PAIS DE ORIGEN: CHINA(215)¿,. ITEM 41, CANTIDAD: 25 KILOGRAMO, PRODUCTO: 4-METIL-2-(2-METILPROP-1-ENIL)OXANO, NOMBRE COMERCIAL: ROSE OXIDE, NO. CAS (N¿MERO DE REGISTRO DEL CHEMICAL ABSTRACTS SERVICE): 16409-43-1, CALIDAD: FCC, ASPECTO F¿SICO: LIQUIDO, CONCENTRACI¿N: 100% ROSE OXIDE, TIPO DE EMPAQUE: BIDON X 25 KG, USO: MATERIA PRIMA PARA ELABORACION DE AROMAS Y FRAGANCIAS, PARA LA IND DE AROMAS Y FRAGANCIAS, COMO USO FINAL EN JABONES DETERGENTES LIMPIADORES, EN INDUSTRIA EN GENERAL TAMBIEN PUEDE SER USADO PARA ASEO DEL HOGAR, MARCA: VENTOS, LOTE: L4668631 PAIS DE ORIGEN: INDIA(361)¿,. ITEM 43, CANTIDAD: 25 KILOGRAMO, PRODUCTO: N-HEPTIL-DELTA-VALEROLACTONA, NOMBRE COMERCIAL: DELTA DODECALACTONA, NO. CAS (N¿MERO DE REGISTRO DEL CHEMICAL ABSTRACTS SERVICE): 713-95-1, CALIDAD: FCC, ASPECTO F¿SICO: LIQUIDO FLUIDO TRANSPARENTE, CONCENTRACI¿N: 100% DELTA DODECALACTONA, TIPO DE EMPAQUE: BIDON X 25 KG, USO: MATERIA PRIMA PARA ELABORACION DE AROMAS Y FRAGANCIAS, PARA LA INDUSTRIA DE AROMAS Y FRAGANCIAS, COMO USO FINAL EN JABONES, DETERGENTES, LIMPIADORES, EN INDUSTRIA EN GENERAL TAMBIEN PUEDE SER USADO PARA ASEO DEL HOGAR, MARCA: VENTOS, LOTE: L4680008 PAIS DE ORIGEN: CHINA(215)¿,. ITEM 52, CANTIDAD: 10 KILOGRAMO, PRODUCTO: 4-DIMETHYL INDENO 4-DIMETIL INDENO (12-D) -13 DIOXINA, NOMBRE COMERCIAL: MAGNOLAN, NO. CAS (N¿MERO DE REGISTRO DEL CHEMICAL ABSTRACTS SERVICE): 27606-09-03, CALIDAD: FCC, ASPECTO F¿SICO: LIQUIDO FLUIDO TRANSPARENTE, CONCENTRACI¿N: 100% MAGNOLAN, TIPO DE EMPAQUE: BIDON X 10 KG, USO: MATERIA PRIMA PARA ELABORACION DE AROMAS Y FRAGANCIAS, PARA LA IND DE AROMAS Y FRAGANCIAS, COMO USO FINAL EN JABONES DETERGENTES LIMPIADORES, EN INDUSTRIA EN GENERAL TAMBIEN PUEDE SER USADO PARA ASEO DEL HOGAR, MARCA: VENTOS, LOTE: L4677264 PAIS DE ORIGEN: INDIA(361)¿,. ITEM 57, CANTIDAD: 5 KILOGRAMO, PRODUCTO: GAMMA-BUTIROLACTONA, NOMBRE COMERCIAL: GAMMA BUTYROLACTONE, NO. CAS (N¿MERO DE REGISTRO DELCHEMICAL ABSTRACTS SERVICE): 96-48-0, CALIDAD: FCC, ASPECTO F¿SICO: LIQUIDO FLUIDO TRANSPARENTE, CONCENTRACI¿N: 100% GAMMA BUTYROLACTONE, TIPO DE EMPAQUE: BIDON X 5 KG, USO: MATERIA PRIMA PARA ELABORACION DE AROMAS Y FRAGANCIAS, PARA LA INDUSTRIA DE AROMAS Y FRAGANCIAS, COMO USO FINAL EN JABONES, DETERGENTES, LIMPIADORES, EN INDUSTRIA EN GENERAL TAMBIEN PUEDE SER USADO PARA ASEO DEL HOGAR, MARCA: VENTOS, LOTE: L4659904 PAIS DE ORIGEN: CHINA(215)¿";715,00;KILOGRAMS;7.259,62;IMPORT;MARITIME;DECLARATIONS;ERNESTO VENTOS S.A.;;;;;;;;;;;;;;;;;;;;;;;;;;;;;;;;;;;;;;;;;;;;;;;;;;;;;;;;;;;;;;;;;;;;;;;;;;;;;;;;;;;;;;;;;;;;;;;;;;;;;;;;;;;;;;;;;;;;;;;;;;;;;;;;;;;;;;;;;;;;;;;;;;;;;;;;;;;;;;;;;;;;;;;;;;;;;;;;;;;;;;;;;;;;;;;;;;;;;;;;;;;;;;;;;;;;;;;;;;;;;;;;;;;;;;;;;;;;;;;;;;
09/01/2026;UGANDA - IMPORT;KERRY TASTE & NUTRITION UGANDA - SMC LIMITED;UGANDA;ERNESTO VENTOS CAN SAGRERA 38 CITY SANT JUST DESVERN POSTAL CODE 08960 REGION COUNTRY ES SPAIN AND CANARY ISLANDS PO BOX;UNITED STATES OF AMERICA;"38249990000 - CHEMICAL PRODUCTS AND PREPARATIONS OF THE CHEMICAL OR ALLIED INDUSTRIES, N.E.S.O.I.;   RESIDUAL PRODUCTS OF THE CHEMICAL OR ALLIED INDUSTRIES, N.E.S.O.I; 38249990000";EASTMAN SUSTANE;861,60;KILOGRAM;12.306,00;IMPORT;NOT CLASSIFIED;DECLARATIONS;EASTMAN CHEMICAL B.V.WATERMANWEG 70CITY: ROTTERDAMPOSTAL CODE: 3067 GGREGION: COUNTRY: NL, NETHERLANDSPO BOX: CONTACT:;;;;;;;;;;;;;;;;;;;;;;;;;;;;;;;;;;;;;;;;;;;;;;;;;;;;;;;;;;;;;;;;;;;;;;;;;;;;;;;;;;;;;;;;;;;;;;;;;;;;;;;;;;;;;;;;;;;;;;;;;;;;;;;;;;;;;;;;;;;;;;;;;;;;;;;;;;;;;;;;;;;;;;;;;;;;;;;;;;;;;;;;;;;;;;;;;;;;;;;;;;;;;;;;;;;;;;;;;;;;;;;;;;;;;;;;;;;;;;;;;;
09/01/2026;INDIA - DECLARATIONS EXPORTS;ERNESTO VENTOS;SPAIN;VENTOS INDIA PRIVATE LIMITED;INDIA;"29122990 - ALDEHYDES, WHETHER OR NOT WITH OTHER OXYGEN FUNCTION; CYCLIC PO(..) CYCLIC ALDEHYDES WITHOUT OTHER OXYGEN FUNCTION:OTHER OTHER";SAFRANAL;200,00;KILOGRAMS;24.664,58;EXPORT;AIR;DECLARATIONS;VENTOS INDIA PRIVATE LIMITED;;;;;;;;;;;;;;;;;;;;;;;;;;;;;;;;;;;;;;;;;;;;;;;;;;;;;;;;;;;;;;;;;;;;;;;;;;;;;;;;;;;;;;;;;;;;;;;;;;;;;;;;;;;;;;;;;;;;;;;;;;;;;;;;;;;;;;;;;;;;;;;;;;;;;;;;;;;;;;;;;;;;;;;;;;;;;;;;;;;;;;;;;;;;;;;;;;;;;;;;;;;;;;;;;;;;;;;;;;;;;;;;;;;;;;;;;;;;;;;;;;
09/01/2026;INDIA - DECLARATIONS EXPORTS;ERNESTO VENTOS;SPAIN;VENTOS INDIA PRIVATE LIMITED;INDIA;29224990 - OXYGEN-FUNCTION AMIN(..) AMINO-ACIDS, OTHER THAN THOSE CONTAINING MORE THAN ONE KIND OF OXYGEN FUNCTION, AND THEIR ESTER(..) OTHER;METHYL ANTHRANILATE;3.200,00;KILOGRAMS;12.303,41;EXPORT;MARITIME;DECLARATIONS;VENTOS INDIA PRIVATE LIMITED;;;;;;;;;;;;;;;;;;;;;;;;;;;;;;;;;;;;;;;;;;;;;;;;;;;;;;;;;;;;;;;;;;;;;;;;;;;;;;;;;;;;;;;;;;;;;;;;;;;;;;;;;;;;;;;;;;;;;;;;;;;;;;;;;;;;;;;;;;;;;;;;;;;;;;;;;;;;;;;;;;;;;;;;;;;;;;;;;;;;;;;;;;;;;;;;;;;;;;;;;;;;;;;;;;;;;;;;;;;;;;;;;;;;;;;;;;;;;;;;;;
09/01/2026;INDIA - DECLARATIONS EXPORTS;ERNESTO VENTOS;SPAIN;VENTOS INDIA PRIVATE LIMITED;INDIA;29224990 - OXYGEN-FUNCTION AMIN(..) AMINO-ACIDS, OTHER THAN THOSE CONTAINING MORE THAN ONE KIND OF OXYGEN FUNCTION, AND THEIR ESTER(..) OTHER;METHYL ANTHRANILATE;6.000,00;KILOGRAMS;23.068,89;EXPORT;MARITIME;DECLARATIONS;VENTOS INDIA PRIVATE LIMITED;;;;;;;;;;;;;;;;;;;;;;;;;;;;;;;;;;;;;;;;;;;;;;;;;;;;;;;;;;;;;;;;;;;;;;;;;;;;;;;;;;;;;;;;;;;;;;;;;;;;;;;;;;;;;;;;;;;;;;;;;;;;;;;;;;;;;;;;;;;;;;;;;;;;;;;;;;;;;;;;;;;;;;;;;;;;;;;;;;;;;;;;;;;;;;;;;;;;;;;;;;;;;;;;;;;;;;;;;;;;;;;;;;;;;;;;;;;;;;;;;;
09/01/2026;INDIA - DECLARATIONS EXPORTS;ERNESTO VENTOS;SPAIN;VENTOS INDIA PRIVATE LIMITED;INDIA;29224990 - OXYGEN-FUNCTION AMIN(..) AMINO-ACIDS, OTHER THAN THOSE CONTAINING MORE THAN ONE KIND OF OXYGEN FUNCTION, AND THEIR ESTER(..) OTHER;METHYL ANTHRANILATE;4.400,00;KILOGRAMS;16.917,19;EXPORT;MARITIME;DECLARATIONS;VENTOS INDIA PRIVATE LIMITED;;;;;;;;;;;;;;;;;;;;;;;;;;;;;;;;;;;;;;;;;;;;;;;;;;;;;;;;;;;;;;;;;;;;;;;;;;;;;;;;;;;;;;;;;;;;;;;;;;;;;;;;;;;;;;;;;;;;;;;;;;;;;;;;;;;;;;;;;;;;;;;;;;;;;;;;;;;;;;;;;;;;;;;;;;;;;;;;;;;;;;;;;;;;;;;;;;;;;;;;;;;;;;;;;;;;;;;;;;;;;;;;;;;;;;;;;;;;;;;;;;
09/01/2026;INDIA - DECLARATIONS EXPORTS;ERNESTO VENTOS;SPAIN;VENTOS INDIA PRIVATE LIMITED;INDIA;29224990 - OXYGEN-FUNCTION AMIN(..) AMINO-ACIDS, OTHER THAN THOSE CONTAINING MORE THAN ONE KIND OF OXYGEN FUNCTION, AND THEIR ESTER(..) OTHER;METHYL METHYLANTHRANILATE;2.400,00;KILOGRAMS;36.443,02;EXPORT;MARITIME;DECLARATIONS;VENTOS INDIA PRIVATE LIMITED;;;;;;;;;;;;;;;;;;;;;;;;;;;;;;;;;;;;;;;;;;;;;;;;;;;;;;;;;;;;;;;;;;;;;;;;;;;;;;;;;;;;;;;;;;;;;;;;;;;;;;;;;;;;;;;;;;;;;;;;;;;;;;;;;;;;;;;;;;;;;;;;;;;;;;;;;;;;;;;;;;;;;;;;;;;;;;;;;;;;;;;;;;;;;;;;;;;;;;;;;;;;;;;;;;;;;;;;;;;;;;;;;;;;;;;;;;;;;;;;;;
07/01/2026;PAKISTAN - IMPORT;B A ENTERPRISE;PAKISTAN;ERNESTO VENTOS S.A;EGYPT;33012990 - ESSENTIAL OILS (TERP(..) ESSENTIAL OILS OTHER THAN THOSE OF CITR(..) ESSENTIAL OILS OTHER THAN THOSE OF CITRUS FRUIT: OTHER: OTHER;NEROLI OIL;1,00;KILOGRAMS;1.826,35;IMPORT;NOT DECLARED;DECLARATIONS;ERNESTO VENTOS S.A;;;;;;;;;;;;;;;;;;;;;;;;;;;;;;;;;;;;;;;;;;;;;;;;;;;;;;;;;;;;;;;;;;;;;;;;;;;;;;;;;;;;;;;;;;;;;;;;;;;;;;;;;;;;;;;;;;;;;;;;;;;;;;;;;;;;;;;;;;;;;;;;;;;;;;;;;;;;;;;;;;;;;;;;;;;;;;;;;;;;;;;;;;;;;;;;;;;;;;;;;;;;;;;;;;;;;;;;;;;;;;;;;;;;;;;;;;;;;;;;;;
07/01/2026;PAKISTAN - IMPORT;B A ENTERPRISE;PAKISTAN;ERNESTO VENTOS S.A;MADAGASCAR;33012990 - ESSENTIAL OILS (TERP(..) ESSENTIAL OILS OTHER THAN THOSE OF CITR(..) ESSENTIAL OILS OTHER THAN THOSE OF CITRUS FRUIT: OTHER: OTHER;CLOVE LEAF OIL, MADAGASCAR;2,00;KILOGRAMS;152,20;IMPORT;NOT DECLARED;DECLARATIONS;ERNESTO VENTOS S.A;;;;;;;;;;;;;;;;;;;;;;;;;;;;;;;;;;;;;;;;;;;;;;;;;;;;;;;;;;;;;;;;;;;;;;;;;;;;;;;;;;;;;;;;;;;;;;;;;;;;;;;;;;;;;;;;;;;;;;;;;;;;;;;;;;;;;;;;;;;;;;;;;;;;;;;;;;;;;;;;;;;;;;;;;;;;;;;;;;;;;;;;;;;;;;;;;;;;;;;;;;;;;;;;;;;;;;;;;;;;;;;;;;;;;;;;;;;;;;;;;;
07/01/2026;PAKISTAN - IMPORT;B A ENTERPRISE;PAKISTAN;ERNESTO VENTOS S.A;INDONESIA;33012990 - ESSENTIAL OILS (TERP(..) ESSENTIAL OILS OTHER THAN THOSE OF CITR(..) ESSENTIAL OILS OTHER THAN THOSE OF CITRUS FRUIT: OTHER: OTHER;PATCHOULI INDONESIA, LIGHT;2,00;KILOGRAMS;334,83;IMPORT;NOT DECLARED;DECLARATIONS;ERNESTO VENTOS S.A;;;;;;;;;;;;;;;;;;;;;;;;;;;;;;;;;;;;;;;;;;;;;;;;;;;;;;;;;;;;;;;;;;;;;;;;;;;;;;;;;;;;;;;;;;;;;;;;;;;;;;;;;;;;;;;;;;;;;;;;;;;;;;;;;;;;;;;;;;;;;;;;;;;;;;;;;;;;;;;;;;;;;;;;;;;;;;;;;;;;;;;;;;;;;;;;;;;;;;;;;;;;;;;;;;;;;;;;;;;;;;;;;;;;;;;;;;;;;;;;;;
07/01/2026;PAKISTAN - IMPORT;B A ENTERPRISE;PAKISTAN;ERNESTO VENTOS S.A;CHINA;33012990 - ESSENTIAL OILS (TERP(..) ESSENTIAL OILS OTHER THAN THOSE OF CITR(..) ESSENTIAL OILS OTHER THAN THOSE OF CITRUS FRUIT: OTHER: OTHER;CASSIA OIL;10,00;KILOGRAMS;382,01;IMPORT;NOT DECLARED;DECLARATIONS;ERNESTO VENTOS S.A;;;;;;;;;;;;;;;;;;;;;;;;;;;;;;;;;;;;;;;;;;;;;;;;;;;;;;;;;;;;;;;;;;;;;;;;;;;;;;;;;;;;;;;;;;;;;;;;;;;;;;;;;;;;;;;;;;;;;;;;;;;;;;;;;;;;;;;;;;;;;;;;;;;;;;;;;;;;;;;;;;;;;;;;;;;;;;;;;;;;;;;;;;;;;;;;;;;;;;;;;;;;;;;;;;;;;;;;;;;;;;;;;;;;;;;;;;;;;;;;;;
07/01/2026;PAKISTAN - IMPORT;B A ENTERPRISE;PAKISTAN;ERNESTO VENTOS S.A;SPAIN;"33011300 - ESSENTIAL OILS (TERPENELESS OR NOT), INCLUDING CONCRETES AND ABSOLUTES; RESINOIDS(..) ESSENTIAL OILS OF CITRUS FRUIT:OF LEMON";LEMON OIL SICILIAN;50,00;KILOGRAMS;811,71;IMPORT;NOT DECLARED;DECLARATIONS;ERNESTO VENTOS S.A;;;;;;;;;;;;;;;;;;;;;;;;;;;;;;;;;;;;;;;;;;;;;;;;;;;;;;;;;;;;;;;;;;;;;;;;;;;;;;;;;;;;;;;;;;;;;;;;;;;;;;;;;;;;;;;;;;;;;;;;;;;;;;;;;;;;;;;;;;;;;;;;;;;;;;;;;;;;;;;;;;;;;;;;;;;;;;;;;;;;;;;;;;;;;;;;;;;;;;;;;;;;;;;;;;;;;;;;;;;;;;;;;;;;;;;;;;;;;;;;;;
07/01/2026;PAKISTAN - IMPORT;B A ENTERPRISE;PAKISTAN;ERNESTO VENTOS S.A;BRAZIL;"33011200 - ESSENTIAL OILS (TERPENELESS OR NOT), INCLUDING CONCRETES AND ABSOLUTES; RESINOID(..) ESSENTIAL OILS OF CITRUS FRUIT:OF ORANGE";ORANGE OIL BRAZIL;50,00;KILOGRAMS;837,08;IMPORT;NOT DECLARED;DECLARATIONS;ERNESTO VENTOS S.A;;;;;;;;;;;;;;;;;;;;;;;;;;;;;;;;;;;;;;;;;;;;;;;;;;;;;;;;;;;;;;;;;;;;;;;;;;;;;;;;;;;;;;;;;;;;;;;;;;;;;;;;;;;;;;;;;;;;;;;;;;;;;;;;;;;;;;;;;;;;;;;;;;;;;;;;;;;;;;;;;;;;;;;;;;;;;;;;;;;;;;;;;;;;;;;;;;;;;;;;;;;;;;;;;;;;;;;;;;;;;;;;;;;;;;;;;;;;;;;;;;
07/01/2026;COLOMBIA - IMPORT;LUCTA GRANCOLOMBIANA S.A.S;COLOMBIA;ERNESTO VENTOS;BELGIUM;2915399010 - SATURATED ACYCLIC MONOCARBOXYLIC ACIDS AND THEIR ANHYDRIDES, HALIDES,(..) ESTERS OF ACETIC ACID:OTHER OTHER: ISOBUTYL ACETATES;"DO: 11BOGBO12250381, NRO PEDIDO / ORDEN COMPRA: PO 4500038619, DECLARACI¿N: 1/1; CODIGO OEA: OE0104 ; MERCANC¿A NUEVA Y DE PRIMERA CALIDAD. LICENCIA DE IMPORTACI¿N LIC-40029790-20251209N.M01, FECHA APROBACI¿N 2025-12-18, VIGENCIA: 2026-03-08; VISTO BUENO: VMJD-2025-17310, DEL 2025-12-17, NO REQUIERE VISTO BUENO INVIMA SEGUN CONCEPTO NO. 1101-0185-2021. DE 2021-10-01 POR TRATARSE DE PRODUCTOS PARA COMERCIO EN EL SECTOR INDUSTRIAL COMO MATERIA PRIMAEN LA ELABORACI¿N DE FRAGANCIAS Y SABORES. NOS ACOGEMOS AL ACUERDO COMERCIAL ENTRE COLOMBIA, LA UNI¿N EUROPEA Y SUS ESTADOS MIEMBROS, DECRETO N¿MERO 2247 DE 2014, MINISTERIO DE COMERCIO INDUSTRIA Y TURISMO, CIRCULAR NUMERO 22 DEL 2013, DIRECCI¿N DE IMPUESTOS Y ADUANAS NACIONALES CONFORME A LA DECLARACI¿N ESTIPULADA Y CERTIFICADA EN FACTURA COMERCIAL NO. O37500 DEL 15/12/2025 CON NUMERO DE AUTORIZACION ADUANERA NO. ESEAOR19000171 POR PARTE DEL EXPORTADOR PARA LA DESGRAVACI¿N DE ESTA SUBPARTIDA ARANCELARIA, ARANCEL 0%; LICENCIA PREVIA: 40029790, NOMBRE COMERCIAL: ACETATO DE ISOBUTILO 510V, MARCA C: VENTOS, REF: NO TIENE, OTRAS CARACTERISTICAS: PRODUCTO: ACETATO DE ISOBUTILO, NO. CAS (NUMERO DEREGISTRO DEL CHEMICAL ABSTRACTS SERVICE): 110-19-0, CALIDAD: RIFM, ASPECTO FISICO: LIQUIDO, CONCENTRACION: 100% ACETATO DE ISOBUTILO, TIPO DE EMPAQUE: 1 TAMBOR X 10 KG C/U / 10 TAMBORES X 50 KG C/U,USO: INDUSTRIAL, UTILIZADA EN ELABORACI¿N DE MATERIAS PRIMAS DE AROMAS, CERTIFICADO DE CARENCIA NO 123797 DEL 23 DE MAYO DE 2024. CUPO/PREVISI¿N 900 KG MENSUALES. LOTE NO. L4679200 FECHA FABRICACION 09/2025 FECHA CADUCIDAD 06/2027 / LOTE NO. L4682218 FECHA FABRICACION 09/2025 FECHA CADUCIDAD 06/2027. CANTIDAD DECLARADA: 510 KILOGRAMO; CANTIDAD FACTURADA: 510 KILOGRAMO;";510,00;KILOGRAMS;6.056,84;IMPORT;AIR;DECLARATIONS;ERNESTO VENTOS,S.A.;;;;;;;;;;;;;;;;;;;;;;;;;;;;;;;;;;;;;;;;;;;;;;;;;;;;;;;;;;;;;;;;;;;;;;;;;;;;;;;;;;;;;;;;;;;;;;;;;;;;;;;;;;;;;;;;;;;;;;;;;;;;;;;;;;;;;;;;;;;;;;;;;;;;;;;;;;;;;;;;;;;;;;;;;;;;;;;;;;;;;;;;;;;;;;;;;;;;;;;;;;;;;;;;;;;;;;;;;;;;;;;;;;;;;;;;;;;;;;;;;;
06/01/2026;COLOMBIA - IMPORT;VENTOS COLOMBIA S.A.S.;COLOMBIA;ERNESTO VENTOS;SPAIN;3301299000 - ESSENTIAL OILS (TERPENELESS OR NOT), INCLUDING CONCRETES AND A(..) ESSENTIAL OILS OTHER THAN THOSE OF CITRUS FRUIT:OTHER OTHER;DO: 01255897,, DECLARACION 1 DE 1, // FACTURA: O37579, FECHA: 17-12-2025 MERCANCIA NUEVA. LEGALIZACION SIN PAGO DE RESCATE DE ACUERDO AL ARTICULO 52 DEL DECRETO 1165/2019 Y ARTICULO 80 DE LA RESOLUCION 046/2019. REGISTRO DE IMPORTACION NO. REG-50241136-20251219N. FECHA DE APROBACION 2025-12-19. FECHA DE VIGENCIA: 2026-06-19. VISTO BUENO INVIMA VINVIMA-25-0178701. DEL 2025-12-19. NOS ACOGEMOS AL ACUERDO DEL LIBRE COMERCIO TLC ENTRE COLOMBIA Y LA UNION EUROPEA SEGUN AUTORIZACION EN FACTURA COMERCIAL NO. ESEAOR 19000171 PRODUCTO: PERU BALSAM MD, ORIGEN: SE OBTIENE PRINCIPALMENTE POR DESTILACI¿N AL VAPOR DE LA RESINA NATURAL EXTRA¿DA DEL TRONCO DEL ¿RBOL MYROXYLON BALSAMUM, ASPECTO F¿SICO: LIQUIDO FLUIDO, FORMA DE PRESENTACI¿N Y EMPAQUE: 1 TAMBOR METALICO DE 25KG., USO: MATERIA PRIMA USADA EN LA FABRICACION DE FRAGANCIAS PARA AROMATIZAR JABONERIA, DESODORANTES, AMBIENTADORES Y PRODUCTOS DE ASEO DOMESTICO. SECTOR AL CUAL VA DIRIGIDO: INDUSTRIA INTERMEDIA DE FRAGANCIAS, MARCA: VENTOS, REFERENCIA: SIN FERENCIA LOTE: L4685772. FECHA DE ELA ORACION: NOVIEMBRE DE 2025. FECHA DE VENCIMIENTO: NOVIEMBRE 2027 PAIS DE ORIGEN: ESPA¿A(245) 25 KILOGRAMO (ITEM 1);25,00;KILOGRAMS;8.932,16;IMPORT;AIR;DECLARATIONS;ERNESTO VENTOS S.A.;;;;;;;;;;;;;;;;;;;;;;;;;;;;;;;;;;;;;;;;;;;;;;;;;;;;;;;;;;;;;;;;;;;;;;;;;;;;;;;;;;;;;;;;;;;;;;;;;;;;;;;;;;;;;;;;;;;;;;;;;;;;;;;;;;;;;;;;;;;;;;;;;;;;;;;;;;;;;;;;;;;;;;;;;;;;;;;;;;;;;;;;;;;;;;;;;;;;;;;;;;;;;;;;;;;;;;;;;;;;;;;;;;;;;;;;;;;;;;;;;;
05/01/2026;VIETNAM - EXPORT;ERNESTO VENTOS;VIET NAM;MARIGOLD GLOBAL RESOURCES COMPANY LIMITED;VIET NAM;33012920 - ESSENTIAL OILS (TERPENELESS OR NOT), INCLUDING CONCRET(..) ESSENTIAL OILS OTHER THAN THOSE OF CITRUS FRUIT:OTHER OF SANDALWOOD;"SDWO#&AMP;SANDALWOOD OIL SANDALWOOD ESSENTIAL OIL USED CONCOCTED IN THE PRODUCTION OF PERFUMES, BATCH ID: MG398, NSX: 11-2025#&AMP;VN";50,00;KGM;55.750,00;EXPORT;AIR;DECLARATIONS;;;;;;;;;;;;;;;;;;;;;;;;;;;;;;;;;;;;;;;;;;;;;;;;;;;;;;;;;;;;;;;;;;;;;;;;;;;;;;;;;;;;;;;;;;;;;;;;;;;;;;;;;;;;;;;;;;;;;;;;;;;;;;;;;;;;;;;;;;;;;;;;;;;;;;;;;;;;;;;;;;;;;;;;;;;;;;;;;;;;;;;;;;;;;;;;;;;;;;;;;;;;;;;;;;;;;;;;;;;;;;;;;;;;;;;;;;;;;;;;;;;
05/01/2026;PAKISTAN - IMPORT;M S JAYSON FOODS PVT LTD;PAKISTAN;ERNESTO VENTOS S.A;SPAIN;"33011300 - ESSENTIAL OILS (TERPENELESS OR NOT), INCLUDING CONCRETES AND ABSOLUTES; RESINOIDS(..) ESSENTIAL OILS OF CITRUS FRUIT:OF LEMON";LEMON  SPAIN FG (10X25KG);250,00;KILOGRAMS;4.435,56;IMPORT;NOT DECLARED;DECLARATIONS;ERNESTO VENTOS S.A;;;;;;;;;;;;;;;;;;;;;;;;;;;;;;;;;;;;;;;;;;;;;;;;;;;;;;;;;;;;;;;;;;;;;;;;;;;;;;;;;;;;;;;;;;;;;;;;;;;;;;;;;;;;;;;;;;;;;;;;;;;;;;;;;;;;;;;;;;;;;;;;;;;;;;;;;;;;;;;;;;;;;;;;;;;;;;;;;;;;;;;;;;;;;;;;;;;;;;;;;;;;;;;;;;;;;;;;;;;;;;;;;;;;;;;;;;;;;;;;;;
05/01/2026;PAKISTAN - IMPORT;M S JAYSON FOODS PVT LTD;PAKISTAN;ERNESTO VENTOS S.A;BRAZIL;"33011200 - ESSENTIAL OILS (TERPENELESS OR NOT), INCLUDING CONCRETES AND ABSOLUTES; RESINOID(..) ESSENTIAL OILS OF CITRUS FRUIT:OF ORANGE";ORANGE OIL  BRAZIL;360,00;KILOGRAMS;5.609,13;IMPORT;NOT DECLARED;DECLARATIONS;ERNESTO VENTOS S.A;;;;;;;;;;;;;;;;;;;;;;;;;;;;;;;;;;;;;;;;;;;;;;;;;;;;;;;;;;;;;;;;;;;;;;;;;;;;;;;;;;;;;;;;;;;;;;;;;;;;;;;;;;;;;;;;;;;;;;;;;;;;;;;;;;;;;;;;;;;;;;;;;;;;;;;;;;;;;;;;;;;;;;;;;;;;;;;;;;;;;;;;;;;;;;;;;;;;;;;;;;;;;;;;;;;;;;;;;;;;;;;;;;;;;;;;;;;;;;;;;;
02/01/2026;MEXICO - PEDIMENTOS IMPORTS;VENTOS, ESENCIAS Y QUIMICOS SA DE CV;MEXICO;ERNESTO VENTOS, S.A;SPAIN;3302909900 - MIXTURES OF ODORIFEROUS SUBSTANCES AND MIXTURES (INCLUDING ALCOHOLIC SOLUTIONS) WITH A BASIS OF ONE OR MORE OF(..) OTHER OTHER;MEZCLA DE SUSTANCIAS ODORIFERAS;1.520,00;KILOGRAMS;27.575,61;IMPORT;MARITIME;DECLARATIONS;ERNESTO VENTOS, S.A.;;;;;;;;;;;;;;;;;;;;;;;;;;;;;;;;;;;;;;;;;;;;;;;;;;;;;;;;;;;;;;;;;;;;;;;;;;;;;;;;;;;;;;;;;;;;;;;;;;;;;;;;;;;;;;;;;;;;;;;;;;;;;;;;;;;;;;;;;;;;;;;;;;;;;;;;;;;;;;;;;;;;;;;;;;;;;;;;;;;;;;;;;;;;;;;;;;;;;;;;;;;;;;;;;;;;;;;;;;;;;;;;;;;;;;;;;;;;;;;;;;
02/01/2026;MEXICO - PEDIMENTOS IMPORTS;VENTOS, ESENCIAS Y QUIMICOS SA DE CV;MEXICO;ERNESTO VENTOS, S.A;INDIA;"3301909900 - ESSENTIAL OILS (TERPENELESS OR NOT), INCLUDING CONCRETES AND ABSOLUTES; RESINOIDS; EXTRACTED OLEORESINS; CONCE(..) OTHER OTHER";TERPENOS DE MENTA;100,00;KILOGRAMS;1.157,85;IMPORT;MARITIME;DECLARATIONS;ERNESTO VENTOS, S.A.;;;;;;;;;;;;;;;;;;;;;;;;;;;;;;;;;;;;;;;;;;;;;;;;;;;;;;;;;;;;;;;;;;;;;;;;;;;;;;;;;;;;;;;;;;;;;;;;;;;;;;;;;;;;;;;;;;;;;;;;;;;;;;;;;;;;;;;;;;;;;;;;;;;;;;;;;;;;;;;;;;;;;;;;;;;;;;;;;;;;;;;;;;;;;;;;;;;;;;;;;;;;;;;;;;;;;;;;;;;;;;;;;;;;;;;;;;;;;;;;;;
02/01/2026;MEXICO - PEDIMENTOS IMPORTS;VENTOS, ESENCIAS Y QUIMICOS SA DE CV;MEXICO;ERNESTO VENTOS, S.A;SPAIN;3301299999 - ESSENTIAL OILS (TERPENELESS OR NOT), INCLUDING CONCRETE(..) ESSENTIAL OILS OTHER THAN THOSE OF CITRUS FRUIT:OTHER OTHER: OTHER;ACEITE ESENCIAL DE CIPRE;50,00;KILOGRAMS;3.272,92;IMPORT;MARITIME;DECLARATIONS;ERNESTO VENTOS, S.A.;;;;;;;;;;;;;;;;;;;;;;;;;;;;;;;;;;;;;;;;;;;;;;;;;;;;;;;;;;;;;;;;;;;;;;;;;;;;;;;;;;;;;;;;;;;;;;;;;;;;;;;;;;;;;;;;;;;;;;;;;;;;;;;;;;;;;;;;;;;;;;;;;;;;;;;;;;;;;;;;;;;;;;;;;;;;;;;;;;;;;;;;;;;;;;;;;;;;;;;;;;;;;;;;;;;;;;;;;;;;;;;;;;;;;;;;;;;;;;;;;;
02/01/2026;MEXICO - PEDIMENTOS IMPORTS;VENTOS, ESENCIAS Y QUIMICOS SA DE CV;MEXICO;ERNESTO VENTOS, S.A;UNITED STATES OF AMERICA;3301299999 - ESSENTIAL OILS (TERPENELESS OR NOT), INCLUDING CONCRETE(..) ESSENTIAL OILS OTHER THAN THOSE OF CITRUS FRUIT:OTHER OTHER: OTHER;ACEITE ESENCIAL;360,00;KILOGRAMS;11.782,50;IMPORT;MARITIME;DECLARATIONS;ERNESTO VENTOS, S.A.;;;;;;;;;;;;;;;;;;;;;;;;;;;;;;;;;;;;;;;;;;;;;;;;;;;;;;;;;;;;;;;;;;;;;;;;;;;;;;;;;;;;;;;;;;;;;;;;;;;;;;;;;;;;;;;;;;;;;;;;;;;;;;;;;;;;;;;;;;;;;;;;;;;;;;;;;;;;;;;;;;;;;;;;;;;;;;;;;;;;;;;;;;;;;;;;;;;;;;;;;;;;;;;;;;;;;;;;;;;;;;;;;;;;;;;;;;;;;;;;;;
02/01/2026;MEXICO - PEDIMENTOS IMPORTS;VENTOS, ESENCIAS Y QUIMICOS SA DE CV;MEXICO;ERNESTO VENTOS, S.A;SPAIN;3301299999 - ESSENTIAL OILS (TERPENELESS OR NOT), INCLUDING CONCRETE(..) ESSENTIAL OILS OTHER THAN THOSE OF CITRUS FRUIT:OTHER OTHER: OTHER;ACEITE ESENCIAL PIMIENTA ROSA;10,00;KILOGRAMS;2.460,80;IMPORT;MARITIME;DECLARATIONS;ERNESTO VENTOS, S.A.;;;;;;;;;;;;;;;;;;;;;;;;;;;;;;;;;;;;;;;;;;;;;;;;;;;;;;;;;;;;;;;;;;;;;;;;;;;;;;;;;;;;;;;;;;;;;;;;;;;;;;;;;;;;;;;;;;;;;;;;;;;;;;;;;;;;;;;;;;;;;;;;;;;;;;;;;;;;;;;;;;;;;;;;;;;;;;;;;;;;;;;;;;;;;;;;;;;;;;;;;;;;;;;;;;;;;;;;;;;;;;;;;;;;;;;;;;;;;;;;;;
02/01/2026;MEXICO - PEDIMENTOS IMPORTS;VENTOS, ESENCIAS Y QUIMICOS SA DE CV;MEXICO;ERNESTO VENTOS, S.A;INDIA;3301240100 - ESSENTIAL OILS (TERP(..) ESSENTIAL OILS OTHER THAN THOSE OF CITRUS FRUIT:OF PEPPERMINT (MENTHA(..) OF PEPPERMINT (MENTHA PIPERITA);ACEITE ESENCIAL DE MENTA PIPERITA;1.180,00;KILOGRAMS;27.144,51;IMPORT;MARITIME;DECLARATIONS;ERNESTO VENTOS, S.A.;;;;;;;;;;;;;;;;;;;;;;;;;;;;;;;;;;;;;;;;;;;;;;;;;;;;;;;;;;;;;;;;;;;;;;;;;;;;;;;;;;;;;;;;;;;;;;;;;;;;;;;;;;;;;;;;;;;;;;;;;;;;;;;;;;;;;;;;;;;;;;;;;;;;;;;;;;;;;;;;;;;;;;;;;;;;;;;;;;;;;;;;;;;;;;;;;;;;;;;;;;;;;;;;;;;;;;;;;;;;;;;;;;;;;;;;;;;;;;;;;;
02/01/2026;MEXICO - PEDIMENTOS IMPORTS;VENTOS, ESENCIAS Y QUIMICOS SA DE CV;MEXICO;ERNESTO VENTOS, S.A;MOROCCO;3301299999 - ESSENTIAL OILS (TERPENELESS OR NOT), INCLUDING CONCRETE(..) ESSENTIAL OILS OTHER THAN THOSE OF CITRUS FRUIT:OTHER OTHER: OTHER;ACEITE DE ROMERO;180,00;KILOGRAMS;11.964,23;IMPORT;MARITIME;DECLARATIONS;ERNESTO VENTOS, S.A.;;;;;;;;;;;;;;;;;;;;;;;;;;;;;;;;;;;;;;;;;;;;;;;;;;;;;;;;;;;;;;;;;;;;;;;;;;;;;;;;;;;;;;;;;;;;;;;;;;;;;;;;;;;;;;;;;;;;;;;;;;;;;;;;;;;;;;;;;;;;;;;;;;;;;;;;;;;;;;;;;;;;;;;;;;;;;;;;;;;;;;;;;;;;;;;;;;;;;;;;;;;;;;;;;;;;;;;;;;;;;;;;;;;;;;;;;;;;;;;;;;
02/01/2026;MEXICO - PEDIMENTOS IMPORTS;VENTOS, ESENCIAS Y QUIMICOS SA DE CV;MEXICO;ERNESTO VENTOS, S.A;FRANCE;3301299999 - ESSENTIAL OILS (TERPENELESS OR NOT), INCLUDING CONCRETE(..) ESSENTIAL OILS OTHER THAN THOSE OF CITRUS FRUIT:OTHER OTHER: OTHER;ABSOLUTO DE VIOLETA;1,00;KILOGRAMS;3.575,27;IMPORT;MARITIME;DECLARATIONS;ERNESTO VENTOS, S.A.;;;;;;;;;;;;;;;;;;;;;;;;;;;;;;;;;;;;;;;;;;;;;;;;;;;;;;;;;;;;;;;;;;;;;;;;;;;;;;;;;;;;;;;;;;;;;;;;;;;;;;;;;;;;;;;;;;;;;;;;;;;;;;;;;;;;;;;;;;;;;;;;;;;;;;;;;;;;;;;;;;;;;;;;;;;;;;;;;;;;;;;;;;;;;;;;;;;;;;;;;;;;;;;;;;;;;;;;;;;;;;;;;;;;;;;;;;;;;;;;;;
02/01/2026;MEXICO - PEDIMENTOS IMPORTS;VENTOS, ESENCIAS Y QUIMICOS SA DE CV;MEXICO;ERNESTO VENTOS, S.A;UNITED KINGDOM;3301299999 - ESSENTIAL OILS (TERPENELESS OR NOT), INCLUDING CONCRETE(..) ESSENTIAL OILS OTHER THAN THOSE OF CITRUS FRUIT:OTHER OTHER: OTHER;ABSOLUTO DE CERA DE ABEJAS;1,00;KILOGRAMS;1.837,99;IMPORT;MARITIME;DECLARATIONS;ERNESTO VENTOS, S.A.;;;;;;;;;;;;;;;;;;;;;;;;;;;;;;;;;;;;;;;;;;;;;;;;;;;;;;;;;;;;;;;;;;;;;;;;;;;;;;;;;;;;;;;;;;;;;;;;;;;;;;;;;;;;;;;;;;;;;;;;;;;;;;;;;;;;;;;;;;;;;;;;;;;;;;;;;;;;;;;;;;;;;;;;;;;;;;;;;;;;;;;;;;;;;;;;;;;;;;;;;;;;;;;;;;;;;;;;;;;;;;;;;;;;;;;;;;;;;;;;;;
02/01/2026;MEXICO - PEDIMENTOS IMPORTS;VENTOS, ESENCIAS Y QUIMICOS SA DE CV;MEXICO;ERNESTO VENTOS, S.A;UNITED STATES OF AMERICA;2932201199 - HETEROCYCLIC COMPOUNDS WITH OXYGEN HETERO-ATOM(S) ONLY. LACTONES LACTONES: OTHER;CIS-JASMONALACTONA;1,00;KILOGRAMS;1.405,94;IMPORT;MARITIME;DECLARATIONS;ERNESTO VENTOS, S.A.;;;;;;;;;;;;;;;;;;;;;;;;;;;;;;;;;;;;;;;;;;;;;;;;;;;;;;;;;;;;;;;;;;;;;;;;;;;;;;;;;;;;;;;;;;;;;;;;;;;;;;;;;;;;;;;;;;;;;;;;;;;;;;;;;;;;;;;;;;;;;;;;;;;;;;;;;;;;;;;;;;;;;;;;;;;;;;;;;;;;;;;;;;;;;;;;;;;;;;;;;;;;;;;;;;;;;;;;;;;;;;;;;;;;;;;;;;;;;;;;;;
02/01/2026;MEXICO - PEDIMENTOS IMPORTS;VENTOS, ESENCIAS Y QUIMICOS SA DE CV;MEXICO;ERNESTO VENTOS, S.A;SPAIN;"2925299900 - CARBOXYIMIDE -FUNCTION COMPOUNDS (INCLUDING SACCHARIN AND ITS SALT(..) IMINES AND THEIR DERIVATIVES; SALTS THEREOF:OTHER OTHER";AURANTIOL;200,00;KILOGRAMS;4.582,78;IMPORT;MARITIME;DECLARATIONS;ERNESTO VENTOS, S.A.;;;;;;;;;;;;;;;;;;;;;;;;;;;;;;;;;;;;;;;;;;;;;;;;;;;;;;;;;;;;;;;;;;;;;;;;;;;;;;;;;;;;;;;;;;;;;;;;;;;;;;;;;;;;;;;;;;;;;;;;;;;;;;;;;;;;;;;;;;;;;;;;;;;;;;;;;;;;;;;;;;;;;;;;;;;;;;;;;;;;;;;;;;;;;;;;;;;;;;;;;;;;;;;;;;;;;;;;;;;;;;;;;;;;;;;;;;;;;;;;;;
02/01/2026;MEXICO - PEDIMENTOS IMPORTS;VENTOS, ESENCIAS Y QUIMICOS SA DE CV;MEXICO;ERNESTO VENTOS, S.A;SPAIN;"2925299900 - CARBOXYIMIDE -FUNCTION COMPOUNDS (INCLUDING SACCHARIN AND ITS SALT(..) IMINES AND THEIR DERIVATIVES; SALTS THEREOF:OTHER OTHER";BASE DE SCHIFF LILIAL;150,00;KILOGRAMS;2.417,30;IMPORT;MARITIME;DECLARATIONS;ERNESTO VENTOS, S.A.;;;;;;;;;;;;;;;;;;;;;;;;;;;;;;;;;;;;;;;;;;;;;;;;;;;;;;;;;;;;;;;;;;;;;;;;;;;;;;;;;;;;;;;;;;;;;;;;;;;;;;;;;;;;;;;;;;;;;;;;;;;;;;;;;;;;;;;;;;;;;;;;;;;;;;;;;;;;;;;;;;;;;;;;;;;;;;;;;;;;;;;;;;;;;;;;;;;;;;;;;;;;;;;;;;;;;;;;;;;;;;;;;;;;;;;;;;;;;;;;;;
02/01/2026;MEXICO - PEDIMENTOS IMPORTS;VENTOS, ESENCIAS Y QUIMICOS SA DE CV;MEXICO;ERNESTO VENTOS, S.A;GERMANY;2918301099 - CARBOXYLIC ACIDS WIT(..) CARBOXYLIC ACIDS WIT(..) CARBOXYLIC ACIDS WITH ALDEHYDE OR KETONE FUNCTION BUT WITHOUT OTHER OXYGEN FUNCT(..);DIHIDROISOJASMONATO;50,00;KILOGRAMS;3.424,32;IMPORT;MARITIME;DECLARATIONS;ERNESTO VENTOS, S.A.;;;;;;;;;;;;;;;;;;;;;;;;;;;;;;;;;;;;;;;;;;;;;;;;;;;;;;;;;;;;;;;;;;;;;;;;;;;;;;;;;;;;;;;;;;;;;;;;;;;;;;;;;;;;;;;;;;;;;;;;;;;;;;;;;;;;;;;;;;;;;;;;;;;;;;;;;;;;;;;;;;;;;;;;;;;;;;;;;;;;;;;;;;;;;;;;;;;;;;;;;;;;;;;;;;;;;;;;;;;;;;;;;;;;;;;;;;;;;;;;;;
02/01/2026;MEXICO - PEDIMENTOS IMPORTS;VENTOS, ESENCIAS Y QUIMICOS SA DE CV;MEXICO;ERNESTO VENTOS, S.A;FRANCE;2916399999 - UNSATURATED       AC(..) AROMATIC MONOCARBOXYLIC ACIDS, THEIR ANHYDRIDES, HALIDES, PEROXIDES, PEROXYACIDS AND THE(..) OTHER: OTHER;CINAMATO DE ISOBUTILO;5,00;KILOGRAMS;322,31;IMPORT;MARITIME;DECLARATIONS;ERNESTO VENTOS, S.A.;;;;;;;;;;;;;;;;;;;;;;;;;;;;;;;;;;;;;;;;;;;;;;;;;;;;;;;;;;;;;;;;;;;;;;;;;;;;;;;;;;;;;;;;;;;;;;;;;;;;;;;;;;;;;;;;;;;;;;;;;;;;;;;;;;;;;;;;;;;;;;;;;;;;;;;;;;;;;;;;;;;;;;;;;;;;;;;;;;;;;;;;;;;;;;;;;;;;;;;;;;;;;;;;;;;;;;;;;;;;;;;;;;;;;;;;;;;;;;;;;;
02/01/2026;MEXICO - PEDIMENTOS IMPORTS;VENTOS, ESENCIAS Y QUIMICOS SA DE CV;MEXICO;ERNESTO VENTOS, S.A;GERMANY;2916399999 - UNSATURATED       AC(..) AROMATIC MONOCARBOXYLIC ACIDS, THEIR ANHYDRIDES, HALIDES, PEROXIDES, PEROXYACIDS AND THE(..) OTHER: OTHER;CINAMATO DE BENCILO;180,00;KILOGRAMS;2.990,54;IMPORT;MARITIME;DECLARATIONS;ERNESTO VENTOS, S.A.;;;;;;;;;;;;;;;;;;;;;;;;;;;;;;;;;;;;;;;;;;;;;;;;;;;;;;;;;;;;;;;;;;;;;;;;;;;;;;;;;;;;;;;;;;;;;;;;;;;;;;;;;;;;;;;;;;;;;;;;;;;;;;;;;;;;;;;;;;;;;;;;;;;;;;;;;;;;;;;;;;;;;;;;;;;;;;;;;;;;;;;;;;;;;;;;;;;;;;;;;;;;;;;;;;;;;;;;;;;;;;;;;;;;;;;;;;;;;;;;;;
02/01/2026;MEXICO - PEDIMENTOS IMPORTS;VENTOS, ESENCIAS Y QUIMICOS SA DE CV;MEXICO;ERNESTO VENTOS, S.A;CHINA;"2915909999 - SATURATED ACYCLIC MONOCARBOXYLIC ACIDS AND THEIR ANHYDRIDES, HALIDES, PEROXIDES AND PEROXYACIDS; THEIR (..) OTHER OTHER: OTHER";OCTANOATO DE ISOAMILO;5,00;KILOGRAMS;196,34;IMPORT;MARITIME;DECLARATIONS;ERNESTO VENTOS, S.A.;;;;;;;;;;;;;;;;;;;;;;;;;;;;;;;;;;;;;;;;;;;;;;;;;;;;;;;;;;;;;;;;;;;;;;;;;;;;;;;;;;;;;;;;;;;;;;;;;;;;;;;;;;;;;;;;;;;;;;;;;;;;;;;;;;;;;;;;;;;;;;;;;;;;;;;;;;;;;;;;;;;;;;;;;;;;;;;;;;;;;;;;;;;;;;;;;;;;;;;;;;;;;;;;;;;;;;;;;;;;;;;;;;;;;;;;;;;;;;;;;;
02/01/2026;MEXICO - PEDIMENTOS IMPORTS;VENTOS, ESENCIAS Y QUIMICOS SA DE CV;MEXICO;ERNESTO VENTOS, S.A;INDIA;2915509999 - SATURATED ACYCLIC MONOCARBOXYLIC ACIDS AND THEIR ANHYDRIDES, HALIDES, PE(..) PROPIONIC ACID, ITS SALTS AND ESTERS OTHER: OTHER;PROPIONATO DE CITRONELOL;25,00;KILOGRAMS;528,74;IMPORT;MARITIME;DECLARATIONS;ERNESTO VENTOS, S.A.;;;;;;;;;;;;;;;;;;;;;;;;;;;;;;;;;;;;;;;;;;;;;;;;;;;;;;;;;;;;;;;;;;;;;;;;;;;;;;;;;;;;;;;;;;;;;;;;;;;;;;;;;;;;;;;;;;;;;;;;;;;;;;;;;;;;;;;;;;;;;;;;;;;;;;;;;;;;;;;;;;;;;;;;;;;;;;;;;;;;;;;;;;;;;;;;;;;;;;;;;;;;;;;;;;;;;;;;;;;;;;;;;;;;;;;;;;;;;;;;;;
02/01/2026;MEXICO - PEDIMENTOS IMPORTS;VENTOS, ESENCIAS Y QUIMICOS SA DE CV;MEXICO;ERNESTO VENTOS, S.A;UNITED STATES OF AMERICA;2915509901 - SATURATED ACYCLIC MONOCARBOXYLIC ACIDS AND THEIR ANHYDRIDES, H(..) PROPIONIC ACID, ITS SALTS AND ESTERS OTHER: PROPIONIC ACID.;ACIDO PROPIONICO NATURAL;80,00;KILOGRAMS;5.869,67;IMPORT;MARITIME;DECLARATIONS;ERNESTO VENTOS, S.A.;;;;;;;;;;;;;;;;;;;;;;;;;;;;;;;;;;;;;;;;;;;;;;;;;;;;;;;;;;;;;;;;;;;;;;;;;;;;;;;;;;;;;;;;;;;;;;;;;;;;;;;;;;;;;;;;;;;;;;;;;;;;;;;;;;;;;;;;;;;;;;;;;;;;;;;;;;;;;;;;;;;;;;;;;;;;;;;;;;;;;;;;;;;;;;;;;;;;;;;;;;;;;;;;;;;;;;;;;;;;;;;;;;;;;;;;;;;;;;;;;;
02/01/2026;MEXICO - PEDIMENTOS IMPORTS;VENTOS, ESENCIAS Y QUIMICOS SA DE CV;MEXICO;ERNESTO VENTOS, S.A;CHINA;2915399999 - SATURATED ACYCLIC MONOCARBOXYLIC ACIDS AND THEIR ANHYDRIDES, HALIDES, PEROXIDES A(..) ESTERS OF ACETIC ACID:OTHER OTHER: OTHER;ACETATO DE OCTILO;10,00;KILOGRAMS;231,14;IMPORT;MARITIME;DECLARATIONS;ERNESTO VENTOS, S.A.;;;;;;;;;;;;;;;;;;;;;;;;;;;;;;;;;;;;;;;;;;;;;;;;;;;;;;;;;;;;;;;;;;;;;;;;;;;;;;;;;;;;;;;;;;;;;;;;;;;;;;;;;;;;;;;;;;;;;;;;;;;;;;;;;;;;;;;;;;;;;;;;;;;;;;;;;;;;;;;;;;;;;;;;;;;;;;;;;;;;;;;;;;;;;;;;;;;;;;;;;;;;;;;;;;;;;;;;;;;;;;;;;;;;;;;;;;;;;;;;;;
02/01/2026;MEXICO - PEDIMENTOS IMPORTS;VENTOS, ESENCIAS Y QUIMICOS SA DE CV;MEXICO;ERNESTO VENTOS, S.A;INDIA;"2915210100 - SATURATED ACYCLIC MONOCARBOXYLIC ACIDS AND THEIR ANHYD(..) ACETIC ACID AND ITS SALTS; ACETIC ANHYDRIDE:ACETIC ACID ACETIC ACID";ACIDO ACETICO;800,00;KILOGRAMS;2.738,05;IMPORT;MARITIME;DECLARATIONS;ERNESTO VENTOS, S.A.;;;;;;;;;;;;;;;;;;;;;;;;;;;;;;;;;;;;;;;;;;;;;;;;;;;;;;;;;;;;;;;;;;;;;;;;;;;;;;;;;;;;;;;;;;;;;;;;;;;;;;;;;;;;;;;;;;;;;;;;;;;;;;;;;;;;;;;;;;;;;;;;;;;;;;;;;;;;;;;;;;;;;;;;;;;;;;;;;;;;;;;;;;;;;;;;;;;;;;;;;;;;;;;;;;;;;;;;;;;;;;;;;;;;;;;;;;;;;;;;;;
02/01/2026;MEXICO - PEDIMENTOS IMPORTS;VENTOS, ESENCIAS Y QUIMICOS SA DE CV;MEXICO;ERNESTO VENTOS, S.A;SPAIN;2915399999 - SATURATED ACYCLIC MONOCARBOXYLIC ACIDS AND THEIR ANHYDRIDES, HALIDES, PEROXIDES A(..) ESTERS OF ACETIC ACID:OTHER OTHER: OTHER;ACETATO DE BORNILO;100,00;KILOGRAMS;2.743,85;IMPORT;MARITIME;DECLARATIONS;ERNESTO VENTOS, S.A.;;;;;;;;;;;;;;;;;;;;;;;;;;;;;;;;;;;;;;;;;;;;;;;;;;;;;;;;;;;;;;;;;;;;;;;;;;;;;;;;;;;;;;;;;;;;;;;;;;;;;;;;;;;;;;;;;;;;;;;;;;;;;;;;;;;;;;;;;;;;;;;;;;;;;;;;;;;;;;;;;;;;;;;;;;;;;;;;;;;;;;;;;;;;;;;;;;;;;;;;;;;;;;;;;;;;;;;;;;;;;;;;;;;;;;;;;;;;;;;;;;
02/01/2026;MEXICO - PEDIMENTOS IMPORTS;VENTOS, ESENCIAS Y QUIMICOS SA DE CV;MEXICO;ERNESTO VENTOS, S.A;SPAIN;2915399901 - SATURATED ACYCLIC MONOCARBOXYLIC ACIDS AND THEIR ANHYDRIDES, HALIDES, P(..) ESTERS OF ACETIC ACID:OTHER OTHER: METHYL ACETATE.;ACETATO DE METILO;370,00;KILOGRAMS;1.305,01;IMPORT;MARITIME;DECLARATIONS;ERNESTO VENTOS, S.A.;;;;;;;;;;;;;;;;;;;;;;;;;;;;;;;;;;;;;;;;;;;;;;;;;;;;;;;;;;;;;;;;;;;;;;;;;;;;;;;;;;;;;;;;;;;;;;;;;;;;;;;;;;;;;;;;;;;;;;;;;;;;;;;;;;;;;;;;;;;;;;;;;;;;;;;;;;;;;;;;;;;;;;;;;;;;;;;;;;;;;;;;;;;;;;;;;;;;;;;;;;;;;;;;;;;;;;;;;;;;;;;;;;;;;;;;;;;;;;;;;;
02/01/2026;MEXICO - PEDIMENTOS IMPORTS;VENTOS, ESENCIAS Y QUIMICOS SA DE CV;MEXICO;ERNESTO VENTOS, S.A;CHINA;2915709900 - SATURATED ACYCLIC MONOCARBOXYLIC ACIDS AND THEIR ANHYDRIDES, HAL(..) PALMITIC ACID, STEARIC ACID, THEIR SALTS AND ESTERS OTHER;PALMITATO DE ETILO;25,00;KILOGRAMS;352,42;IMPORT;MARITIME;DECLARATIONS;ERNESTO VENTOS, S.A.;;;;;;;;;;;;;;;;;;;;;;;;;;;;;;;;;;;;;;;;;;;;;;;;;;;;;;;;;;;;;;;;;;;;;;;;;;;;;;;;;;;;;;;;;;;;;;;;;;;;;;;;;;;;;;;;;;;;;;;;;;;;;;;;;;;;;;;;;;;;;;;;;;;;;;;;;;;;;;;;;;;;;;;;;;;;;;;;;;;;;;;;;;;;;;;;;;;;;;;;;;;;;;;;;;;;;;;;;;;;;;;;;;;;;;;;;;;;;;;;;;
02/01/2026;MEXICO - PEDIMENTOS IMPORTS;VENTOS, ESENCIAS Y QUIMICOS SA DE CV;MEXICO;ERNESTO VENTOS, S.A;SWITZERLAND;2915130100 - SATURATED ACYCLIC MONOCARBOXYLIC ACIDS AND T(..) FORMIC ACID, ITS SALTS AND ESTERS:ESTERS OF FORMIC ACID ESTERS OF FORMIC ACID;FORMIATO DE LINALILO;10,00;KILOGRAMS;1.893,30;IMPORT;MARITIME;DECLARATIONS;ERNESTO VENTOS, S.A.;;;;;;;;;;;;;;;;;;;;;;;;;;;;;;;;;;;;;;;;;;;;;;;;;;;;;;;;;;;;;;;;;;;;;;;;;;;;;;;;;;;;;;;;;;;;;;;;;;;;;;;;;;;;;;;;;;;;;;;;;;;;;;;;;;;;;;;;;;;;;;;;;;;;;;;;;;;;;;;;;;;;;;;;;;;;;;;;;;;;;;;;;;;;;;;;;;;;;;;;;;;;;;;;;;;;;;;;;;;;;;;;;;;;;;;;;;;;;;;;;;
02/01/2026;MEXICO - PEDIMENTOS IMPORTS;VENTOS, ESENCIAS Y QUIMICOS SA DE CV;MEXICO;ERNESTO VENTOS, S.A;ISRAEL;2914299900 - KETONES AND QUINONES, WHETHER OR NOT(..) CYCLANIC, CYCLENIC OR CYCLOTERPENIC KETONES WITHOUT OTHER OXYGEN FUNCTION:OTHER OTHER;MUSCOR;10,00;KILOGRAMS;5.992,29;IMPORT;MARITIME;DECLARATIONS;ERNESTO VENTOS, S.A.;;;;;;;;;;;;;;;;;;;;;;;;;;;;;;;;;;;;;;;;;;;;;;;;;;;;;;;;;;;;;;;;;;;;;;;;;;;;;;;;;;;;;;;;;;;;;;;;;;;;;;;;;;;;;;;;;;;;;;;;;;;;;;;;;;;;;;;;;;;;;;;;;;;;;;;;;;;;;;;;;;;;;;;;;;;;;;;;;;;;;;;;;;;;;;;;;;;;;;;;;;;;;;;;;;;;;;;;;;;;;;;;;;;;;;;;;;;;;;;;;;
02/01/2026;MEXICO - PEDIMENTOS IMPORTS;VENTOS, ESENCIAS Y QUIMICOS SA DE CV;MEXICO;ERNESTO VENTOS, S.A;GERMANY;2914299900 - KETONES AND QUINONES, WHETHER OR NOT(..) CYCLANIC, CYCLENIC OR CYCLOTERPENIC KETONES WITHOUT OTHER OXYGEN FUNCTION:OTHER OTHER;L-MENTONA;680,00;KILOGRAMS;12.496,77;IMPORT;MARITIME;DECLARATIONS;ERNESTO VENTOS, S.A.;;;;;;;;;;;;;;;;;;;;;;;;;;;;;;;;;;;;;;;;;;;;;;;;;;;;;;;;;;;;;;;;;;;;;;;;;;;;;;;;;;;;;;;;;;;;;;;;;;;;;;;;;;;;;;;;;;;;;;;;;;;;;;;;;;;;;;;;;;;;;;;;;;;;;;;;;;;;;;;;;;;;;;;;;;;;;;;;;;;;;;;;;;;;;;;;;;;;;;;;;;;;;;;;;;;;;;;;;;;;;;;;;;;;;;;;;;;;;;;;;;
02/01/2026;MEXICO - PEDIMENTOS IMPORTS;VENTOS, ESENCIAS Y QUIMICOS SA DE CV;MEXICO;ERNESTO VENTOS, S.A;CHINA;"2912199999 - ALDEHYDES, WHETHER OR NOT WITH OTHER OXYGEN FUNCTION; C(..) ACYCLIC ALDEHYDES WITHOUT OTHER OXYGEN FUNCTION:OTHER OTHER: OTHER";PROPIONALDEHIDO;100,00;KILOGRAMS;2.306,50;IMPORT;MARITIME;DECLARATIONS;ERNESTO VENTOS, S.A.;;;;;;;;;;;;;;;;;;;;;;;;;;;;;;;;;;;;;;;;;;;;;;;;;;;;;;;;;;;;;;;;;;;;;;;;;;;;;;;;;;;;;;;;;;;;;;;;;;;;;;;;;;;;;;;;;;;;;;;;;;;;;;;;;;;;;;;;;;;;;;;;;;;;;;;;;;;;;;;;;;;;;;;;;;;;;;;;;;;;;;;;;;;;;;;;;;;;;;;;;;;;;;;;;;;;;;;;;;;;;;;;;;;;;;;;;;;;;;;;;;
02/01/2026;MEXICO - PEDIMENTOS IMPORTS;VENTOS, ESENCIAS Y QUIMICOS SA DE CV;MEXICO;ERNESTO VENTOS, S.A;CHINA;2912499999 - ALDEHYDES, WHETHER OR NOT WI(..) ALDEHYDE-ETHERS, ALDEHYDE-PHENOLS AND ALDEHYDES WITH OTHER OXYGEN FUNCTION:OTHER OTHER: OTHER;ALDEHIDO VERATRICO;150,00;KILOGRAMS;2.704,43;IMPORT;MARITIME;DECLARATIONS;ERNESTO VENTOS, S.A.;;;;;;;;;;;;;;;;;;;;;;;;;;;;;;;;;;;;;;;;;;;;;;;;;;;;;;;;;;;;;;;;;;;;;;;;;;;;;;;;;;;;;;;;;;;;;;;;;;;;;;;;;;;;;;;;;;;;;;;;;;;;;;;;;;;;;;;;;;;;;;;;;;;;;;;;;;;;;;;;;;;;;;;;;;;;;;;;;;;;;;;;;;;;;;;;;;;;;;;;;;;;;;;;;;;;;;;;;;;;;;;;;;;;;;;;;;;;;;;;;;
02/01/2026;MEXICO - PEDIMENTOS IMPORTS;VENTOS, ESENCIAS Y QUIMICOS SA DE CV;MEXICO;ERNESTO VENTOS, S.A;SPAIN;2911000400 - ACETALS AND HEMIACET(..) ACETALS AND HEMIACET(..) ACETALS AND HEMIACETALS, WHETHER OR NOT WITH OTHER OXYGEN FUNCTION, AND THEIR HA(..);FORMALDEHIDO CICLODECIL ETIL ACETAL;25,00;KILOGRAMS;730,04;IMPORT;MARITIME;DECLARATIONS;ERNESTO VENTOS, S.A.;;;;;;;;;;;;;;;;;;;;;;;;;;;;;;;;;;;;;;;;;;;;;;;;;;;;;;;;;;;;;;;;;;;;;;;;;;;;;;;;;;;;;;;;;;;;;;;;;;;;;;;;;;;;;;;;;;;;;;;;;;;;;;;;;;;;;;;;;;;;;;;;;;;;;;;;;;;;;;;;;;;;;;;;;;;;;;;;;;;;;;;;;;;;;;;;;;;;;;;;;;;;;;;;;;;;;;;;;;;;;;;;;;;;;;;;;;;;;;;;;;
02/01/2026;MEXICO - PEDIMENTOS IMPORTS;VENTOS, ESENCIAS Y QUIMICOS SA DE CV;MEXICO;ERNESTO VENTOS, S.A;GERMANY;"2912199902 - ALDEHYDES, WHETHER OR NOT WITH OTHER OXYGEN FUNCTION; (..) ACYCLIC ALDEHYDES WITHOUT OTHER OXYGEN FUNCTION:OTHER OTHER: CITRAL";CITRAL EXTRA;340,00;KILOGRAMS;4.571,86;IMPORT;MARITIME;DECLARATIONS;ERNESTO VENTOS, S.A.;;;;;;;;;;;;;;;;;;;;;;;;;;;;;;;;;;;;;;;;;;;;;;;;;;;;;;;;;;;;;;;;;;;;;;;;;;;;;;;;;;;;;;;;;;;;;;;;;;;;;;;;;;;;;;;;;;;;;;;;;;;;;;;;;;;;;;;;;;;;;;;;;;;;;;;;;;;;;;;;;;;;;;;;;;;;;;;;;;;;;;;;;;;;;;;;;;;;;;;;;;;;;;;;;;;;;;;;;;;;;;;;;;;;;;;;;;;;;;;;;;
02/01/2026;MEXICO - PEDIMENTOS IMPORTS;VENTOS, ESENCIAS Y QUIMICOS SA DE CV;MEXICO;ERNESTO VENTOS, S.A;GERMANY;2909200100 - ETHERS, ETHER-ALCOHO(..) CYCLANIC, CYCLENIC O(..) CYCLANIC, CYCLENIC OR CYCLOTERPENIC ETHERS AND THEIR HALOGENATED, SULPHONATED, N(..);3,3,5-TRIMETILCICLOHEXIL ETIL ETER;155,00;KILOGRAMS;7.711,17;IMPORT;MARITIME;DECLARATIONS;ERNESTO VENTOS, S.A.;;;;;;;;;;;;;;;;;;;;;;;;;;;;;;;;;;;;;;;;;;;;;;;;;;;;;;;;;;;;;;;;;;;;;;;;;;;;;;;;;;;;;;;;;;;;;;;;;;;;;;;;;;;;;;;;;;;;;;;;;;;;;;;;;;;;;;;;;;;;;;;;;;;;;;;;;;;;;;;;;;;;;;;;;;;;;;;;;;;;;;;;;;;;;;;;;;;;;;;;;;;;;;;;;;;;;;;;;;;;;;;;;;;;;;;;;;;;;;;;;;
02/01/2026;MEXICO - PEDIMENTOS IMPORTS;VENTOS, ESENCIAS Y QUIMICOS SA DE CV;MEXICO;ERNESTO VENTOS, S.A;CHINA;2906299900 - CYCLIC ALCOHOLS AND THEIR HALOGENATED, SULPHONATED, NITRATED OR NITROSATED DERIVATIVES. AROMATIC:OTHER OTHER;DIMETIL FENIL ETIL CARBINOL;25,00;KILOGRAMS;881,16;IMPORT;MARITIME;DECLARATIONS;ERNESTO VENTOS, S.A.;;;;;;;;;;;;;;;;;;;;;;;;;;;;;;;;;;;;;;;;;;;;;;;;;;;;;;;;;;;;;;;;;;;;;;;;;;;;;;;;;;;;;;;;;;;;;;;;;;;;;;;;;;;;;;;;;;;;;;;;;;;;;;;;;;;;;;;;;;;;;;;;;;;;;;;;;;;;;;;;;;;;;;;;;;;;;;;;;;;;;;;;;;;;;;;;;;;;;;;;;;;;;;;;;;;;;;;;;;;;;;;;;;;;;;;;;;;;;;;;;;
02/01/2026;MEXICO - PEDIMENTOS IMPORTS;VENTOS, ESENCIAS Y QUIMICOS SA DE CV;MEXICO;ERNESTO VENTOS, S.A;SPAIN;2901299900 - ACYCLIC HYDROCARBONS. UNSATURATED:OTHER OTHER;MIRCENO;165,00;KILOGRAMS;7.061,99;IMPORT;MARITIME;DECLARATIONS;ERNESTO VENTOS, S.A.;;;;;;;;;;;;;;;;;;;;;;;;;;;;;;;;;;;;;;;;;;;;;;;;;;;;;;;;;;;;;;;;;;;;;;;;;;;;;;;;;;;;;;;;;;;;;;;;;;;;;;;;;;;;;;;;;;;;;;;;;;;;;;;;;;;;;;;;;;;;;;;;;;;;;;;;;;;;;;;;;;;;;;;;;;;;;;;;;;;;;;;;;;;;;;;;;;;;;;;;;;;;;;;;;;;;;;;;;;;;;;;;;;;;;;;;;;;;;;;;;;
02/01/2026;MEXICO - PEDIMENTOS IMPORTS;VENTOS, ESENCIAS Y QUIMICOS SA DE CV;MEXICO;ERNESTO VENTOS, S.A;GERMANY;2905170100 - ACYCLIC ALCOHOLS AND(..) SATURATED MONOHYDRIC(..) DODECAN-1-OL (LAURYL ALCOHOL), HEXADECAN-1-OL (CETYL ALCOHOL) AND OCTADECAN-1-OL(..);ALCOHOL LAURICO;340,00;KILOGRAMS;1.711,96;IMPORT;MARITIME;DECLARATIONS;ERNESTO VENTOS, S.A.;;;;;;;;;;;;;;;;;;;;;;;;;;;;;;;;;;;;;;;;;;;;;;;;;;;;;;;;;;;;;;;;;;;;;;;;;;;;;;;;;;;;;;;;;;;;;;;;;;;;;;;;;;;;;;;;;;;;;;;;;;;;;;;;;;;;;;;;;;;;;;;;;;;;;;;;;;;;;;;;;;;;;;;;;;;;;;;;;;;;;;;;;;;;;;;;;;;;;;;;;;;;;;;;;;;;;;;;;;;;;;;;;;;;;;;;;;;;;;;;;;
02/01/2026;MEXICO - PEDIMENTOS IMPORTS;VENTOS, ESENCIAS Y QUIMICOS SA DE CV;MEXICO;ERNESTO VENTOS, S.A;INDONESIA;2905220699 - ACYCLIC ALCOHOLS AND THEIR HALOGE(..) UNSATURATED MONOHYDRIC ALCOHOLS:ACYCLIC TERPENE ALCOHOLS ACYCLIC TERPENE ALCOHOLS: OTHER;RODINOL;20,00;KILOGRAMS;1.208,48;IMPORT;MARITIME;DECLARATIONS;ERNESTO VENTOS, S.A.;;;;;;;;;;;;;;;;;;;;;;;;;;;;;;;;;;;;;;;;;;;;;;;;;;;;;;;;;;;;;;;;;;;;;;;;;;;;;;;;;;;;;;;;;;;;;;;;;;;;;;;;;;;;;;;;;;;;;;;;;;;;;;;;;;;;;;;;;;;;;;;;;;;;;;;;;;;;;;;;;;;;;;;;;;;;;;;;;;;;;;;;;;;;;;;;;;;;;;;;;;;;;;;;;;;;;;;;;;;;;;;;;;;;;;;;;;;;;;;;;;
02/01/2026;MEXICO - PEDIMENTOS IMPORTS;VENTOS, ESENCIAS Y QUIMICOS SA DE CV;MEXICO;ERNESTO VENTOS, S.A;GERMANY;2905399999 - ACYCLIC ALCOHOLS AND THEIR HALOGENATED, SULPHONATED, NITRATED OR NITROSATED DERIVATIVES. DIOLS:OTHER OTHER: OTHER;HIDROXICITRONELOL;50,00;KILOGRAMS;2.920,84;IMPORT;MARITIME;DECLARATIONS;ERNESTO VENTOS, S.A.;;;;;;;;;;;;;;;;;;;;;;;;;;;;;;;;;;;;;;;;;;;;;;;;;;;;;;;;;;;;;;;;;;;;;;;;;;;;;;;;;;;;;;;;;;;;;;;;;;;;;;;;;;;;;;;;;;;;;;;;;;;;;;;;;;;;;;;;;;;;;;;;;;;;;;;;;;;;;;;;;;;;;;;;;;;;;;;;;;;;;;;;;;;;;;;;;;;;;;;;;;;;;;;;;;;;;;;;;;;;;;;;;;;;;;;;;;;;;;;;;;
02/01/2026;MEXICO - PEDIMENTOS IMPORTS;VENTOS, ESENCIAS Y QUIMICOS SA DE CV;MEXICO;ERNESTO VENTOS, S.A;GERMANY;2905199901 - ACYCLIC ALCOHOLS AND THEIR HALOGENATED, SULPHONATED(..) SATURATED MONOHYDRIC ALCOHOLS:OTHER OTHER: DECYL OR PENTADECYL ALCOHOL;ALCOHOL C-10;680,00;KILOGRAMS;4.899,29;IMPORT;MARITIME;DECLARATIONS;ERNESTO VENTOS, S.A.;;;;;;;;;;;;;;;;;;;;;;;;;;;;;;;;;;;;;;;;;;;;;;;;;;;;;;;;;;;;;;;;;;;;;;;;;;;;;;;;;;;;;;;;;;;;;;;;;;;;;;;;;;;;;;;;;;;;;;;;;;;;;;;;;;;;;;;;;;;;;;;;;;;;;;;;;;;;;;;;;;;;;;;;;;;;;;;;;;;;;;;;;;;;;;;;;;;;;;;;;;;;;;;;;;;;;;;;;;;;;;;;;;;;;;;;;;;;;;;;;;
02/01/2026;MEXICO - PEDIMENTOS IMPORTS;VENTOS, ESENCIAS Y QUIMICOS SA DE CV;MEXICO;ERNESTO VENTOS, S.A;UNITED KINGDOM;"1301909900 - LAC; NATURAL GUMS, RESINS, GUM-RESINS AND OLEORESINS (FOR EXAMPLE, BALSAMS). OTHER OTHER";BALSAMO DE TOLU;10,00;KILOGRAMS;2.104,81;IMPORT;MARITIME;DECLARATIONS;ERNESTO VENTOS, S.A.;;;;;;;;;;;;;;;;;;;;;;;;;;;;;;;;;;;;;;;;;;;;;;;;;;;;;;;;;;;;;;;;;;;;;;;;;;;;;;;;;;;;;;;;;;;;;;;;;;;;;;;;;;;;;;;;;;;;;;;;;;;;;;;;;;;;;;;;;;;;;;;;;;;;;;;;;;;;;;;;;;;;;;;;;;;;;;;;;;;;;;;;;;;;;;;;;;;;;;;;;;;;;;;;;;;;;;;;;;;;;;;;;;;;;;;;;;;;;;;;;;
02/01/2026;SRI LANKA - EXPORT;ERNESTO VENTOS;SPAIN;L B SPICE TRADING PVT;SRI LANKA;"33019030 - ESSENTIAL OILS (TERPENELESS OR NOT), INCLUDING CONCRETES AND ABSOLUTES; RESINOIDS; E(..) OTHER OTHER : OTHER, OF CINNAMON LEAF";OTHER, OF CINNAMON LEAF,;1.054,90;KILOGRAMS;18.800,00;EXPORT;MARITIME;DECLARATIONS;L B SPICE TRADING PVT LTD;;;;;;;;;;;;;;;;;;;;;;;;;;;;;;;;;;;;;;;;;;;;;;;;;;;;;;;;;;;;;;;;;;;;;;;;;;;;;;;;;;;;;;;;;;;;;;;;;;;;;;;;;;;;;;;;;;;;;;;;;;;;;;;;;;;;;;;;;;;;;;;;;;;;;;;;;;;;;;;;;;;;;;;;;;;;;;;;;;;;;;;;;;;;;;;;;;;;;;;;;;;;;;;;;;;;;;;;;;;;;;;;;;;;;;;;;;;;;;;;;;
02/01/2026;COLOMBIA - IMPORT;VENTOS COLOMBIA S.A.S.;COLOMBIA;ERNESTO VENTOS;CHINA;2915601900 - SATURATED ACYCLIC MONO(..) BUTANOIC ACIDS, PENTANOIC ACIDS, THEIR SALTS AND ESTERS BUTANOIC ACIDS, ITS SALTS AND ESTERS: OTHER;DO: 01255645,, DECLARACION 1 DE 1, // FACTURA: O37378, FECHA: 09-12-2025 MERCANC¿A NUEVA. NOS ACOGEMOS AL DECRETO 0925 DE 2013, MERCANCIA POR SU USO NO REQUIERE DE NINGUN VISTO BUENO. PRODUCTO PARA LA INDUSTRIA INTERMEDIA. MATERIA PRIMA PARA HACER OTRA MATERIA PRIMA. PRODUCTO: 2-METILBUTIRATO DE METILO, NOMBRE COMERCIAL: METHYL 2-METHYLBUTYRATE,NO. CAS (N¿MERO DE REGISTRO DEL CHEMICAL ABSTRACTS SERVICE): 868-57-5, CALIDAD: FD&C AL 100%, ASPECTO F¿SICO: LIQUIDO FLUIDO TRANSPARENTE, CONCENTRACI¿N: AL 100%, TIPO DE EMPAQUE: 2 TAMBORES DE PLASTICO DE 25KG. CADA UNO EN CAJAS DE CARTON, USO: MATERIA PRIMA USADA EN LA FABRICACION DE FRAGANCIAS PARA AROMATIZAR JABONERIA, DESODORANTES, AMBIENTADORES Y PRODUCTOS DE ASEO DOMESTICO. SECTOR AL CUAL VA DIRIGIDO: INDUSTRIA INTERMEDIA DE FRAGANCIAS, MARCA: VENTOS LOTE: L4655521. FECHA DE ELABORACION: JULIO 2025. FECHA DE VENCIMIENTO: JULIO DE 2027. MERCANCIA PELIGROSA UN3272 3 II PAIS DE ORIGEN: CHINA(215) 50 KILOGRAMO (ITEM 1);50,00;KILOGRAMS;1.055,47;IMPORT;AIR;DECLARATIONS;ERNESTO VENTOS S.A.;;;;;;;;;;;;;;;;;;;;;;;;;;;;;;;;;;;;;;;;;;;;;;;;;;;;;;;;;;;;;;;;;;;;;;;;;;;;;;;;;;;;;;;;;;;;;;;;;;;;;;;;;;;;;;;;;;;;;;;;;;;;;;;;;;;;;;;;;;;;;;;;;;;;;;;;;;;;;;;;;;;;;;;;;;;;;;;;;;;;;;;;;;;;;;;;;;;;;;;;;;;;;;;;;;;;;;;;;;;;;;;;;;;;;;;;;;;;;;;;;;
02/01/2026;COLOMBIA - IMPORT;LA TOUR S.A.;COLOMBIA;ERNESTO VENTOS;INDIA;3301299000 - ESSENTIAL OILS (TERPENELESS OR NOT), INCLUDING CONCRETES AND A(..) ESSENTIAL OILS OTHER THAN THOSE OF CITRUS FRUIT:OTHER OTHER;"DO IBOG7131,PEDIDO IMP5564,FORMATO 1 DE 1; FACTURA(S)...O37357 09/12/2025;LEGALIZACION DE MERCANCIA NO AMPARADA EN DOCUMENTO DE TRANSPORTE, DECLARACION DE LEGALIZACION SIN PAGO POR CONCEPTO DE RESCATE ART 290 NUMERAL 4 D.1165/2019 Y ART 80 RESOLUCION 046; MERCANCIA QUE NO REQUIERE REGISTRO DE IMPORTACION DECRETO 925 DE MAYO 9/2013;; 25.00 KILOSPRODUCTO: PIMIENTA NEGRA A.E. ORIGEN: FRUTOS DE LA PLANTA PIPER NIGRUM L. ASPECTO F¿SICO: LIQUIDO. FORMA DE PRESENTACI¿N Y EMPAQUE: 1 ENVASE PLASTICO X 25 KG. USO: INDUSTRIAL- MATERIA PRIMA PARA LA ELABORACION DE PRODUCTOS INTERMEDIOS (FRAGANCIAS Y SABORIZANTES), POR PARTE DE LA INDUSTRIA DE SABORES Y FRAGANCIAS. NO ES PRODUCTO DE CONSUMO.MARCA: VENT¿S. REFERENCIA: NO TIENE. NO CAS: 84929-41-9/ 8006-82-4. EINESS284-52Y-7. LOTE: L4683563(25KG). UN1197.;";25,00;KILOGRAMS;2.511,53;IMPORT;AIR;DECLARATIONS;ERNESTO VENTOS SA;;;;;;;;;;;;;;;;;;;;;;;;;;;;;;;;;;;;;;;;;;;;;;;;;;;;;;;;;;;;;;;;;;;;;;;;;;;;;;;;;;;;;;;;;;;;;;;;;;;;;;;;;;;;;;;;;;;;;;;;;;;;;;;;;;;;;;;;;;;;;;;;;;;;;;;;;;;;;;;;;;;;;;;;;;;;;;;;;;;;;;;;;;;;;;;;;;;;;;;;;;;;;;;;;;;;;;;;;;;;;;;;;;;;;;;;;;;;;;;;;;
